 
:: WARNING: setvars.sh has already been run. Skipping re-execution.
   To force a re-execution of setvars.sh, use the '--force' option.
   Using '--force' can result in excessive use of your environment variables.
  
usage: source setvars.sh [--force] [--config=file] [--help] [...]
  --force        Force setvars.sh to re-run, doing so may overload environment.
  --config=file  Customize env vars using a setvars.sh configuration file.
  --help         Display this help message and exit.
  ...            Additional args are passed to individual env/vars.sh scripts
                 and should follow this script's arguments.
  
  Some POSIX shells do not accept command-line options. In that case, you can pass
  command-line options via the SETVARS_ARGS environment variable. For example:
  
  $ SETVARS_ARGS="--config=config.txt" ; export SETVARS_ARGS
  $ . path/to/setvars.sh
  
  The SETVARS_ARGS environment variable is cleared on exiting setvars.sh.
  
The oneAPI toolkits no longer support 32-bit libraries, starting with the 2025.0 toolkit release. See the oneAPI release notes for more details.
  
-- The C compiler identification is IntelLLVM 2026.1.0
-- The CXX compiler identification is IntelLLVM 2026.1.0
-- Detecting C compiler ABI info
-- Detecting C compiler ABI info - done
-- Check for working C compiler: /opt/intel/oneapi/compiler/2026.1/bin/icx - skipped
-- Detecting C compile features
-- Detecting C compile features - done
-- Detecting CXX compiler ABI info
-- Detecting CXX compiler ABI info - done
-- Check for working CXX compiler: /opt/intel/oneapi/compiler/2026.1/bin/icpx - skipped
-- Detecting CXX compile features
-- Detecting CXX compile features - done
-- llama.cpp version: 0.4.1-dev
CMAKE_BUILD_TYPE=Release
-- Found Git: /usr/bin/git (found version "2.53.0")
-- The ASM compiler identification is IntelLLVM
-- Found assembler: /opt/intel/oneapi/compiler/2026.1/bin/icx
-- Performing Test CMAKE_HAVE_LIBC_PTHREAD
-- Performing Test CMAKE_HAVE_LIBC_PTHREAD - Success
-- Found Threads: TRUE
-- Warning: ccache not found - consider installing it for faster compilation or disable this warning with GGML_CCACHE=OFF
-- CMAKE_SYSTEM_PROCESSOR: x86_64
-- GGML_SYSTEM_ARCH: x86
-- Found OpenMP_C: -fiopenmp (found version "5.1")
-- Found OpenMP_CXX: -fiopenmp (found version "5.1")
-- Found OpenMP: TRUE (found version "5.1")
-- Including CPU backend
-- x86 detected
-- Adding CPU backend variant ggml-cpu: -march=native 
-- GGML_SYCL_TARGET=INTEL
-- Performing Test SUPPORTS_SYCL
-- Performing Test SUPPORTS_SYCL - Success
-- Using oneAPI Release SYCL compiler (icpx).
-- SYCL found
-- SYCL Compiler version: 20260100
-- SYCL_INCLUDE_DIR: /opt/intel/oneapi/compiler/2026.1/include
-- SYCL_LIBRARY=/opt/intel/oneapi/compiler/2026.1/lib/libsycl.so
-- Found IntelSYCL: /opt/intel/oneapi/compiler/2026.1/include (found version "202012")
-- GGML_SYCL_SUPPORT_LEVEL_ZERO_API ON
-- Level Zero loader found: /usr/lib/x86_64-linux-gnu/libze_loader.so
-- Level Zero development headers found: /usr/include
-- Found oneDNN: /opt/intel/oneapi/dnnl/2026.0/lib/libdnnl.so.3.11
-- MKL_VERSION: 2026.1.0
-- MKL_ROOT: /opt/intel/oneapi/mkl/2026.1
-- MKL_ARCH: intel64
-- MKL_SYCL_LINK: None, set to ` dynamic` by default
-- MKL_LINK: None, set to ` dynamic` by default
-- MKL_SYCL_INTERFACE_FULL: None, set to ` intel_ilp64` by default
-- MKL_INTERFACE_FULL: None, set to ` intel_ilp64` by default
-- MKL_SYCL_THREADING: None, set to ` tbb_thread` by default
-- MKL_THREADING: None, set to ` intel_thread` by default
-- MKL_SYCL_MPI: None, set to ` intelmpi` by default
-- MKL_MPI: None, set to ` intelmpi` by default
-- Found /opt/intel/oneapi/mkl/2026.1/lib/libmkl_scalapack_ilp64.so
-- Found /opt/intel/oneapi/mkl/2026.1/lib/libmkl_cdft_core.so
-- Found /opt/intel/oneapi/mkl/2026.1/lib/libmkl_intel_ilp64.so
-- Found /opt/intel/oneapi/mkl/2026.1/lib/libmkl_intel_thread.so
-- Found /opt/intel/oneapi/mkl/2026.1/lib/libmkl_core.so
-- Found /opt/intel/oneapi/mkl/2026.1/lib/libmkl_blacs_intelmpi_ilp64.so
-- Found /opt/intel/oneapi/mkl/2026.1/lib/libmkl_sycl_distributed_dft.so
-- Found /opt/intel/oneapi/mkl/2026.1/lib/libmkl_sycl_blas.so
-- Found /opt/intel/oneapi/mkl/2026.1/lib/libmkl_sycl_lapack.so
-- Found /opt/intel/oneapi/mkl/2026.1/lib/libmkl_sycl_dft.so
-- Found /opt/intel/oneapi/mkl/2026.1/lib/libmkl_sycl_sparse.so
-- Found /opt/intel/oneapi/mkl/2026.1/lib/libmkl_sycl_data_fitting.so
-- Found /opt/intel/oneapi/mkl/2026.1/lib/libmkl_sycl_rng.so
-- Found /opt/intel/oneapi/mkl/2026.1/lib/libmkl_sycl_stats.so
-- Found /opt/intel/oneapi/mkl/2026.1/lib/libmkl_sycl_vm.so
-- Found /opt/intel/oneapi/mkl/2026.1/lib/libmkl_tbb_thread.so
-- Found /opt/intel/oneapi/tbb/2023.1/lib/intel64/gcc4.8/libtbb.so.12
-- Found /opt/intel/oneapi/compiler/2026.1/lib/libiomp5.so
-- find GGML_SYCL_GRAPH
-- find GGML_SYCL_HOST_MEM_FALLBACK
-- Including SYCL backend
-- ggml version: 0.24.0
-- ggml commit:  477a1f1f3
-- Generating embedded license file for target: llama-app
-- Configuring done (4.2s)
-- Generating done (0.4s)
-- Build files have been written to: /home/jianyuzh/ws/llama.cpp/auto_ci/28725/aicss-genai_sycl-graph-record-replay/build
Change Dir: '/home/jianyuzh/ws/llama.cpp/auto_ci/28725/aicss-genai_sycl-graph-record-replay/build'

Run Build Command(s): /usr/bin/cmake -E env VERBOSE=1 /usr/bin/gmake -f Makefile -j48
/usr/bin/cmake -S/home/jianyuzh/ws/llama.cpp/auto_ci/28725/aicss-genai_sycl-graph-record-replay -B/home/jianyuzh/ws/llama.cpp/auto_ci/28725/aicss-genai_sycl-graph-record-replay/build --check-build-system CMakeFiles/Makefile.cmake 0
/usr/bin/cmake -E cmake_progress_start /home/jianyuzh/ws/llama.cpp/auto_ci/28725/aicss-genai_sycl-graph-record-replay/build/CMakeFiles /home/jianyuzh/ws/llama.cpp/auto_ci/28725/aicss-genai_sycl-graph-record-replay/build//CMakeFiles/progress.marks
/usr/bin/gmake  -f CMakeFiles/Makefile2 all
gmake[1]: Entering directory '/home/jianyuzh/ws/llama.cpp/auto_ci/28725/aicss-genai_sycl-graph-record-replay/build'
/usr/bin/gmake  -f ggml/src/CMakeFiles/ggml-base.dir/build.make ggml/src/CMakeFiles/ggml-base.dir/depend
/usr/bin/gmake  -f vendor/hash/CMakeFiles/vendor-hash.dir/build.make vendor/hash/CMakeFiles/vendor-hash.dir/depend
/usr/bin/gmake  -f vendor/cpp-httplib/CMakeFiles/cpp-httplib.dir/build.make vendor/cpp-httplib/CMakeFiles/cpp-httplib.dir/depend
/usr/bin/gmake  -f common/CMakeFiles/llama-common-base.dir/build.make common/CMakeFiles/llama-common-base.dir/depend
/usr/bin/gmake  -f tools/ui/CMakeFiles/llama-ui-assets.dir/build.make tools/ui/CMakeFiles/llama-ui-assets.dir/depend
gmake[2]: Entering directory '/home/jianyuzh/ws/llama.cpp/auto_ci/28725/aicss-genai_sycl-graph-record-replay/build'
cd /home/jianyuzh/ws/llama.cpp/auto_ci/28725/aicss-genai_sycl-graph-record-replay/build && /usr/bin/cmake -E cmake_depends "Unix Makefiles" /home/jianyuzh/ws/llama.cpp/auto_ci/28725/aicss-genai_sycl-graph-record-replay /home/jianyuzh/ws/llama.cpp/auto_ci/28725/aicss-genai_sycl-graph-record-replay/vendor/hash /home/jianyuzh/ws/llama.cpp/auto_ci/28725/aicss-genai_sycl-graph-record-replay/build /home/jianyuzh/ws/llama.cpp/auto_ci/28725/aicss-genai_sycl-graph-record-replay/build/vendor/hash /home/jianyuzh/ws/llama.cpp/auto_ci/28725/aicss-genai_sycl-graph-record-replay/build/vendor/hash/CMakeFiles/vendor-hash.dir/DependInfo.cmake "--color=" vendor-hash
gmake[2]: Entering directory '/home/jianyuzh/ws/llama.cpp/auto_ci/28725/aicss-genai_sycl-graph-record-replay/build'
cd /home/jianyuzh/ws/llama.cpp/auto_ci/28725/aicss-genai_sycl-graph-record-replay/build && /usr/bin/cmake -E cmake_depends "Unix Makefiles" /home/jianyuzh/ws/llama.cpp/auto_ci/28725/aicss-genai_sycl-graph-record-replay /home/jianyuzh/ws/llama.cpp/auto_ci/28725/aicss-genai_sycl-graph-record-replay/ggml/src /home/jianyuzh/ws/llama.cpp/auto_ci/28725/aicss-genai_sycl-graph-record-replay/build /home/jianyuzh/ws/llama.cpp/auto_ci/28725/aicss-genai_sycl-graph-record-replay/build/ggml/src /home/jianyuzh/ws/llama.cpp/auto_ci/28725/aicss-genai_sycl-graph-record-replay/build/ggml/src/CMakeFiles/ggml-base.dir/DependInfo.cmake "--color=" ggml-base
/usr/bin/gmake  -f tools/mtmd/CMakeFiles/llama-llava-cli.dir/build.make tools/mtmd/CMakeFiles/llama-llava-cli.dir/depend
/usr/bin/gmake  -f tools/mtmd/CMakeFiles/llama-gemma3-cli.dir/build.make tools/mtmd/CMakeFiles/llama-gemma3-cli.dir/depend
gmake[2]: Entering directory '/home/jianyuzh/ws/llama.cpp/auto_ci/28725/aicss-genai_sycl-graph-record-replay/build'
cd /home/jianyuzh/ws/llama.cpp/auto_ci/28725/aicss-genai_sycl-graph-record-replay/build && /usr/bin/cmake -E cmake_depends "Unix Makefiles" /home/jianyuzh/ws/llama.cpp/auto_ci/28725/aicss-genai_sycl-graph-record-replay /home/jianyuzh/ws/llama.cpp/auto_ci/28725/aicss-genai_sycl-graph-record-replay/common /home/jianyuzh/ws/llama.cpp/auto_ci/28725/aicss-genai_sycl-graph-record-replay/build /home/jianyuzh/ws/llama.cpp/auto_ci/28725/aicss-genai_sycl-graph-record-replay/build/common /home/jianyuzh/ws/llama.cpp/auto_ci/28725/aicss-genai_sycl-graph-record-replay/build/common/CMakeFiles/llama-common-base.dir/DependInfo.cmake "--color=" llama-common-base
/usr/bin/gmake  -f tools/mtmd/CMakeFiles/llama-minicpmv-cli.dir/build.make tools/mtmd/CMakeFiles/llama-minicpmv-cli.dir/depend
gmake[2]: Entering directory '/home/jianyuzh/ws/llama.cpp/auto_ci/28725/aicss-genai_sycl-graph-record-replay/build'
cd /home/jianyuzh/ws/llama.cpp/auto_ci/28725/aicss-genai_sycl-graph-record-replay/build && /usr/bin/cmake -E cmake_depends "Unix Makefiles" /home/jianyuzh/ws/llama.cpp/auto_ci/28725/aicss-genai_sycl-graph-record-replay /home/jianyuzh/ws/llama.cpp/auto_ci/28725/aicss-genai_sycl-graph-record-replay/vendor/cpp-httplib /home/jianyuzh/ws/llama.cpp/auto_ci/28725/aicss-genai_sycl-graph-record-replay/build /home/jianyuzh/ws/llama.cpp/auto_ci/28725/aicss-genai_sycl-graph-record-replay/build/vendor/cpp-httplib /home/jianyuzh/ws/llama.cpp/auto_ci/28725/aicss-genai_sycl-graph-record-replay/build/vendor/cpp-httplib/CMakeFiles/cpp-httplib.dir/DependInfo.cmake "--color=" cpp-httplib
/usr/bin/gmake  -f tools/mtmd/CMakeFiles/llama-qwen2vl-cli.dir/build.make tools/mtmd/CMakeFiles/llama-qwen2vl-cli.dir/depend
gmake[2]: Entering directory '/home/jianyuzh/ws/llama.cpp/auto_ci/28725/aicss-genai_sycl-graph-record-replay/build'
cd /home/jianyuzh/ws/llama.cpp/auto_ci/28725/aicss-genai_sycl-graph-record-replay/build && /usr/bin/cmake -E cmake_depends "Unix Makefiles" /home/jianyuzh/ws/llama.cpp/auto_ci/28725/aicss-genai_sycl-graph-record-replay /home/jianyuzh/ws/llama.cpp/auto_ci/28725/aicss-genai_sycl-graph-record-replay/tools/ui /home/jianyuzh/ws/llama.cpp/auto_ci/28725/aicss-genai_sycl-graph-record-replay/build /home/jianyuzh/ws/llama.cpp/auto_ci/28725/aicss-genai_sycl-graph-record-replay/build/tools/ui /home/jianyuzh/ws/llama.cpp/auto_ci/28725/aicss-genai_sycl-graph-record-replay/build/tools/ui/CMakeFiles/llama-ui-assets.dir/DependInfo.cmake "--color=" llama-ui-assets
gmake[2]: Entering directory '/home/jianyuzh/ws/llama.cpp/auto_ci/28725/aicss-genai_sycl-graph-record-replay/build'
cd /home/jianyuzh/ws/llama.cpp/auto_ci/28725/aicss-genai_sycl-graph-record-replay/build && /usr/bin/cmake -E cmake_depends "Unix Makefiles" /home/jianyuzh/ws/llama.cpp/auto_ci/28725/aicss-genai_sycl-graph-record-replay /home/jianyuzh/ws/llama.cpp/auto_ci/28725/aicss-genai_sycl-graph-record-replay/tools/mtmd /home/jianyuzh/ws/llama.cpp/auto_ci/28725/aicss-genai_sycl-graph-record-replay/build /home/jianyuzh/ws/llama.cpp/auto_ci/28725/aicss-genai_sycl-graph-record-replay/build/tools/mtmd /home/jianyuzh/ws/llama.cpp/auto_ci/28725/aicss-genai_sycl-graph-record-replay/build/tools/mtmd/CMakeFiles/llama-llava-cli.dir/DependInfo.cmake "--color=" llama-llava-cli
gmake[2]: Entering directory '/home/jianyuzh/ws/llama.cpp/auto_ci/28725/aicss-genai_sycl-graph-record-replay/build'
cd /home/jianyuzh/ws/llama.cpp/auto_ci/28725/aicss-genai_sycl-graph-record-replay/build && /usr/bin/cmake -E cmake_depends "Unix Makefiles" /home/jianyuzh/ws/llama.cpp/auto_ci/28725/aicss-genai_sycl-graph-record-replay /home/jianyuzh/ws/llama.cpp/auto_ci/28725/aicss-genai_sycl-graph-record-replay/tools/mtmd /home/jianyuzh/ws/llama.cpp/auto_ci/28725/aicss-genai_sycl-graph-record-replay/build /home/jianyuzh/ws/llama.cpp/auto_ci/28725/aicss-genai_sycl-graph-record-replay/build/tools/mtmd /home/jianyuzh/ws/llama.cpp/auto_ci/28725/aicss-genai_sycl-graph-record-replay/build/tools/mtmd/CMakeFiles/llama-gemma3-cli.dir/DependInfo.cmake "--color=" llama-gemma3-cli
gmake[2]: Entering directory '/home/jianyuzh/ws/llama.cpp/auto_ci/28725/aicss-genai_sycl-graph-record-replay/build'
cd /home/jianyuzh/ws/llama.cpp/auto_ci/28725/aicss-genai_sycl-graph-record-replay/build && /usr/bin/cmake -E cmake_depends "Unix Makefiles" /home/jianyuzh/ws/llama.cpp/auto_ci/28725/aicss-genai_sycl-graph-record-replay /home/jianyuzh/ws/llama.cpp/auto_ci/28725/aicss-genai_sycl-graph-record-replay/tools/mtmd /home/jianyuzh/ws/llama.cpp/auto_ci/28725/aicss-genai_sycl-graph-record-replay/build /home/jianyuzh/ws/llama.cpp/auto_ci/28725/aicss-genai_sycl-graph-record-replay/build/tools/mtmd /home/jianyuzh/ws/llama.cpp/auto_ci/28725/aicss-genai_sycl-graph-record-replay/build/tools/mtmd/CMakeFiles/llama-minicpmv-cli.dir/DependInfo.cmake "--color=" llama-minicpmv-cli
gmake[2]: Entering directory '/home/jianyuzh/ws/llama.cpp/auto_ci/28725/aicss-genai_sycl-graph-record-replay/build'
cd /home/jianyuzh/ws/llama.cpp/auto_ci/28725/aicss-genai_sycl-graph-record-replay/build && /usr/bin/cmake -E cmake_depends "Unix Makefiles" /home/jianyuzh/ws/llama.cpp/auto_ci/28725/aicss-genai_sycl-graph-record-replay /home/jianyuzh/ws/llama.cpp/auto_ci/28725/aicss-genai_sycl-graph-record-replay/tools/mtmd /home/jianyuzh/ws/llama.cpp/auto_ci/28725/aicss-genai_sycl-graph-record-replay/build /home/jianyuzh/ws/llama.cpp/auto_ci/28725/aicss-genai_sycl-graph-record-replay/build/tools/mtmd /home/jianyuzh/ws/llama.cpp/auto_ci/28725/aicss-genai_sycl-graph-record-replay/build/tools/mtmd/CMakeFiles/llama-qwen2vl-cli.dir/DependInfo.cmake "--color=" llama-qwen2vl-cli
gmake[2]: Leaving directory '/home/jianyuzh/ws/llama.cpp/auto_ci/28725/aicss-genai_sycl-graph-record-replay/build'
/usr/bin/gmake  -f vendor/hash/CMakeFiles/vendor-hash.dir/build.make vendor/hash/CMakeFiles/vendor-hash.dir/build
gmake[2]: Leaving directory '/home/jianyuzh/ws/llama.cpp/auto_ci/28725/aicss-genai_sycl-graph-record-replay/build'
/usr/bin/gmake  -f ggml/src/CMakeFiles/ggml-base.dir/build.make ggml/src/CMakeFiles/ggml-base.dir/build
gmake[2]: Entering directory '/home/jianyuzh/ws/llama.cpp/auto_ci/28725/aicss-genai_sycl-graph-record-replay/build'
gmake[2]: Entering directory '/home/jianyuzh/ws/llama.cpp/auto_ci/28725/aicss-genai_sycl-graph-record-replay/build'
gmake[2]: Leaving directory '/home/jianyuzh/ws/llama.cpp/auto_ci/28725/aicss-genai_sycl-graph-record-replay/build'
/usr/bin/gmake  -f common/CMakeFiles/llama-common-base.dir/build.make common/CMakeFiles/llama-common-base.dir/build
gmake[2]: Leaving directory '/home/jianyuzh/ws/llama.cpp/auto_ci/28725/aicss-genai_sycl-graph-record-replay/build'
gmake[2]: Entering directory '/home/jianyuzh/ws/llama.cpp/auto_ci/28725/aicss-genai_sycl-graph-record-replay/build'
/usr/bin/gmake  -f tools/mtmd/CMakeFiles/llama-gemma3-cli.dir/build.make tools/mtmd/CMakeFiles/llama-gemma3-cli.dir/build
gmake[2]: Leaving directory '/home/jianyuzh/ws/llama.cpp/auto_ci/28725/aicss-genai_sycl-graph-record-replay/build'
gmake[2]: Leaving directory '/home/jianyuzh/ws/llama.cpp/auto_ci/28725/aicss-genai_sycl-graph-record-replay/build'
/usr/bin/gmake  -f tools/mtmd/CMakeFiles/llama-llava-cli.dir/build.make tools/mtmd/CMakeFiles/llama-llava-cli.dir/build
gmake[2]: Entering directory '/home/jianyuzh/ws/llama.cpp/auto_ci/28725/aicss-genai_sycl-graph-record-replay/build'
/usr/bin/gmake  -f vendor/cpp-httplib/CMakeFiles/cpp-httplib.dir/build.make vendor/cpp-httplib/CMakeFiles/cpp-httplib.dir/build
gmake[2]: Leaving directory '/home/jianyuzh/ws/llama.cpp/auto_ci/28725/aicss-genai_sycl-graph-record-replay/build'
/usr/bin/gmake  -f tools/ui/CMakeFiles/llama-ui-assets.dir/build.make tools/ui/CMakeFiles/llama-ui-assets.dir/build
gmake[2]: Leaving directory '/home/jianyuzh/ws/llama.cpp/auto_ci/28725/aicss-genai_sycl-graph-record-replay/build'
gmake[2]: Entering directory '/home/jianyuzh/ws/llama.cpp/auto_ci/28725/aicss-genai_sycl-graph-record-replay/build'
gmake[2]: Entering directory '/home/jianyuzh/ws/llama.cpp/auto_ci/28725/aicss-genai_sycl-graph-record-replay/build'
/usr/bin/gmake  -f tools/mtmd/CMakeFiles/llama-qwen2vl-cli.dir/build.make tools/mtmd/CMakeFiles/llama-qwen2vl-cli.dir/build
gmake[2]: Entering directory '/home/jianyuzh/ws/llama.cpp/auto_ci/28725/aicss-genai_sycl-graph-record-replay/build'
gmake[2]: Leaving directory '/home/jianyuzh/ws/llama.cpp/auto_ci/28725/aicss-genai_sycl-graph-record-replay/build'
/usr/bin/gmake  -f tools/mtmd/CMakeFiles/llama-minicpmv-cli.dir/build.make tools/mtmd/CMakeFiles/llama-minicpmv-cli.dir/build
gmake[2]: Entering directory '/home/jianyuzh/ws/llama.cpp/auto_ci/28725/aicss-genai_sycl-graph-record-replay/build'
gmake[2]: Entering directory '/home/jianyuzh/ws/llama.cpp/auto_ci/28725/aicss-genai_sycl-graph-record-replay/build'
[  0%] Building CXX object ggml/src/CMakeFiles/ggml-base.dir/ggml-backend-meta.cpp.o
[  1%] Building CXX object ggml/src/CMakeFiles/ggml-base.dir/ggml-opt.cpp.o
[  2%] Building C object ggml/src/CMakeFiles/ggml-base.dir/ggml.c.o
cd /home/jianyuzh/ws/llama.cpp/auto_ci/28725/aicss-genai_sycl-graph-record-replay/build/ggml/src && /opt/intel/oneapi/compiler/2026.1/bin/icpx -DGGML_BUILD -DGGML_SCHED_MAX_COPIES=4 -DGGML_SHARED -DGGML_USE_OPENMP -D_GNU_SOURCE -D_XOPEN_SOURCE=600 -Dggml_base_EXPORTS -I/home/jianyuzh/ws/llama.cpp/auto_ci/28725/aicss-genai_sycl-graph-record-replay/ggml/src/. -I/home/jianyuzh/ws/llama.cpp/auto_ci/28725/aicss-genai_sycl-graph-record-replay/build/ggml/src -I/home/jianyuzh/ws/llama.cpp/auto_ci/28725/aicss-genai_sycl-graph-record-replay/ggml/src/../include -O3 -DNDEBUG -std=gnu++17 -fPIC -Xclang -fno-pch-timestamp -Wmissing-declarations -Wmissing-noreturn -Wall -Wextra -Wpedantic -Wcast-qual -Wno-unused-function -fiopenmp -MD -MT ggml/src/CMakeFiles/ggml-base.dir/ggml-backend-meta.cpp.o -MF CMakeFiles/ggml-base.dir/ggml-backend-meta.cpp.o.d -o CMakeFiles/ggml-base.dir/ggml-backend-meta.cpp.o -c /home/jianyuzh/ws/llama.cpp/auto_ci/28725/aicss-genai_sycl-graph-record-replay/ggml/src/ggml-backend-meta.cpp
[  2%] Building CXX object ggml/src/CMakeFiles/ggml-base.dir/ggml.cpp.o
cd /home/jianyuzh/ws/llama.cpp/auto_ci/28725/aicss-genai_sycl-graph-record-replay/build/ggml/src && /opt/intel/oneapi/compiler/2026.1/bin/icpx -DGGML_BUILD -DGGML_SCHED_MAX_COPIES=4 -DGGML_SHARED -DGGML_USE_OPENMP -D_GNU_SOURCE -D_XOPEN_SOURCE=600 -Dggml_base_EXPORTS -I/home/jianyuzh/ws/llama.cpp/auto_ci/28725/aicss-genai_sycl-graph-record-replay/ggml/src/. -I/home/jianyuzh/ws/llama.cpp/auto_ci/28725/aicss-genai_sycl-graph-record-replay/build/ggml/src -I/home/jianyuzh/ws/llama.cpp/auto_ci/28725/aicss-genai_sycl-graph-record-replay/ggml/src/../include -O3 -DNDEBUG -std=gnu++17 -fPIC -Xclang -fno-pch-timestamp -Wmissing-declarations -Wmissing-noreturn -Wall -Wextra -Wpedantic -Wcast-qual -Wno-unused-function -fiopenmp -MD -MT ggml/src/CMakeFiles/ggml-base.dir/ggml-opt.cpp.o -MF CMakeFiles/ggml-base.dir/ggml-opt.cpp.o.d -o CMakeFiles/ggml-base.dir/ggml-opt.cpp.o -c /home/jianyuzh/ws/llama.cpp/auto_ci/28725/aicss-genai_sycl-graph-record-replay/ggml/src/ggml-opt.cpp
[  2%] Building CXX object ggml/src/CMakeFiles/ggml-base.dir/gguf.cpp.o
[  2%] Building CXX object common/CMakeFiles/llama-common-base.dir/build-info.cpp.o
cd /home/jianyuzh/ws/llama.cpp/auto_ci/28725/aicss-genai_sycl-graph-record-replay/build/ggml/src && /opt/intel/oneapi/compiler/2026.1/bin/icx -DGGML_BUILD -DGGML_SCHED_MAX_COPIES=4 -DGGML_SHARED -DGGML_USE_OPENMP -D_GNU_SOURCE -D_XOPEN_SOURCE=600 -Dggml_base_EXPORTS -I/home/jianyuzh/ws/llama.cpp/auto_ci/28725/aicss-genai_sycl-graph-record-replay/ggml/src/. -I/home/jianyuzh/ws/llama.cpp/auto_ci/28725/aicss-genai_sycl-graph-record-replay/build/ggml/src -I/home/jianyuzh/ws/llama.cpp/auto_ci/28725/aicss-genai_sycl-graph-record-replay/ggml/src/../include -O3 -DNDEBUG -std=gnu11 -fPIC -Xclang -fno-pch-timestamp -Wshadow -Wstrict-prototypes -Wpointer-arith -Wmissing-prototypes -Werror=implicit-int -Werror=implicit-function-declaration -Wall -Wextra -Wpedantic -Wcast-qual -Wno-unused-function -fiopenmp -MD -MT ggml/src/CMakeFiles/ggml-base.dir/ggml.c.o -MF CMakeFiles/ggml-base.dir/ggml.c.o.d -o CMakeFiles/ggml-base.dir/ggml.c.o -c /home/jianyuzh/ws/llama.cpp/auto_ci/28725/aicss-genai_sycl-graph-record-replay/ggml/src/ggml.c
[  2%] Building C object ggml/src/CMakeFiles/ggml-base.dir/ggml-alloc.c.o
cd /home/jianyuzh/ws/llama.cpp/auto_ci/28725/aicss-genai_sycl-graph-record-replay/build/ggml/src && /opt/intel/oneapi/compiler/2026.1/bin/icpx -DGGML_BUILD -DGGML_SCHED_MAX_COPIES=4 -DGGML_SHARED -DGGML_USE_OPENMP -D_GNU_SOURCE -D_XOPEN_SOURCE=600 -Dggml_base_EXPORTS -I/home/jianyuzh/ws/llama.cpp/auto_ci/28725/aicss-genai_sycl-graph-record-replay/ggml/src/. -I/home/jianyuzh/ws/llama.cpp/auto_ci/28725/aicss-genai_sycl-graph-record-replay/build/ggml/src -I/home/jianyuzh/ws/llama.cpp/auto_ci/28725/aicss-genai_sycl-graph-record-replay/ggml/src/../include -O3 -DNDEBUG -std=gnu++17 -fPIC -Xclang -fno-pch-timestamp -Wmissing-declarations -Wmissing-noreturn -Wall -Wextra -Wpedantic -Wcast-qual -Wno-unused-function -fiopenmp -MD -MT ggml/src/CMakeFiles/ggml-base.dir/ggml.cpp.o -MF CMakeFiles/ggml-base.dir/ggml.cpp.o.d -o CMakeFiles/ggml-base.dir/ggml.cpp.o -c /home/jianyuzh/ws/llama.cpp/auto_ci/28725/aicss-genai_sycl-graph-record-replay/ggml/src/ggml.cpp
[  2%] Building CXX object ggml/src/CMakeFiles/ggml-base.dir/ggml-backend.cpp.o
[  2%] Building C object vendor/hash/CMakeFiles/vendor-hash.dir/xxhash/xxhash.c.o
cd /home/jianyuzh/ws/llama.cpp/auto_ci/28725/aicss-genai_sycl-graph-record-replay/build/ggml/src && /opt/intel/oneapi/compiler/2026.1/bin/icpx -DGGML_BUILD -DGGML_SCHED_MAX_COPIES=4 -DGGML_SHARED -DGGML_USE_OPENMP -D_GNU_SOURCE -D_XOPEN_SOURCE=600 -Dggml_base_EXPORTS -I/home/jianyuzh/ws/llama.cpp/auto_ci/28725/aicss-genai_sycl-graph-record-replay/ggml/src/. -I/home/jianyuzh/ws/llama.cpp/auto_ci/28725/aicss-genai_sycl-graph-record-replay/build/ggml/src -I/home/jianyuzh/ws/llama.cpp/auto_ci/28725/aicss-genai_sycl-graph-record-replay/ggml/src/../include -O3 -DNDEBUG -std=gnu++17 -fPIC -Xclang -fno-pch-timestamp -Wmissing-declarations -Wmissing-noreturn -Wall -Wextra -Wpedantic -Wcast-qual -Wno-unused-function -fiopenmp -MD -MT ggml/src/CMakeFiles/ggml-base.dir/gguf.cpp.o -MF CMakeFiles/ggml-base.dir/gguf.cpp.o.d -o CMakeFiles/ggml-base.dir/gguf.cpp.o -c /home/jianyuzh/ws/llama.cpp/auto_ci/28725/aicss-genai_sycl-graph-record-replay/ggml/src/gguf.cpp
cd /home/jianyuzh/ws/llama.cpp/auto_ci/28725/aicss-genai_sycl-graph-record-replay/build/common && /opt/intel/oneapi/compiler/2026.1/bin/icpx  -I/home/jianyuzh/ws/llama.cpp/auto_ci/28725/aicss-genai_sycl-graph-record-replay/common/. -O3 -DNDEBUG -fPIC -Xclang -fno-pch-timestamp -Wmissing-declarations -Wmissing-noreturn -Wall -Wextra -Wpedantic -Wcast-qual -Wno-unused-function -MD -MT common/CMakeFiles/llama-common-base.dir/build-info.cpp.o -MF CMakeFiles/llama-common-base.dir/build-info.cpp.o.d -o CMakeFiles/llama-common-base.dir/build-info.cpp.o -c /home/jianyuzh/ws/llama.cpp/auto_ci/28725/aicss-genai_sycl-graph-record-replay/build/common/build-info.cpp
[  2%] Building CXX object vendor/hash/CMakeFiles/vendor-hash.dir/hash.cpp.o
[  2%] Building C object vendor/hash/CMakeFiles/vendor-hash.dir/sha256/sha256.c.o
cd /home/jianyuzh/ws/llama.cpp/auto_ci/28725/aicss-genai_sycl-graph-record-replay/build/ggml/src && /opt/intel/oneapi/compiler/2026.1/bin/icx -DGGML_BUILD -DGGML_SCHED_MAX_COPIES=4 -DGGML_SHARED -DGGML_USE_OPENMP -D_GNU_SOURCE -D_XOPEN_SOURCE=600 -Dggml_base_EXPORTS -I/home/jianyuzh/ws/llama.cpp/auto_ci/28725/aicss-genai_sycl-graph-record-replay/ggml/src/. -I/home/jianyuzh/ws/llama.cpp/auto_ci/28725/aicss-genai_sycl-graph-record-replay/build/ggml/src -I/home/jianyuzh/ws/llama.cpp/auto_ci/28725/aicss-genai_sycl-graph-record-replay/ggml/src/../include -O3 -DNDEBUG -std=gnu11 -fPIC -Xclang -fno-pch-timestamp -Wshadow -Wstrict-prototypes -Wpointer-arith -Wmissing-prototypes -Werror=implicit-int -Werror=implicit-function-declaration -Wall -Wextra -Wpedantic -Wcast-qual -Wno-unused-function -fiopenmp -MD -MT ggml/src/CMakeFiles/ggml-base.dir/ggml-alloc.c.o -MF CMakeFiles/ggml-base.dir/ggml-alloc.c.o.d -o CMakeFiles/ggml-base.dir/ggml-alloc.c.o -c /home/jianyuzh/ws/llama.cpp/auto_ci/28725/aicss-genai_sycl-graph-record-replay/ggml/src/ggml-alloc.c
[  2%] Building C object ggml/src/CMakeFiles/ggml-base.dir/ggml-quants.c.o
[  2%] Building CXX object vendor/hash/CMakeFiles/vendor-hash.dir/sha1/sha1.c.o
[  2%] Building CXX object ggml/src/CMakeFiles/ggml-base.dir/ggml-threading.cpp.o
cd /home/jianyuzh/ws/llama.cpp/auto_ci/28725/aicss-genai_sycl-graph-record-replay/build/ggml/src && /opt/intel/oneapi/compiler/2026.1/bin/icpx -DGGML_BUILD -DGGML_SCHED_MAX_COPIES=4 -DGGML_SHARED -DGGML_USE_OPENMP -D_GNU_SOURCE -D_XOPEN_SOURCE=600 -Dggml_base_EXPORTS -I/home/jianyuzh/ws/llama.cpp/auto_ci/28725/aicss-genai_sycl-graph-record-replay/ggml/src/. -I/home/jianyuzh/ws/llama.cpp/auto_ci/28725/aicss-genai_sycl-graph-record-replay/build/ggml/src -I/home/jianyuzh/ws/llama.cpp/auto_ci/28725/aicss-genai_sycl-graph-record-replay/ggml/src/../include -O3 -DNDEBUG -std=gnu++17 -fPIC -Xclang -fno-pch-timestamp -Wmissing-declarations -Wmissing-noreturn -Wall -Wextra -Wpedantic -Wcast-qual -Wno-unused-function -fiopenmp -MD -MT ggml/src/CMakeFiles/ggml-base.dir/ggml-backend.cpp.o -MF CMakeFiles/ggml-base.dir/ggml-backend.cpp.o.d -o CMakeFiles/ggml-base.dir/ggml-backend.cpp.o -c /home/jianyuzh/ws/llama.cpp/auto_ci/28725/aicss-genai_sycl-graph-record-replay/ggml/src/ggml-backend.cpp
cd /home/jianyuzh/ws/llama.cpp/auto_ci/28725/aicss-genai_sycl-graph-record-replay/build/vendor/hash && /opt/intel/oneapi/compiler/2026.1/bin/icx  -I/home/jianyuzh/ws/llama.cpp/auto_ci/28725/aicss-genai_sycl-graph-record-replay/vendor/hash/.. -I/home/jianyuzh/ws/llama.cpp/auto_ci/28725/aicss-genai_sycl-graph-record-replay/vendor/hash/. -O3 -DNDEBUG -fPIC -Xclang -fno-pch-timestamp -Wshadow -Wstrict-prototypes -Wpointer-arith -Wmissing-prototypes -Werror=implicit-int -Werror=implicit-function-declaration -Wall -Wextra -Wpedantic -Wcast-qual -Wno-unused-function -w -MD -MT vendor/hash/CMakeFiles/vendor-hash.dir/xxhash/xxhash.c.o -MF CMakeFiles/vendor-hash.dir/xxhash/xxhash.c.o.d -o CMakeFiles/vendor-hash.dir/xxhash/xxhash.c.o -c /home/jianyuzh/ws/llama.cpp/auto_ci/28725/aicss-genai_sycl-graph-record-replay/vendor/hash/xxhash/xxhash.c
[  2%] Building CXX object tools/mtmd/CMakeFiles/llama-llava-cli.dir/deprecation-warning.cpp.o
cd /home/jianyuzh/ws/llama.cpp/auto_ci/28725/aicss-genai_sycl-graph-record-replay/build/vendor/hash && /opt/intel/oneapi/compiler/2026.1/bin/icpx  -I/home/jianyuzh/ws/llama.cpp/auto_ci/28725/aicss-genai_sycl-graph-record-replay/vendor/hash/.. -I/home/jianyuzh/ws/llama.cpp/auto_ci/28725/aicss-genai_sycl-graph-record-replay/vendor/hash/. -O3 -DNDEBUG -fPIC -Xclang -fno-pch-timestamp -Wmissing-declarations -Wmissing-noreturn -Wall -Wextra -Wpedantic -Wcast-qual -Wno-unused-function -MD -MT vendor/hash/CMakeFiles/vendor-hash.dir/hash.cpp.o -MF CMakeFiles/vendor-hash.dir/hash.cpp.o.d -o CMakeFiles/vendor-hash.dir/hash.cpp.o -c /home/jianyuzh/ws/llama.cpp/auto_ci/28725/aicss-genai_sycl-graph-record-replay/vendor/hash/hash.cpp
[  2%] Building CXX object vendor/cpp-httplib/CMakeFiles/cpp-httplib.dir/httplib.cpp.o
cd /home/jianyuzh/ws/llama.cpp/auto_ci/28725/aicss-genai_sycl-graph-record-replay/build/vendor/hash && /opt/intel/oneapi/compiler/2026.1/bin/icx  -I/home/jianyuzh/ws/llama.cpp/auto_ci/28725/aicss-genai_sycl-graph-record-replay/vendor/hash/.. -I/home/jianyuzh/ws/llama.cpp/auto_ci/28725/aicss-genai_sycl-graph-record-replay/vendor/hash/. -O3 -DNDEBUG -fPIC -Xclang -fno-pch-timestamp -Wshadow -Wstrict-prototypes -Wpointer-arith -Wmissing-prototypes -Werror=implicit-int -Werror=implicit-function-declaration -Wall -Wextra -Wpedantic -Wcast-qual -Wno-unused-function -w -MD -MT vendor/hash/CMakeFiles/vendor-hash.dir/sha256/sha256.c.o -MF CMakeFiles/vendor-hash.dir/sha256/sha256.c.o.d -o CMakeFiles/vendor-hash.dir/sha256/sha256.c.o -c /home/jianyuzh/ws/llama.cpp/auto_ci/28725/aicss-genai_sycl-graph-record-replay/vendor/hash/sha256/sha256.c
cd /home/jianyuzh/ws/llama.cpp/auto_ci/28725/aicss-genai_sycl-graph-record-replay/build/ggml/src && /opt/intel/oneapi/compiler/2026.1/bin/icx -DGGML_BUILD -DGGML_SCHED_MAX_COPIES=4 -DGGML_SHARED -DGGML_USE_OPENMP -D_GNU_SOURCE -D_XOPEN_SOURCE=600 -Dggml_base_EXPORTS -I/home/jianyuzh/ws/llama.cpp/auto_ci/28725/aicss-genai_sycl-graph-record-replay/ggml/src/. -I/home/jianyuzh/ws/llama.cpp/auto_ci/28725/aicss-genai_sycl-graph-record-replay/build/ggml/src -I/home/jianyuzh/ws/llama.cpp/auto_ci/28725/aicss-genai_sycl-graph-record-replay/ggml/src/../include -O3 -DNDEBUG -std=gnu11 -fPIC -Xclang -fno-pch-timestamp -Wshadow -Wstrict-prototypes -Wpointer-arith -Wmissing-prototypes -Werror=implicit-int -Werror=implicit-function-declaration -Wall -Wextra -Wpedantic -Wcast-qual -Wno-unused-function -fiopenmp -MD -MT ggml/src/CMakeFiles/ggml-base.dir/ggml-quants.c.o -MF CMakeFiles/ggml-base.dir/ggml-quants.c.o.d -o CMakeFiles/ggml-base.dir/ggml-quants.c.o -c /home/jianyuzh/ws/llama.cpp/auto_ci/28725/aicss-genai_sycl-graph-record-replay/ggml/src/ggml-quants.c
cd /home/jianyuzh/ws/llama.cpp/auto_ci/28725/aicss-genai_sycl-graph-record-replay/build/ggml/src && /opt/intel/oneapi/compiler/2026.1/bin/icpx -DGGML_BUILD -DGGML_SCHED_MAX_COPIES=4 -DGGML_SHARED -DGGML_USE_OPENMP -D_GNU_SOURCE -D_XOPEN_SOURCE=600 -Dggml_base_EXPORTS -I/home/jianyuzh/ws/llama.cpp/auto_ci/28725/aicss-genai_sycl-graph-record-replay/ggml/src/. -I/home/jianyuzh/ws/llama.cpp/auto_ci/28725/aicss-genai_sycl-graph-record-replay/build/ggml/src -I/home/jianyuzh/ws/llama.cpp/auto_ci/28725/aicss-genai_sycl-graph-record-replay/ggml/src/../include -O3 -DNDEBUG -std=gnu++17 -fPIC -Xclang -fno-pch-timestamp -Wmissing-declarations -Wmissing-noreturn -Wall -Wextra -Wpedantic -Wcast-qual -Wno-unused-function -fiopenmp -MD -MT ggml/src/CMakeFiles/ggml-base.dir/ggml-threading.cpp.o -MF CMakeFiles/ggml-base.dir/ggml-threading.cpp.o.d -o CMakeFiles/ggml-base.dir/ggml-threading.cpp.o -c /home/jianyuzh/ws/llama.cpp/auto_ci/28725/aicss-genai_sycl-graph-record-replay/ggml/src/ggml-threading.cpp
cd /home/jianyuzh/ws/llama.cpp/auto_ci/28725/aicss-genai_sycl-graph-record-replay/build/vendor/hash && /opt/intel/oneapi/compiler/2026.1/bin/icpx  -I/home/jianyuzh/ws/llama.cpp/auto_ci/28725/aicss-genai_sycl-graph-record-replay/vendor/hash/.. -I/home/jianyuzh/ws/llama.cpp/auto_ci/28725/aicss-genai_sycl-graph-record-replay/vendor/hash/. -x c++ -O3 -DNDEBUG -fPIC -Xclang -fno-pch-timestamp -Wmissing-declarations -Wmissing-noreturn -Wall -Wextra -Wpedantic -Wcast-qual -Wno-unused-function -w -MD -MT vendor/hash/CMakeFiles/vendor-hash.dir/sha1/sha1.c.o -MF CMakeFiles/vendor-hash.dir/sha1/sha1.c.o.d -o CMakeFiles/vendor-hash.dir/sha1/sha1.c.o -c /home/jianyuzh/ws/llama.cpp/auto_ci/28725/aicss-genai_sycl-graph-record-replay/vendor/hash/sha1/sha1.c
cd /home/jianyuzh/ws/llama.cpp/auto_ci/28725/aicss-genai_sycl-graph-record-replay/build/tools/mtmd && /opt/intel/oneapi/compiler/2026.1/bin/icpx   -O3 -DNDEBUG -Xclang -fno-pch-timestamp -Wmissing-declarations -Wmissing-noreturn -Wall -Wextra -Wpedantic -Wcast-qual -Wno-unused-function -MD -MT tools/mtmd/CMakeFiles/llama-llava-cli.dir/deprecation-warning.cpp.o -MF CMakeFiles/llama-llava-cli.dir/deprecation-warning.cpp.o.d -o CMakeFiles/llama-llava-cli.dir/deprecation-warning.cpp.o -c /home/jianyuzh/ws/llama.cpp/auto_ci/28725/aicss-genai_sycl-graph-record-replay/tools/mtmd/deprecation-warning.cpp
[  2%] Provisioning UI assets
[  2%] Building CXX object tools/mtmd/CMakeFiles/llama-gemma3-cli.dir/deprecation-warning.cpp.o
cd /home/jianyuzh/ws/llama.cpp/auto_ci/28725/aicss-genai_sycl-graph-record-replay/build/vendor/cpp-httplib && /opt/intel/oneapi/compiler/2026.1/bin/icpx -DCPPHTTPLIB_FORM_URL_ENCODED_PAYLOAD_MAX_LENGTH=1048576 -DCPPHTTPLIB_LISTEN_BACKLOG=512 -DCPPHTTPLIB_REQUEST_URI_MAX_LENGTH=32768 -DCPPHTTPLIB_TCP_NODELAY=1  -O3 -DNDEBUG -fPIC -Xclang -fno-pch-timestamp -Wmissing-declarations -Wmissing-noreturn -Wall -Wextra -Wpedantic -Wcast-qual -Wno-unused-function -w -MD -MT vendor/cpp-httplib/CMakeFiles/cpp-httplib.dir/httplib.cpp.o -MF CMakeFiles/cpp-httplib.dir/httplib.cpp.o.d -o CMakeFiles/cpp-httplib.dir/httplib.cpp.o -c /home/jianyuzh/ws/llama.cpp/auto_ci/28725/aicss-genai_sycl-graph-record-replay/vendor/cpp-httplib/httplib.cpp
[  2%] Building CXX object tools/mtmd/CMakeFiles/llama-qwen2vl-cli.dir/deprecation-warning.cpp.o
[  3%] Building CXX object tools/mtmd/CMakeFiles/llama-minicpmv-cli.dir/deprecation-warning.cpp.o
cd /home/jianyuzh/ws/llama.cpp/auto_ci/28725/aicss-genai_sycl-graph-record-replay/build/tools/ui && /usr/bin/cmake -DUI_SOURCE_DIR=/home/jianyuzh/ws/llama.cpp/auto_ci/28725/aicss-genai_sycl-graph-record-replay/tools/ui -DUI_BINARY_DIR=/home/jianyuzh/ws/llama.cpp/auto_ci/28725/aicss-genai_sycl-graph-record-replay/build/tools/ui -DLLAMA_SOURCE_DIR=/home/jianyuzh/ws/llama.cpp/auto_ci/28725/aicss-genai_sycl-graph-record-replay -DLLAMA_BUILD_NUMBER=11101 -DHF_BUCKET=ggml-org/llama-ui -DHF_VERSION=b11101 -DHF_ENABLED=ON -DBUILD_UI=OFF -DLLAMA_UI_GZIP=ON -P /home/jianyuzh/ws/llama.cpp/auto_ci/28725/aicss-genai_sycl-graph-record-replay/scripts/ui-assets.cmake
cd /home/jianyuzh/ws/llama.cpp/auto_ci/28725/aicss-genai_sycl-graph-record-replay/build/tools/mtmd && /opt/intel/oneapi/compiler/2026.1/bin/icpx   -O3 -DNDEBUG -Xclang -fno-pch-timestamp -Wmissing-declarations -Wmissing-noreturn -Wall -Wextra -Wpedantic -Wcast-qual -Wno-unused-function -MD -MT tools/mtmd/CMakeFiles/llama-gemma3-cli.dir/deprecation-warning.cpp.o -MF CMakeFiles/llama-gemma3-cli.dir/deprecation-warning.cpp.o.d -o CMakeFiles/llama-gemma3-cli.dir/deprecation-warning.cpp.o -c /home/jianyuzh/ws/llama.cpp/auto_ci/28725/aicss-genai_sycl-graph-record-replay/tools/mtmd/deprecation-warning.cpp
cd /home/jianyuzh/ws/llama.cpp/auto_ci/28725/aicss-genai_sycl-graph-record-replay/build/tools/mtmd && /opt/intel/oneapi/compiler/2026.1/bin/icpx   -O3 -DNDEBUG -Xclang -fno-pch-timestamp -Wmissing-declarations -Wmissing-noreturn -Wall -Wextra -Wpedantic -Wcast-qual -Wno-unused-function -MD -MT tools/mtmd/CMakeFiles/llama-qwen2vl-cli.dir/deprecation-warning.cpp.o -MF CMakeFiles/llama-qwen2vl-cli.dir/deprecation-warning.cpp.o.d -o CMakeFiles/llama-qwen2vl-cli.dir/deprecation-warning.cpp.o -c /home/jianyuzh/ws/llama.cpp/auto_ci/28725/aicss-genai_sycl-graph-record-replay/tools/mtmd/deprecation-warning.cpp
cd /home/jianyuzh/ws/llama.cpp/auto_ci/28725/aicss-genai_sycl-graph-record-replay/build/tools/mtmd && /opt/intel/oneapi/compiler/2026.1/bin/icpx   -O3 -DNDEBUG -Xclang -fno-pch-timestamp -Wmissing-declarations -Wmissing-noreturn -Wall -Wextra -Wpedantic -Wcast-qual -Wno-unused-function -MD -MT tools/mtmd/CMakeFiles/llama-minicpmv-cli.dir/deprecation-warning.cpp.o -MF CMakeFiles/llama-minicpmv-cli.dir/deprecation-warning.cpp.o.d -o CMakeFiles/llama-minicpmv-cli.dir/deprecation-warning.cpp.o -c /home/jianyuzh/ws/llama.cpp/auto_ci/28725/aicss-genai_sycl-graph-record-replay/tools/mtmd/deprecation-warning.cpp
-- UI: downloading from b11101: https://huggingface.co/buckets/ggml-org/llama-ui/resolve/b11101/dist.tar.gz
[  4%] Linking CXX executable ../../bin/llama-qwen2vl-cli
[  4%] Linking CXX executable ../../bin/llama-llava-cli
cd /home/jianyuzh/ws/llama.cpp/auto_ci/28725/aicss-genai_sycl-graph-record-replay/build/tools/mtmd && /usr/bin/cmake -E cmake_link_script CMakeFiles/llama-qwen2vl-cli.dir/link.txt --verbose=1
cd /home/jianyuzh/ws/llama.cpp/auto_ci/28725/aicss-genai_sycl-graph-record-replay/build/tools/mtmd && /usr/bin/cmake -E cmake_link_script CMakeFiles/llama-llava-cli.dir/link.txt --verbose=1
[  4%] Linking CXX static library libllama-common-base.a
[  4%] Linking CXX executable ../../bin/llama-gemma3-cli
[  4%] Linking CXX executable ../../bin/llama-minicpmv-cli
cd /home/jianyuzh/ws/llama.cpp/auto_ci/28725/aicss-genai_sycl-graph-record-replay/build/common && /usr/bin/cmake -P CMakeFiles/llama-common-base.dir/cmake_clean_target.cmake
cd /home/jianyuzh/ws/llama.cpp/auto_ci/28725/aicss-genai_sycl-graph-record-replay/build/tools/mtmd && /usr/bin/cmake -E cmake_link_script CMakeFiles/llama-gemma3-cli.dir/link.txt --verbose=1
cd /home/jianyuzh/ws/llama.cpp/auto_ci/28725/aicss-genai_sycl-graph-record-replay/build/tools/mtmd && /usr/bin/cmake -E cmake_link_script CMakeFiles/llama-minicpmv-cli.dir/link.txt --verbose=1
cd /home/jianyuzh/ws/llama.cpp/auto_ci/28725/aicss-genai_sycl-graph-record-replay/build/common && /usr/bin/cmake -E cmake_link_script CMakeFiles/llama-common-base.dir/link.txt --verbose=1
/usr/bin/ar qc libllama-common-base.a "CMakeFiles/llama-common-base.dir/build-info.cpp.o"
/usr/bin/ranlib libllama-common-base.a
gmake[2]: Leaving directory '/home/jianyuzh/ws/llama.cpp/auto_ci/28725/aicss-genai_sycl-graph-record-replay/build'
[  4%] Built target llama-common-base
/opt/intel/oneapi/compiler/2026.1/bin/icpx -O3 -DNDEBUG -Wl,--dependency-file=CMakeFiles/llama-gemma3-cli.dir/link.d "CMakeFiles/llama-gemma3-cli.dir/deprecation-warning.cpp.o" -o ../../bin/llama-gemma3-cli
gmake[2]: Leaving directory '/home/jianyuzh/ws/llama.cpp/auto_ci/28725/aicss-genai_sycl-graph-record-replay/build'
[  4%] Built target llama-gemma3-cli
/opt/intel/oneapi/compiler/2026.1/bin/icpx -O3 -DNDEBUG -Wl,--dependency-file=CMakeFiles/llama-qwen2vl-cli.dir/link.d "CMakeFiles/llama-qwen2vl-cli.dir/deprecation-warning.cpp.o" -o ../../bin/llama-qwen2vl-cli
gmake[2]: Leaving directory '/home/jianyuzh/ws/llama.cpp/auto_ci/28725/aicss-genai_sycl-graph-record-replay/build'
[  4%] Built target llama-qwen2vl-cli
/opt/intel/oneapi/compiler/2026.1/bin/icpx -O3 -DNDEBUG -Wl,--dependency-file=CMakeFiles/llama-minicpmv-cli.dir/link.d "CMakeFiles/llama-minicpmv-cli.dir/deprecation-warning.cpp.o" -o ../../bin/llama-minicpmv-cli
/opt/intel/oneapi/compiler/2026.1/bin/icpx -O3 -DNDEBUG -Wl,--dependency-file=CMakeFiles/llama-llava-cli.dir/link.d "CMakeFiles/llama-llava-cli.dir/deprecation-warning.cpp.o" -o ../../bin/llama-llava-cli
gmake[2]: Leaving directory '/home/jianyuzh/ws/llama.cpp/auto_ci/28725/aicss-genai_sycl-graph-record-replay/build'
gmake[2]: Leaving directory '/home/jianyuzh/ws/llama.cpp/auto_ci/28725/aicss-genai_sycl-graph-record-replay/build'
[  4%] Built target llama-minicpmv-cli
[  4%] Built target llama-llava-cli
[  5%] Linking CXX static library libvendor-hash.a
cd /home/jianyuzh/ws/llama.cpp/auto_ci/28725/aicss-genai_sycl-graph-record-replay/build/vendor/hash && /usr/bin/cmake -P CMakeFiles/vendor-hash.dir/cmake_clean_target.cmake
cd /home/jianyuzh/ws/llama.cpp/auto_ci/28725/aicss-genai_sycl-graph-record-replay/build/vendor/hash && /usr/bin/cmake -E cmake_link_script CMakeFiles/vendor-hash.dir/link.txt --verbose=1
/usr/bin/ar qc libvendor-hash.a "CMakeFiles/vendor-hash.dir/hash.cpp.o" "CMakeFiles/vendor-hash.dir/xxhash/xxhash.c.o" "CMakeFiles/vendor-hash.dir/sha1/sha1.c.o" "CMakeFiles/vendor-hash.dir/sha256/sha256.c.o"
/usr/bin/ranlib libvendor-hash.a
gmake[2]: Leaving directory '/home/jianyuzh/ws/llama.cpp/auto_ci/28725/aicss-genai_sycl-graph-record-replay/build'
[  5%] Built target vendor-hash
[  5%] Linking CXX shared library ../../bin/libggml-base.so
cd /home/jianyuzh/ws/llama.cpp/auto_ci/28725/aicss-genai_sycl-graph-record-replay/build/ggml/src && /usr/bin/cmake -E cmake_link_script CMakeFiles/ggml-base.dir/link.txt --verbose=1
/opt/intel/oneapi/compiler/2026.1/bin/icpx -fPIC -O3 -DNDEBUG -shared -fiopenmp -Wl,--dependency-file=CMakeFiles/ggml-base.dir/link.d -Wl,-soname,libggml-base.so.0 -o ../../bin/libggml-base.so.0.24.0 "CMakeFiles/ggml-base.dir/ggml.c.o" "CMakeFiles/ggml-base.dir/ggml.cpp.o" "CMakeFiles/ggml-base.dir/ggml-alloc.c.o" "CMakeFiles/ggml-base.dir/ggml-backend.cpp.o" "CMakeFiles/ggml-base.dir/ggml-backend-meta.cpp.o" "CMakeFiles/ggml-base.dir/ggml-opt.cpp.o" "CMakeFiles/ggml-base.dir/ggml-threading.cpp.o" "CMakeFiles/ggml-base.dir/ggml-quants.c.o" "CMakeFiles/ggml-base.dir/gguf.cpp.o"  /opt/intel/oneapi/compiler/2026.1/lib/libiomp5.so /lib/x86_64-linux-gnu/libpthread.a
cd /home/jianyuzh/ws/llama.cpp/auto_ci/28725/aicss-genai_sycl-graph-record-replay/build/ggml/src && /usr/bin/cmake -E cmake_symlink_library ../../bin/libggml-base.so.0.24.0 ../../bin/libggml-base.so.0 ../../bin/libggml-base.so
gmake[2]: Leaving directory '/home/jianyuzh/ws/llama.cpp/auto_ci/28725/aicss-genai_sycl-graph-record-replay/build'
[  5%] Built target ggml-base
/usr/bin/gmake  -f ggml/src/ggml-sycl/CMakeFiles/ggml-sycl.dir/build.make ggml/src/ggml-sycl/CMakeFiles/ggml-sycl.dir/depend
/usr/bin/gmake  -f ggml/src/CMakeFiles/ggml-cpu.dir/build.make ggml/src/CMakeFiles/ggml-cpu.dir/depend
gmake[2]: Entering directory '/home/jianyuzh/ws/llama.cpp/auto_ci/28725/aicss-genai_sycl-graph-record-replay/build'
cd /home/jianyuzh/ws/llama.cpp/auto_ci/28725/aicss-genai_sycl-graph-record-replay/build && /usr/bin/cmake -E cmake_depends "Unix Makefiles" /home/jianyuzh/ws/llama.cpp/auto_ci/28725/aicss-genai_sycl-graph-record-replay /home/jianyuzh/ws/llama.cpp/auto_ci/28725/aicss-genai_sycl-graph-record-replay/ggml/src/ggml-sycl /home/jianyuzh/ws/llama.cpp/auto_ci/28725/aicss-genai_sycl-graph-record-replay/build /home/jianyuzh/ws/llama.cpp/auto_ci/28725/aicss-genai_sycl-graph-record-replay/build/ggml/src/ggml-sycl /home/jianyuzh/ws/llama.cpp/auto_ci/28725/aicss-genai_sycl-graph-record-replay/build/ggml/src/ggml-sycl/CMakeFiles/ggml-sycl.dir/DependInfo.cmake "--color=" ggml-sycl
gmake[2]: Entering directory '/home/jianyuzh/ws/llama.cpp/auto_ci/28725/aicss-genai_sycl-graph-record-replay/build'
cd /home/jianyuzh/ws/llama.cpp/auto_ci/28725/aicss-genai_sycl-graph-record-replay/build && /usr/bin/cmake -E cmake_depends "Unix Makefiles" /home/jianyuzh/ws/llama.cpp/auto_ci/28725/aicss-genai_sycl-graph-record-replay /home/jianyuzh/ws/llama.cpp/auto_ci/28725/aicss-genai_sycl-graph-record-replay/ggml/src /home/jianyuzh/ws/llama.cpp/auto_ci/28725/aicss-genai_sycl-graph-record-replay/build /home/jianyuzh/ws/llama.cpp/auto_ci/28725/aicss-genai_sycl-graph-record-replay/build/ggml/src /home/jianyuzh/ws/llama.cpp/auto_ci/28725/aicss-genai_sycl-graph-record-replay/build/ggml/src/CMakeFiles/ggml-cpu.dir/DependInfo.cmake "--color=" ggml-cpu
gmake[2]: Leaving directory '/home/jianyuzh/ws/llama.cpp/auto_ci/28725/aicss-genai_sycl-graph-record-replay/build'
/usr/bin/gmake  -f ggml/src/ggml-sycl/CMakeFiles/ggml-sycl.dir/build.make ggml/src/ggml-sycl/CMakeFiles/ggml-sycl.dir/build
gmake[2]: Entering directory '/home/jianyuzh/ws/llama.cpp/auto_ci/28725/aicss-genai_sycl-graph-record-replay/build'
gmake[2]: Leaving directory '/home/jianyuzh/ws/llama.cpp/auto_ci/28725/aicss-genai_sycl-graph-record-replay/build'
/usr/bin/gmake  -f ggml/src/CMakeFiles/ggml-cpu.dir/build.make ggml/src/CMakeFiles/ggml-cpu.dir/build
gmake[2]: Entering directory '/home/jianyuzh/ws/llama.cpp/auto_ci/28725/aicss-genai_sycl-graph-record-replay/build'
[  5%] Building CXX object ggml/src/ggml-sycl/CMakeFiles/ggml-sycl.dir/col2im-1d.cpp.o
[  5%] Building CXX object ggml/src/ggml-sycl/CMakeFiles/ggml-sycl.dir/ggml-sycl.cpp.o
cd /home/jianyuzh/ws/llama.cpp/auto_ci/28725/aicss-genai_sycl-graph-record-replay/build/ggml/src/ggml-sycl && /opt/intel/oneapi/compiler/2026.1/bin/icpx -DGGML_BACKEND_BUILD -DGGML_BACKEND_SHARED -DGGML_SCHED_MAX_COPIES=4 -DGGML_SHARED -DGGML_SYCL_DNNL=1 -DGGML_SYCL_GRAPH -DGGML_SYCL_HOST_MEM_FALLBACK -DGGML_SYCL_SUPPORT_LEVEL_ZERO_API -DGGML_SYCL_WARP_SIZE=16 -D_GNU_SOURCE -D_XOPEN_SOURCE=600 -Dggml_sycl_EXPORTS -I/home/jianyuzh/ws/llama.cpp/auto_ci/28725/aicss-genai_sycl-graph-record-replay/ggml/src/ggml-sycl/.. -I/home/jianyuzh/ws/llama.cpp/auto_ci/28725/aicss-genai_sycl-graph-record-replay/ggml/src/../include -isystem /opt/intel/oneapi/compiler/2026.1/include -isystem /opt/intel/oneapi/mkl/2026.1/include -O3 -DNDEBUG -std=gnu++17 -fPIC -Xclang -fno-pch-timestamp -Wmissing-declarations -Wmissing-noreturn -Wall -Wextra -Wpedantic -Wcast-qual -Wno-unused-function -Wno-narrowing -fsycl -DMKL_ILP64 -MD -MT ggml/src/ggml-sycl/CMakeFiles/ggml-sycl.dir/ggml-sycl.cpp.o -MF CMakeFiles/ggml-sycl.dir/ggml-sycl.cpp.o.d -o CMakeFiles/ggml-sycl.dir/ggml-sycl.cpp.o -c /home/jianyuzh/ws/llama.cpp/auto_ci/28725/aicss-genai_sycl-graph-record-replay/ggml/src/ggml-sycl/ggml-sycl.cpp
cd /home/jianyuzh/ws/llama.cpp/auto_ci/28725/aicss-genai_sycl-graph-record-replay/build/ggml/src/ggml-sycl && /opt/intel/oneapi/compiler/2026.1/bin/icpx -DGGML_BACKEND_BUILD -DGGML_BACKEND_SHARED -DGGML_SCHED_MAX_COPIES=4 -DGGML_SHARED -DGGML_SYCL_DNNL=1 -DGGML_SYCL_GRAPH -DGGML_SYCL_HOST_MEM_FALLBACK -DGGML_SYCL_SUPPORT_LEVEL_ZERO_API -DGGML_SYCL_WARP_SIZE=16 -D_GNU_SOURCE -D_XOPEN_SOURCE=600 -Dggml_sycl_EXPORTS -I/home/jianyuzh/ws/llama.cpp/auto_ci/28725/aicss-genai_sycl-graph-record-replay/ggml/src/ggml-sycl/.. -I/home/jianyuzh/ws/llama.cpp/auto_ci/28725/aicss-genai_sycl-graph-record-replay/ggml/src/../include -isystem /opt/intel/oneapi/compiler/2026.1/include -isystem /opt/intel/oneapi/mkl/2026.1/include -O3 -DNDEBUG -std=gnu++17 -fPIC -Xclang -fno-pch-timestamp -Wmissing-declarations -Wmissing-noreturn -Wall -Wextra -Wpedantic -Wcast-qual -Wno-unused-function -Wno-narrowing -fsycl -DMKL_ILP64 -MD -MT ggml/src/ggml-sycl/CMakeFiles/ggml-sycl.dir/col2im-1d.cpp.o -MF CMakeFiles/ggml-sycl.dir/col2im-1d.cpp.o.d -o CMakeFiles/ggml-sycl.dir/col2im-1d.cpp.o -c /home/jianyuzh/ws/llama.cpp/auto_ci/28725/aicss-genai_sycl-graph-record-replay/ggml/src/ggml-sycl/col2im-1d.cpp
[  5%] Building CXX object ggml/src/ggml-sycl/CMakeFiles/ggml-sycl.dir/conv.cpp.o
[  5%] Building CXX object ggml/src/ggml-sycl/CMakeFiles/ggml-sycl.dir/binbcast.cpp.o
[  6%] Building CXX object ggml/src/ggml-sycl/CMakeFiles/ggml-sycl.dir/common.cpp.o
[  7%] Building C object ggml/src/CMakeFiles/ggml-cpu.dir/ggml-cpu/ggml-cpu.c.o
[  7%] Building CXX object ggml/src/ggml-sycl/CMakeFiles/ggml-sycl.dir/concat.cpp.o
[  7%] Building CXX object ggml/src/ggml-sycl/CMakeFiles/ggml-sycl.dir/add-id.cpp.o
[  7%] Building CXX object ggml/src/ggml-sycl/CMakeFiles/ggml-sycl.dir/conv3d.cpp.o
[  7%] Building CXX object ggml/src/ggml-sycl/CMakeFiles/ggml-sycl.dir/conv2d-transpose.cpp.o
cd /home/jianyuzh/ws/llama.cpp/auto_ci/28725/aicss-genai_sycl-graph-record-replay/build/ggml/src/ggml-sycl && /opt/intel/oneapi/compiler/2026.1/bin/icpx -DGGML_BACKEND_BUILD -DGGML_BACKEND_SHARED -DGGML_SCHED_MAX_COPIES=4 -DGGML_SHARED -DGGML_SYCL_DNNL=1 -DGGML_SYCL_GRAPH -DGGML_SYCL_HOST_MEM_FALLBACK -DGGML_SYCL_SUPPORT_LEVEL_ZERO_API -DGGML_SYCL_WARP_SIZE=16 -D_GNU_SOURCE -D_XOPEN_SOURCE=600 -Dggml_sycl_EXPORTS -I/home/jianyuzh/ws/llama.cpp/auto_ci/28725/aicss-genai_sycl-graph-record-replay/ggml/src/ggml-sycl/.. -I/home/jianyuzh/ws/llama.cpp/auto_ci/28725/aicss-genai_sycl-graph-record-replay/ggml/src/../include -isystem /opt/intel/oneapi/compiler/2026.1/include -isystem /opt/intel/oneapi/mkl/2026.1/include -O3 -DNDEBUG -std=gnu++17 -fPIC -Xclang -fno-pch-timestamp -Wmissing-declarations -Wmissing-noreturn -Wall -Wextra -Wpedantic -Wcast-qual -Wno-unused-function -Wno-narrowing -fsycl -DMKL_ILP64 -MD -MT ggml/src/ggml-sycl/CMakeFiles/ggml-sycl.dir/binbcast.cpp.o -MF CMakeFiles/ggml-sycl.dir/binbcast.cpp.o.d -o CMakeFiles/ggml-sycl.dir/binbcast.cpp.o -c /home/jianyuzh/ws/llama.cpp/auto_ci/28725/aicss-genai_sycl-graph-record-replay/ggml/src/ggml-sycl/binbcast.cpp
cd /home/jianyuzh/ws/llama.cpp/auto_ci/28725/aicss-genai_sycl-graph-record-replay/build/ggml/src/ggml-sycl && /opt/intel/oneapi/compiler/2026.1/bin/icpx -DGGML_BACKEND_BUILD -DGGML_BACKEND_SHARED -DGGML_SCHED_MAX_COPIES=4 -DGGML_SHARED -DGGML_SYCL_DNNL=1 -DGGML_SYCL_GRAPH -DGGML_SYCL_HOST_MEM_FALLBACK -DGGML_SYCL_SUPPORT_LEVEL_ZERO_API -DGGML_SYCL_WARP_SIZE=16 -D_GNU_SOURCE -D_XOPEN_SOURCE=600 -Dggml_sycl_EXPORTS -I/home/jianyuzh/ws/llama.cpp/auto_ci/28725/aicss-genai_sycl-graph-record-replay/ggml/src/ggml-sycl/.. -I/home/jianyuzh/ws/llama.cpp/auto_ci/28725/aicss-genai_sycl-graph-record-replay/ggml/src/../include -isystem /opt/intel/oneapi/compiler/2026.1/include -isystem /opt/intel/oneapi/mkl/2026.1/include -O3 -DNDEBUG -std=gnu++17 -fPIC -Xclang -fno-pch-timestamp -Wmissing-declarations -Wmissing-noreturn -Wall -Wextra -Wpedantic -Wcast-qual -Wno-unused-function -Wno-narrowing -fsycl -DMKL_ILP64 -MD -MT ggml/src/ggml-sycl/CMakeFiles/ggml-sycl.dir/conv.cpp.o -MF CMakeFiles/ggml-sycl.dir/conv.cpp.o.d -o CMakeFiles/ggml-sycl.dir/conv.cpp.o -c /home/jianyuzh/ws/llama.cpp/auto_ci/28725/aicss-genai_sycl-graph-record-replay/ggml/src/ggml-sycl/conv.cpp
[  7%] Building CXX object ggml/src/CMakeFiles/ggml-cpu.dir/ggml-cpu/hbm.cpp.o
cd /home/jianyuzh/ws/llama.cpp/auto_ci/28725/aicss-genai_sycl-graph-record-replay/build/ggml/src/ggml-sycl && /opt/intel/oneapi/compiler/2026.1/bin/icpx -DGGML_BACKEND_BUILD -DGGML_BACKEND_SHARED -DGGML_SCHED_MAX_COPIES=4 -DGGML_SHARED -DGGML_SYCL_DNNL=1 -DGGML_SYCL_GRAPH -DGGML_SYCL_HOST_MEM_FALLBACK -DGGML_SYCL_SUPPORT_LEVEL_ZERO_API -DGGML_SYCL_WARP_SIZE=16 -D_GNU_SOURCE -D_XOPEN_SOURCE=600 -Dggml_sycl_EXPORTS -I/home/jianyuzh/ws/llama.cpp/auto_ci/28725/aicss-genai_sycl-graph-record-replay/ggml/src/ggml-sycl/.. -I/home/jianyuzh/ws/llama.cpp/auto_ci/28725/aicss-genai_sycl-graph-record-replay/ggml/src/../include -isystem /opt/intel/oneapi/compiler/2026.1/include -isystem /opt/intel/oneapi/mkl/2026.1/include -O3 -DNDEBUG -std=gnu++17 -fPIC -Xclang -fno-pch-timestamp -Wmissing-declarations -Wmissing-noreturn -Wall -Wextra -Wpedantic -Wcast-qual -Wno-unused-function -Wno-narrowing -fsycl -DMKL_ILP64 -MD -MT ggml/src/ggml-sycl/CMakeFiles/ggml-sycl.dir/common.cpp.o -MF CMakeFiles/ggml-sycl.dir/common.cpp.o.d -o CMakeFiles/ggml-sycl.dir/common.cpp.o -c /home/jianyuzh/ws/llama.cpp/auto_ci/28725/aicss-genai_sycl-graph-record-replay/ggml/src/ggml-sycl/common.cpp
cd /home/jianyuzh/ws/llama.cpp/auto_ci/28725/aicss-genai_sycl-graph-record-replay/build/ggml/src && /opt/intel/oneapi/compiler/2026.1/bin/icx -DGGML_BACKEND_BUILD -DGGML_BACKEND_SHARED -DGGML_SCHED_MAX_COPIES=4 -DGGML_SHARED -DGGML_USE_CPU_REPACK -DGGML_USE_LLAMAFILE -DGGML_USE_OPENMP -D_GNU_SOURCE -D_XOPEN_SOURCE=600 -Dggml_cpu_EXPORTS -I/home/jianyuzh/ws/llama.cpp/auto_ci/28725/aicss-genai_sycl-graph-record-replay/ggml/src/.. -I/home/jianyuzh/ws/llama.cpp/auto_ci/28725/aicss-genai_sycl-graph-record-replay/ggml/src/. -I/home/jianyuzh/ws/llama.cpp/auto_ci/28725/aicss-genai_sycl-graph-record-replay/ggml/src/ggml-cpu -I/home/jianyuzh/ws/llama.cpp/auto_ci/28725/aicss-genai_sycl-graph-record-replay/ggml/src/../include -O3 -DNDEBUG -std=gnu11 -fPIC -Xclang -fno-pch-timestamp -Wshadow -Wstrict-prototypes -Wpointer-arith -Wmissing-prototypes -Werror=implicit-int -Werror=implicit-function-declaration -Wall -Wextra -Wpedantic -Wcast-qual -Wno-unused-function -march=native -fno-associative-math -fiopenmp -MD -MT ggml/src/CMakeFiles/ggml-cpu.dir/ggml-cpu/ggml-cpu.c.o -MF CMakeFiles/ggml-cpu.dir/ggml-cpu/ggml-cpu.c.o.d -o CMakeFiles/ggml-cpu.dir/ggml-cpu/ggml-cpu.c.o -c /home/jianyuzh/ws/llama.cpp/auto_ci/28725/aicss-genai_sycl-graph-record-replay/ggml/src/ggml-cpu/ggml-cpu.c
[  7%] Building CXX object ggml/src/CMakeFiles/ggml-cpu.dir/ggml-cpu/iqp.cpp.o
cd /home/jianyuzh/ws/llama.cpp/auto_ci/28725/aicss-genai_sycl-graph-record-replay/build/ggml/src/ggml-sycl && /opt/intel/oneapi/compiler/2026.1/bin/icpx -DGGML_BACKEND_BUILD -DGGML_BACKEND_SHARED -DGGML_SCHED_MAX_COPIES=4 -DGGML_SHARED -DGGML_SYCL_DNNL=1 -DGGML_SYCL_GRAPH -DGGML_SYCL_HOST_MEM_FALLBACK -DGGML_SYCL_SUPPORT_LEVEL_ZERO_API -DGGML_SYCL_WARP_SIZE=16 -D_GNU_SOURCE -D_XOPEN_SOURCE=600 -Dggml_sycl_EXPORTS -I/home/jianyuzh/ws/llama.cpp/auto_ci/28725/aicss-genai_sycl-graph-record-replay/ggml/src/ggml-sycl/.. -I/home/jianyuzh/ws/llama.cpp/auto_ci/28725/aicss-genai_sycl-graph-record-replay/ggml/src/../include -isystem /opt/intel/oneapi/compiler/2026.1/include -isystem /opt/intel/oneapi/mkl/2026.1/include -O3 -DNDEBUG -std=gnu++17 -fPIC -Xclang -fno-pch-timestamp -Wmissing-declarations -Wmissing-noreturn -Wall -Wextra -Wpedantic -Wcast-qual -Wno-unused-function -Wno-narrowing -fsycl -DMKL_ILP64 -MD -MT ggml/src/ggml-sycl/CMakeFiles/ggml-sycl.dir/add-id.cpp.o -MF CMakeFiles/ggml-sycl.dir/add-id.cpp.o.d -o CMakeFiles/ggml-sycl.dir/add-id.cpp.o -c /home/jianyuzh/ws/llama.cpp/auto_ci/28725/aicss-genai_sycl-graph-record-replay/ggml/src/ggml-sycl/add-id.cpp
[  7%] Building CXX object ggml/src/ggml-sycl/CMakeFiles/ggml-sycl.dir/cross_entropy_loss.cpp.o
cd /home/jianyuzh/ws/llama.cpp/auto_ci/28725/aicss-genai_sycl-graph-record-replay/build/ggml/src/ggml-sycl && /opt/intel/oneapi/compiler/2026.1/bin/icpx -DGGML_BACKEND_BUILD -DGGML_BACKEND_SHARED -DGGML_SCHED_MAX_COPIES=4 -DGGML_SHARED -DGGML_SYCL_DNNL=1 -DGGML_SYCL_GRAPH -DGGML_SYCL_HOST_MEM_FALLBACK -DGGML_SYCL_SUPPORT_LEVEL_ZERO_API -DGGML_SYCL_WARP_SIZE=16 -D_GNU_SOURCE -D_XOPEN_SOURCE=600 -Dggml_sycl_EXPORTS -I/home/jianyuzh/ws/llama.cpp/auto_ci/28725/aicss-genai_sycl-graph-record-replay/ggml/src/ggml-sycl/.. -I/home/jianyuzh/ws/llama.cpp/auto_ci/28725/aicss-genai_sycl-graph-record-replay/ggml/src/../include -isystem /opt/intel/oneapi/compiler/2026.1/include -isystem /opt/intel/oneapi/mkl/2026.1/include -O3 -DNDEBUG -std=gnu++17 -fPIC -Xclang -fno-pch-timestamp -Wmissing-declarations -Wmissing-noreturn -Wall -Wextra -Wpedantic -Wcast-qual -Wno-unused-function -Wno-narrowing -fsycl -DMKL_ILP64 -MD -MT ggml/src/ggml-sycl/CMakeFiles/ggml-sycl.dir/concat.cpp.o -MF CMakeFiles/ggml-sycl.dir/concat.cpp.o.d -o CMakeFiles/ggml-sycl.dir/concat.cpp.o -c /home/jianyuzh/ws/llama.cpp/auto_ci/28725/aicss-genai_sycl-graph-record-replay/ggml/src/ggml-sycl/concat.cpp
[  7%] Building CXX object ggml/src/CMakeFiles/ggml-cpu.dir/ggml-cpu/ggml-cpu.cpp.o
cd /home/jianyuzh/ws/llama.cpp/auto_ci/28725/aicss-genai_sycl-graph-record-replay/build/ggml/src/ggml-sycl && /opt/intel/oneapi/compiler/2026.1/bin/icpx -DGGML_BACKEND_BUILD -DGGML_BACKEND_SHARED -DGGML_SCHED_MAX_COPIES=4 -DGGML_SHARED -DGGML_SYCL_DNNL=1 -DGGML_SYCL_GRAPH -DGGML_SYCL_HOST_MEM_FALLBACK -DGGML_SYCL_SUPPORT_LEVEL_ZERO_API -DGGML_SYCL_WARP_SIZE=16 -D_GNU_SOURCE -D_XOPEN_SOURCE=600 -Dggml_sycl_EXPORTS -I/home/jianyuzh/ws/llama.cpp/auto_ci/28725/aicss-genai_sycl-graph-record-replay/ggml/src/ggml-sycl/.. -I/home/jianyuzh/ws/llama.cpp/auto_ci/28725/aicss-genai_sycl-graph-record-replay/ggml/src/../include -isystem /opt/intel/oneapi/compiler/2026.1/include -isystem /opt/intel/oneapi/mkl/2026.1/include -O3 -DNDEBUG -std=gnu++17 -fPIC -Xclang -fno-pch-timestamp -Wmissing-declarations -Wmissing-noreturn -Wall -Wextra -Wpedantic -Wcast-qual -Wno-unused-function -Wno-narrowing -fsycl -DMKL_ILP64 -MD -MT ggml/src/ggml-sycl/CMakeFiles/ggml-sycl.dir/conv2d-transpose.cpp.o -MF CMakeFiles/ggml-sycl.dir/conv2d-transpose.cpp.o.d -o CMakeFiles/ggml-sycl.dir/conv2d-transpose.cpp.o -c /home/jianyuzh/ws/llama.cpp/auto_ci/28725/aicss-genai_sycl-graph-record-replay/ggml/src/ggml-sycl/conv2d-transpose.cpp
[  7%] Building CXX object ggml/src/ggml-sycl/CMakeFiles/ggml-sycl.dir/conv2d-dw.cpp.o
[  7%] Building CXX object ggml/src/ggml-sycl/CMakeFiles/ggml-sycl.dir/convert.cpp.o
cd /home/jianyuzh/ws/llama.cpp/auto_ci/28725/aicss-genai_sycl-graph-record-replay/build/ggml/src/ggml-sycl && /opt/intel/oneapi/compiler/2026.1/bin/icpx -DGGML_BACKEND_BUILD -DGGML_BACKEND_SHARED -DGGML_SCHED_MAX_COPIES=4 -DGGML_SHARED -DGGML_SYCL_DNNL=1 -DGGML_SYCL_GRAPH -DGGML_SYCL_HOST_MEM_FALLBACK -DGGML_SYCL_SUPPORT_LEVEL_ZERO_API -DGGML_SYCL_WARP_SIZE=16 -D_GNU_SOURCE -D_XOPEN_SOURCE=600 -Dggml_sycl_EXPORTS -I/home/jianyuzh/ws/llama.cpp/auto_ci/28725/aicss-genai_sycl-graph-record-replay/ggml/src/ggml-sycl/.. -I/home/jianyuzh/ws/llama.cpp/auto_ci/28725/aicss-genai_sycl-graph-record-replay/ggml/src/../include -isystem /opt/intel/oneapi/compiler/2026.1/include -isystem /opt/intel/oneapi/mkl/2026.1/include -O3 -DNDEBUG -std=gnu++17 -fPIC -Xclang -fno-pch-timestamp -Wmissing-declarations -Wmissing-noreturn -Wall -Wextra -Wpedantic -Wcast-qual -Wno-unused-function -Wno-narrowing -fsycl -DMKL_ILP64 -MD -MT ggml/src/ggml-sycl/CMakeFiles/ggml-sycl.dir/conv3d.cpp.o -MF CMakeFiles/ggml-sycl.dir/conv3d.cpp.o.d -o CMakeFiles/ggml-sycl.dir/conv3d.cpp.o -c /home/jianyuzh/ws/llama.cpp/auto_ci/28725/aicss-genai_sycl-graph-record-replay/ggml/src/ggml-sycl/conv3d.cpp
[  7%] Building CXX object ggml/src/ggml-sycl/CMakeFiles/ggml-sycl.dir/count-equal.cpp.o
[  7%] Building CXX object ggml/src/CMakeFiles/ggml-cpu.dir/ggml-cpu/repack.cpp.o
[  7%] Building CXX object ggml/src/ggml-sycl/CMakeFiles/ggml-sycl.dir/cpy.cpp.o
cd /home/jianyuzh/ws/llama.cpp/auto_ci/28725/aicss-genai_sycl-graph-record-replay/build/ggml/src && /opt/intel/oneapi/compiler/2026.1/bin/icpx -DGGML_BACKEND_BUILD -DGGML_BACKEND_SHARED -DGGML_SCHED_MAX_COPIES=4 -DGGML_SHARED -DGGML_USE_CPU_REPACK -DGGML_USE_LLAMAFILE -DGGML_USE_OPENMP -D_GNU_SOURCE -D_XOPEN_SOURCE=600 -Dggml_cpu_EXPORTS -I/home/jianyuzh/ws/llama.cpp/auto_ci/28725/aicss-genai_sycl-graph-record-replay/ggml/src/.. -I/home/jianyuzh/ws/llama.cpp/auto_ci/28725/aicss-genai_sycl-graph-record-replay/ggml/src/. -I/home/jianyuzh/ws/llama.cpp/auto_ci/28725/aicss-genai_sycl-graph-record-replay/ggml/src/ggml-cpu -I/home/jianyuzh/ws/llama.cpp/auto_ci/28725/aicss-genai_sycl-graph-record-replay/ggml/src/../include -O3 -DNDEBUG -std=gnu++17 -fPIC -Xclang -fno-pch-timestamp -Wmissing-declarations -Wmissing-noreturn -Wall -Wextra -Wpedantic -Wcast-qual -Wno-unused-function -march=native -fno-associative-math -fiopenmp -MD -MT ggml/src/CMakeFiles/ggml-cpu.dir/ggml-cpu/hbm.cpp.o -MF CMakeFiles/ggml-cpu.dir/ggml-cpu/hbm.cpp.o.d -o CMakeFiles/ggml-cpu.dir/ggml-cpu/hbm.cpp.o -c /home/jianyuzh/ws/llama.cpp/auto_ci/28725/aicss-genai_sycl-graph-record-replay/ggml/src/ggml-cpu/hbm.cpp
cd /home/jianyuzh/ws/llama.cpp/auto_ci/28725/aicss-genai_sycl-graph-record-replay/build/ggml/src && /opt/intel/oneapi/compiler/2026.1/bin/icpx -DGGML_BACKEND_BUILD -DGGML_BACKEND_SHARED -DGGML_SCHED_MAX_COPIES=4 -DGGML_SHARED -DGGML_USE_CPU_REPACK -DGGML_USE_LLAMAFILE -DGGML_USE_OPENMP -D_GNU_SOURCE -D_XOPEN_SOURCE=600 -Dggml_cpu_EXPORTS -I/home/jianyuzh/ws/llama.cpp/auto_ci/28725/aicss-genai_sycl-graph-record-replay/ggml/src/.. -I/home/jianyuzh/ws/llama.cpp/auto_ci/28725/aicss-genai_sycl-graph-record-replay/ggml/src/. -I/home/jianyuzh/ws/llama.cpp/auto_ci/28725/aicss-genai_sycl-graph-record-replay/ggml/src/ggml-cpu -I/home/jianyuzh/ws/llama.cpp/auto_ci/28725/aicss-genai_sycl-graph-record-replay/ggml/src/../include -O3 -DNDEBUG -std=gnu++17 -fPIC -Xclang -fno-pch-timestamp -Wmissing-declarations -Wmissing-noreturn -Wall -Wextra -Wpedantic -Wcast-qual -Wno-unused-function -march=native -fno-associative-math -fiopenmp -MD -MT ggml/src/CMakeFiles/ggml-cpu.dir/ggml-cpu/iqp.cpp.o -MF CMakeFiles/ggml-cpu.dir/ggml-cpu/iqp.cpp.o.d -o CMakeFiles/ggml-cpu.dir/ggml-cpu/iqp.cpp.o -c /home/jianyuzh/ws/llama.cpp/auto_ci/28725/aicss-genai_sycl-graph-record-replay/ggml/src/ggml-cpu/iqp.cpp
[  9%] Building C object ggml/src/CMakeFiles/ggml-cpu.dir/ggml-cpu/quants.c.o
[  9%] Building CXX object ggml/src/ggml-sycl/CMakeFiles/ggml-sycl.dir/conv2d.cpp.o
[  9%] Building CXX object ggml/src/CMakeFiles/ggml-cpu.dir/ggml-cpu/traits.cpp.o
cd /home/jianyuzh/ws/llama.cpp/auto_ci/28725/aicss-genai_sycl-graph-record-replay/build/ggml/src/ggml-sycl && /opt/intel/oneapi/compiler/2026.1/bin/icpx -DGGML_BACKEND_BUILD -DGGML_BACKEND_SHARED -DGGML_SCHED_MAX_COPIES=4 -DGGML_SHARED -DGGML_SYCL_DNNL=1 -DGGML_SYCL_GRAPH -DGGML_SYCL_HOST_MEM_FALLBACK -DGGML_SYCL_SUPPORT_LEVEL_ZERO_API -DGGML_SYCL_WARP_SIZE=16 -D_GNU_SOURCE -D_XOPEN_SOURCE=600 -Dggml_sycl_EXPORTS -I/home/jianyuzh/ws/llama.cpp/auto_ci/28725/aicss-genai_sycl-graph-record-replay/ggml/src/ggml-sycl/.. -I/home/jianyuzh/ws/llama.cpp/auto_ci/28725/aicss-genai_sycl-graph-record-replay/ggml/src/../include -isystem /opt/intel/oneapi/compiler/2026.1/include -isystem /opt/intel/oneapi/mkl/2026.1/include -O3 -DNDEBUG -std=gnu++17 -fPIC -Xclang -fno-pch-timestamp -Wmissing-declarations -Wmissing-noreturn -Wall -Wextra -Wpedantic -Wcast-qual -Wno-unused-function -Wno-narrowing -fsycl -DMKL_ILP64 -MD -MT ggml/src/ggml-sycl/CMakeFiles/ggml-sycl.dir/cross_entropy_loss.cpp.o -MF CMakeFiles/ggml-sycl.dir/cross_entropy_loss.cpp.o.d -o CMakeFiles/ggml-sycl.dir/cross_entropy_loss.cpp.o -c /home/jianyuzh/ws/llama.cpp/auto_ci/28725/aicss-genai_sycl-graph-record-replay/ggml/src/ggml-sycl/cross_entropy_loss.cpp
[  9%] Building CXX object ggml/src/ggml-sycl/CMakeFiles/ggml-sycl.dir/dsv4-hc.cpp.o
cd /home/jianyuzh/ws/llama.cpp/auto_ci/28725/aicss-genai_sycl-graph-record-replay/build/ggml/src && /opt/intel/oneapi/compiler/2026.1/bin/icpx -DGGML_BACKEND_BUILD -DGGML_BACKEND_SHARED -DGGML_SCHED_MAX_COPIES=4 -DGGML_SHARED -DGGML_USE_CPU_REPACK -DGGML_USE_LLAMAFILE -DGGML_USE_OPENMP -D_GNU_SOURCE -D_XOPEN_SOURCE=600 -Dggml_cpu_EXPORTS -I/home/jianyuzh/ws/llama.cpp/auto_ci/28725/aicss-genai_sycl-graph-record-replay/ggml/src/.. -I/home/jianyuzh/ws/llama.cpp/auto_ci/28725/aicss-genai_sycl-graph-record-replay/ggml/src/. -I/home/jianyuzh/ws/llama.cpp/auto_ci/28725/aicss-genai_sycl-graph-record-replay/ggml/src/ggml-cpu -I/home/jianyuzh/ws/llama.cpp/auto_ci/28725/aicss-genai_sycl-graph-record-replay/ggml/src/../include -O3 -DNDEBUG -std=gnu++17 -fPIC -Xclang -fno-pch-timestamp -Wmissing-declarations -Wmissing-noreturn -Wall -Wextra -Wpedantic -Wcast-qual -Wno-unused-function -march=native -fno-associative-math -fiopenmp -MD -MT ggml/src/CMakeFiles/ggml-cpu.dir/ggml-cpu/ggml-cpu.cpp.o -MF CMakeFiles/ggml-cpu.dir/ggml-cpu/ggml-cpu.cpp.o.d -o CMakeFiles/ggml-cpu.dir/ggml-cpu/ggml-cpu.cpp.o -c /home/jianyuzh/ws/llama.cpp/auto_ci/28725/aicss-genai_sycl-graph-record-replay/ggml/src/ggml-cpu/ggml-cpu.cpp
[  9%] Building CXX object ggml/src/CMakeFiles/ggml-cpu.dir/ggml-cpu/amx/amx.cpp.o
cd /home/jianyuzh/ws/llama.cpp/auto_ci/28725/aicss-genai_sycl-graph-record-replay/build/ggml/src/ggml-sycl && /opt/intel/oneapi/compiler/2026.1/bin/icpx -DGGML_BACKEND_BUILD -DGGML_BACKEND_SHARED -DGGML_SCHED_MAX_COPIES=4 -DGGML_SHARED -DGGML_SYCL_DNNL=1 -DGGML_SYCL_GRAPH -DGGML_SYCL_HOST_MEM_FALLBACK -DGGML_SYCL_SUPPORT_LEVEL_ZERO_API -DGGML_SYCL_WARP_SIZE=16 -D_GNU_SOURCE -D_XOPEN_SOURCE=600 -Dggml_sycl_EXPORTS -I/home/jianyuzh/ws/llama.cpp/auto_ci/28725/aicss-genai_sycl-graph-record-replay/ggml/src/ggml-sycl/.. -I/home/jianyuzh/ws/llama.cpp/auto_ci/28725/aicss-genai_sycl-graph-record-replay/ggml/src/../include -isystem /opt/intel/oneapi/compiler/2026.1/include -isystem /opt/intel/oneapi/mkl/2026.1/include -O3 -DNDEBUG -std=gnu++17 -fPIC -Xclang -fno-pch-timestamp -Wmissing-declarations -Wmissing-noreturn -Wall -Wextra -Wpedantic -Wcast-qual -Wno-unused-function -Wno-narrowing -fsycl -DMKL_ILP64 -MD -MT ggml/src/ggml-sycl/CMakeFiles/ggml-sycl.dir/conv2d-dw.cpp.o -MF CMakeFiles/ggml-sycl.dir/conv2d-dw.cpp.o.d -o CMakeFiles/ggml-sycl.dir/conv2d-dw.cpp.o -c /home/jianyuzh/ws/llama.cpp/auto_ci/28725/aicss-genai_sycl-graph-record-replay/ggml/src/ggml-sycl/conv2d-dw.cpp
[  9%] Building CXX object ggml/src/ggml-sycl/CMakeFiles/ggml-sycl.dir/diag.cpp.o
[  9%] Building CXX object ggml/src/CMakeFiles/ggml-cpu.dir/ggml-cpu/amx/mmq.cpp.o
cd /home/jianyuzh/ws/llama.cpp/auto_ci/28725/aicss-genai_sycl-graph-record-replay/build/ggml/src/ggml-sycl && /opt/intel/oneapi/compiler/2026.1/bin/icpx -DGGML_BACKEND_BUILD -DGGML_BACKEND_SHARED -DGGML_SCHED_MAX_COPIES=4 -DGGML_SHARED -DGGML_SYCL_DNNL=1 -DGGML_SYCL_GRAPH -DGGML_SYCL_HOST_MEM_FALLBACK -DGGML_SYCL_SUPPORT_LEVEL_ZERO_API -DGGML_SYCL_WARP_SIZE=16 -D_GNU_SOURCE -D_XOPEN_SOURCE=600 -Dggml_sycl_EXPORTS -I/home/jianyuzh/ws/llama.cpp/auto_ci/28725/aicss-genai_sycl-graph-record-replay/ggml/src/ggml-sycl/.. -I/home/jianyuzh/ws/llama.cpp/auto_ci/28725/aicss-genai_sycl-graph-record-replay/ggml/src/../include -isystem /opt/intel/oneapi/compiler/2026.1/include -isystem /opt/intel/oneapi/mkl/2026.1/include -O3 -DNDEBUG -std=gnu++17 -fPIC -Xclang -fno-pch-timestamp -Wmissing-declarations -Wmissing-noreturn -Wall -Wextra -Wpedantic -Wcast-qual -Wno-unused-function -Wno-narrowing -fsycl -DMKL_ILP64 -MD -MT ggml/src/ggml-sycl/CMakeFiles/ggml-sycl.dir/convert.cpp.o -MF CMakeFiles/ggml-sycl.dir/convert.cpp.o.d -o CMakeFiles/ggml-sycl.dir/convert.cpp.o -c /home/jianyuzh/ws/llama.cpp/auto_ci/28725/aicss-genai_sycl-graph-record-replay/ggml/src/ggml-sycl/convert.cpp
[ 10%] Building CXX object ggml/src/CMakeFiles/ggml-cpu.dir/ggml-cpu/unary-ops.cpp.o
[ 10%] Building CXX object ggml/src/CMakeFiles/ggml-cpu.dir/ggml-cpu/vec.cpp.o
cd /home/jianyuzh/ws/llama.cpp/auto_ci/28725/aicss-genai_sycl-graph-record-replay/build/ggml/src && /opt/intel/oneapi/compiler/2026.1/bin/icpx -DGGML_BACKEND_BUILD -DGGML_BACKEND_SHARED -DGGML_SCHED_MAX_COPIES=4 -DGGML_SHARED -DGGML_USE_CPU_REPACK -DGGML_USE_LLAMAFILE -DGGML_USE_OPENMP -D_GNU_SOURCE -D_XOPEN_SOURCE=600 -Dggml_cpu_EXPORTS -I/home/jianyuzh/ws/llama.cpp/auto_ci/28725/aicss-genai_sycl-graph-record-replay/ggml/src/.. -I/home/jianyuzh/ws/llama.cpp/auto_ci/28725/aicss-genai_sycl-graph-record-replay/ggml/src/. -I/home/jianyuzh/ws/llama.cpp/auto_ci/28725/aicss-genai_sycl-graph-record-replay/ggml/src/ggml-cpu -I/home/jianyuzh/ws/llama.cpp/auto_ci/28725/aicss-genai_sycl-graph-record-replay/ggml/src/../include -O3 -DNDEBUG -std=gnu++17 -fPIC -Xclang -fno-pch-timestamp -Wmissing-declarations -Wmissing-noreturn -Wall -Wextra -Wpedantic -Wcast-qual -Wno-unused-function -march=native -fno-associative-math -fiopenmp -MD -MT ggml/src/CMakeFiles/ggml-cpu.dir/ggml-cpu/repack.cpp.o -MF CMakeFiles/ggml-cpu.dir/ggml-cpu/repack.cpp.o.d -o CMakeFiles/ggml-cpu.dir/ggml-cpu/repack.cpp.o -c /home/jianyuzh/ws/llama.cpp/auto_ci/28725/aicss-genai_sycl-graph-record-replay/ggml/src/ggml-cpu/repack.cpp
cd /home/jianyuzh/ws/llama.cpp/auto_ci/28725/aicss-genai_sycl-graph-record-replay/build/ggml/src/ggml-sycl && /opt/intel/oneapi/compiler/2026.1/bin/icpx -DGGML_BACKEND_BUILD -DGGML_BACKEND_SHARED -DGGML_SCHED_MAX_COPIES=4 -DGGML_SHARED -DGGML_SYCL_DNNL=1 -DGGML_SYCL_GRAPH -DGGML_SYCL_HOST_MEM_FALLBACK -DGGML_SYCL_SUPPORT_LEVEL_ZERO_API -DGGML_SYCL_WARP_SIZE=16 -D_GNU_SOURCE -D_XOPEN_SOURCE=600 -Dggml_sycl_EXPORTS -I/home/jianyuzh/ws/llama.cpp/auto_ci/28725/aicss-genai_sycl-graph-record-replay/ggml/src/ggml-sycl/.. -I/home/jianyuzh/ws/llama.cpp/auto_ci/28725/aicss-genai_sycl-graph-record-replay/ggml/src/../include -isystem /opt/intel/oneapi/compiler/2026.1/include -isystem /opt/intel/oneapi/mkl/2026.1/include -O3 -DNDEBUG -std=gnu++17 -fPIC -Xclang -fno-pch-timestamp -Wmissing-declarations -Wmissing-noreturn -Wall -Wextra -Wpedantic -Wcast-qual -Wno-unused-function -Wno-narrowing -fsycl -DMKL_ILP64 -MD -MT ggml/src/ggml-sycl/CMakeFiles/ggml-sycl.dir/count-equal.cpp.o -MF CMakeFiles/ggml-sycl.dir/count-equal.cpp.o.d -o CMakeFiles/ggml-sycl.dir/count-equal.cpp.o -c /home/jianyuzh/ws/llama.cpp/auto_ci/28725/aicss-genai_sycl-graph-record-replay/ggml/src/ggml-sycl/count-equal.cpp
[ 10%] Building CXX object ggml/src/CMakeFiles/ggml-cpu.dir/ggml-cpu/binary-ops.cpp.o
cd /home/jianyuzh/ws/llama.cpp/auto_ci/28725/aicss-genai_sycl-graph-record-replay/build/ggml/src && /opt/intel/oneapi/compiler/2026.1/bin/icx -DGGML_BACKEND_BUILD -DGGML_BACKEND_SHARED -DGGML_SCHED_MAX_COPIES=4 -DGGML_SHARED -DGGML_USE_CPU_REPACK -DGGML_USE_LLAMAFILE -DGGML_USE_OPENMP -D_GNU_SOURCE -D_XOPEN_SOURCE=600 -Dggml_cpu_EXPORTS -I/home/jianyuzh/ws/llama.cpp/auto_ci/28725/aicss-genai_sycl-graph-record-replay/ggml/src/.. -I/home/jianyuzh/ws/llama.cpp/auto_ci/28725/aicss-genai_sycl-graph-record-replay/ggml/src/. -I/home/jianyuzh/ws/llama.cpp/auto_ci/28725/aicss-genai_sycl-graph-record-replay/ggml/src/ggml-cpu -I/home/jianyuzh/ws/llama.cpp/auto_ci/28725/aicss-genai_sycl-graph-record-replay/ggml/src/../include -O3 -DNDEBUG -std=gnu11 -fPIC -Xclang -fno-pch-timestamp -Wshadow -Wstrict-prototypes -Wpointer-arith -Wmissing-prototypes -Werror=implicit-int -Werror=implicit-function-declaration -Wall -Wextra -Wpedantic -Wcast-qual -Wno-unused-function -march=native -fno-associative-math -fiopenmp -MD -MT ggml/src/CMakeFiles/ggml-cpu.dir/ggml-cpu/quants.c.o -MF CMakeFiles/ggml-cpu.dir/ggml-cpu/quants.c.o.d -o CMakeFiles/ggml-cpu.dir/ggml-cpu/quants.c.o -c /home/jianyuzh/ws/llama.cpp/auto_ci/28725/aicss-genai_sycl-graph-record-replay/ggml/src/ggml-cpu/quants.c
cd /home/jianyuzh/ws/llama.cpp/auto_ci/28725/aicss-genai_sycl-graph-record-replay/build/ggml/src/ggml-sycl && /opt/intel/oneapi/compiler/2026.1/bin/icpx -DGGML_BACKEND_BUILD -DGGML_BACKEND_SHARED -DGGML_SCHED_MAX_COPIES=4 -DGGML_SHARED -DGGML_SYCL_DNNL=1 -DGGML_SYCL_GRAPH -DGGML_SYCL_HOST_MEM_FALLBACK -DGGML_SYCL_SUPPORT_LEVEL_ZERO_API -DGGML_SYCL_WARP_SIZE=16 -D_GNU_SOURCE -D_XOPEN_SOURCE=600 -Dggml_sycl_EXPORTS -I/home/jianyuzh/ws/llama.cpp/auto_ci/28725/aicss-genai_sycl-graph-record-replay/ggml/src/ggml-sycl/.. -I/home/jianyuzh/ws/llama.cpp/auto_ci/28725/aicss-genai_sycl-graph-record-replay/ggml/src/../include -isystem /opt/intel/oneapi/compiler/2026.1/include -isystem /opt/intel/oneapi/mkl/2026.1/include -O3 -DNDEBUG -std=gnu++17 -fPIC -Xclang -fno-pch-timestamp -Wmissing-declarations -Wmissing-noreturn -Wall -Wextra -Wpedantic -Wcast-qual -Wno-unused-function -Wno-narrowing -fsycl -DMKL_ILP64 -MD -MT ggml/src/ggml-sycl/CMakeFiles/ggml-sycl.dir/cpy.cpp.o -MF CMakeFiles/ggml-sycl.dir/cpy.cpp.o.d -o CMakeFiles/ggml-sycl.dir/cpy.cpp.o -c /home/jianyuzh/ws/llama.cpp/auto_ci/28725/aicss-genai_sycl-graph-record-replay/ggml/src/ggml-sycl/cpy.cpp
cd /home/jianyuzh/ws/llama.cpp/auto_ci/28725/aicss-genai_sycl-graph-record-replay/build/ggml/src && /opt/intel/oneapi/compiler/2026.1/bin/icpx -DGGML_BACKEND_BUILD -DGGML_BACKEND_SHARED -DGGML_SCHED_MAX_COPIES=4 -DGGML_SHARED -DGGML_USE_CPU_REPACK -DGGML_USE_LLAMAFILE -DGGML_USE_OPENMP -D_GNU_SOURCE -D_XOPEN_SOURCE=600 -Dggml_cpu_EXPORTS -I/home/jianyuzh/ws/llama.cpp/auto_ci/28725/aicss-genai_sycl-graph-record-replay/ggml/src/.. -I/home/jianyuzh/ws/llama.cpp/auto_ci/28725/aicss-genai_sycl-graph-record-replay/ggml/src/. -I/home/jianyuzh/ws/llama.cpp/auto_ci/28725/aicss-genai_sycl-graph-record-replay/ggml/src/ggml-cpu -I/home/jianyuzh/ws/llama.cpp/auto_ci/28725/aicss-genai_sycl-graph-record-replay/ggml/src/../include -O3 -DNDEBUG -std=gnu++17 -fPIC -Xclang -fno-pch-timestamp -Wmissing-declarations -Wmissing-noreturn -Wall -Wextra -Wpedantic -Wcast-qual -Wno-unused-function -march=native -fno-associative-math -fiopenmp -MD -MT ggml/src/CMakeFiles/ggml-cpu.dir/ggml-cpu/traits.cpp.o -MF CMakeFiles/ggml-cpu.dir/ggml-cpu/traits.cpp.o.d -o CMakeFiles/ggml-cpu.dir/ggml-cpu/traits.cpp.o -c /home/jianyuzh/ws/llama.cpp/auto_ci/28725/aicss-genai_sycl-graph-record-replay/ggml/src/ggml-cpu/traits.cpp
[ 11%] Building CXX object ggml/src/ggml-sycl/CMakeFiles/ggml-sycl.dir/element_wise.cpp.o
[ 11%] Building CXX object ggml/src/ggml-sycl/CMakeFiles/ggml-sycl.dir/cumsum.cpp.o
cd /home/jianyuzh/ws/llama.cpp/auto_ci/28725/aicss-genai_sycl-graph-record-replay/build/ggml/src/ggml-sycl && /opt/intel/oneapi/compiler/2026.1/bin/icpx -DGGML_BACKEND_BUILD -DGGML_BACKEND_SHARED -DGGML_SCHED_MAX_COPIES=4 -DGGML_SHARED -DGGML_SYCL_DNNL=1 -DGGML_SYCL_GRAPH -DGGML_SYCL_HOST_MEM_FALLBACK -DGGML_SYCL_SUPPORT_LEVEL_ZERO_API -DGGML_SYCL_WARP_SIZE=16 -D_GNU_SOURCE -D_XOPEN_SOURCE=600 -Dggml_sycl_EXPORTS -I/home/jianyuzh/ws/llama.cpp/auto_ci/28725/aicss-genai_sycl-graph-record-replay/ggml/src/ggml-sycl/.. -I/home/jianyuzh/ws/llama.cpp/auto_ci/28725/aicss-genai_sycl-graph-record-replay/ggml/src/../include -isystem /opt/intel/oneapi/compiler/2026.1/include -isystem /opt/intel/oneapi/mkl/2026.1/include -O3 -DNDEBUG -std=gnu++17 -fPIC -Xclang -fno-pch-timestamp -Wmissing-declarations -Wmissing-noreturn -Wall -Wextra -Wpedantic -Wcast-qual -Wno-unused-function -Wno-narrowing -fsycl -DMKL_ILP64 -MD -MT ggml/src/ggml-sycl/CMakeFiles/ggml-sycl.dir/conv2d.cpp.o -MF CMakeFiles/ggml-sycl.dir/conv2d.cpp.o.d -o CMakeFiles/ggml-sycl.dir/conv2d.cpp.o -c /home/jianyuzh/ws/llama.cpp/auto_ci/28725/aicss-genai_sycl-graph-record-replay/ggml/src/ggml-sycl/conv2d.cpp
[ 11%] Building CXX object ggml/src/ggml-sycl/CMakeFiles/ggml-sycl.dir/dmmv.cpp.o
cd /home/jianyuzh/ws/llama.cpp/auto_ci/28725/aicss-genai_sycl-graph-record-replay/build/ggml/src/ggml-sycl && /opt/intel/oneapi/compiler/2026.1/bin/icpx -DGGML_BACKEND_BUILD -DGGML_BACKEND_SHARED -DGGML_SCHED_MAX_COPIES=4 -DGGML_SHARED -DGGML_SYCL_DNNL=1 -DGGML_SYCL_GRAPH -DGGML_SYCL_HOST_MEM_FALLBACK -DGGML_SYCL_SUPPORT_LEVEL_ZERO_API -DGGML_SYCL_WARP_SIZE=16 -D_GNU_SOURCE -D_XOPEN_SOURCE=600 -Dggml_sycl_EXPORTS -I/home/jianyuzh/ws/llama.cpp/auto_ci/28725/aicss-genai_sycl-graph-record-replay/ggml/src/ggml-sycl/.. -I/home/jianyuzh/ws/llama.cpp/auto_ci/28725/aicss-genai_sycl-graph-record-replay/ggml/src/../include -isystem /opt/intel/oneapi/compiler/2026.1/include -isystem /opt/intel/oneapi/mkl/2026.1/include -O3 -DNDEBUG -std=gnu++17 -fPIC -Xclang -fno-pch-timestamp -Wmissing-declarations -Wmissing-noreturn -Wall -Wextra -Wpedantic -Wcast-qual -Wno-unused-function -Wno-narrowing -fsycl -DMKL_ILP64 -MD -MT ggml/src/ggml-sycl/CMakeFiles/ggml-sycl.dir/dsv4-hc.cpp.o -MF CMakeFiles/ggml-sycl.dir/dsv4-hc.cpp.o.d -o CMakeFiles/ggml-sycl.dir/dsv4-hc.cpp.o -c /home/jianyuzh/ws/llama.cpp/auto_ci/28725/aicss-genai_sycl-graph-record-replay/ggml/src/ggml-sycl/dsv4-hc.cpp
cd /home/jianyuzh/ws/llama.cpp/auto_ci/28725/aicss-genai_sycl-graph-record-replay/build/ggml/src && /opt/intel/oneapi/compiler/2026.1/bin/icpx -DGGML_BACKEND_BUILD -DGGML_BACKEND_SHARED -DGGML_SCHED_MAX_COPIES=4 -DGGML_SHARED -DGGML_USE_CPU_REPACK -DGGML_USE_LLAMAFILE -DGGML_USE_OPENMP -D_GNU_SOURCE -D_XOPEN_SOURCE=600 -Dggml_cpu_EXPORTS -I/home/jianyuzh/ws/llama.cpp/auto_ci/28725/aicss-genai_sycl-graph-record-replay/ggml/src/.. -I/home/jianyuzh/ws/llama.cpp/auto_ci/28725/aicss-genai_sycl-graph-record-replay/ggml/src/. -I/home/jianyuzh/ws/llama.cpp/auto_ci/28725/aicss-genai_sycl-graph-record-replay/ggml/src/ggml-cpu -I/home/jianyuzh/ws/llama.cpp/auto_ci/28725/aicss-genai_sycl-graph-record-replay/ggml/src/../include -O3 -DNDEBUG -std=gnu++17 -fPIC -Xclang -fno-pch-timestamp -Wmissing-declarations -Wmissing-noreturn -Wall -Wextra -Wpedantic -Wcast-qual -Wno-unused-function -march=native -fno-associative-math -fiopenmp -MD -MT ggml/src/CMakeFiles/ggml-cpu.dir/ggml-cpu/amx/amx.cpp.o -MF CMakeFiles/ggml-cpu.dir/ggml-cpu/amx/amx.cpp.o.d -o CMakeFiles/ggml-cpu.dir/ggml-cpu/amx/amx.cpp.o -c /home/jianyuzh/ws/llama.cpp/auto_ci/28725/aicss-genai_sycl-graph-record-replay/ggml/src/ggml-cpu/amx/amx.cpp
[ 12%] Building CXX object ggml/src/ggml-sycl/CMakeFiles/ggml-sycl.dir/fattn-mkl.cpp.o
[ 12%] Building CXX object ggml/src/ggml-sycl/CMakeFiles/ggml-sycl.dir/fattn-buffers.cpp.o
[ 12%] Building CXX object ggml/src/ggml-sycl/CMakeFiles/ggml-sycl.dir/fattn-onednn.cpp.o
[ 12%] Building CXX object ggml/src/CMakeFiles/ggml-cpu.dir/ggml-cpu/ops.cpp.o
cd /home/jianyuzh/ws/llama.cpp/auto_ci/28725/aicss-genai_sycl-graph-record-replay/build/ggml/src/ggml-sycl && /opt/intel/oneapi/compiler/2026.1/bin/icpx -DGGML_BACKEND_BUILD -DGGML_BACKEND_SHARED -DGGML_SCHED_MAX_COPIES=4 -DGGML_SHARED -DGGML_SYCL_DNNL=1 -DGGML_SYCL_GRAPH -DGGML_SYCL_HOST_MEM_FALLBACK -DGGML_SYCL_SUPPORT_LEVEL_ZERO_API -DGGML_SYCL_WARP_SIZE=16 -D_GNU_SOURCE -D_XOPEN_SOURCE=600 -Dggml_sycl_EXPORTS -I/home/jianyuzh/ws/llama.cpp/auto_ci/28725/aicss-genai_sycl-graph-record-replay/ggml/src/ggml-sycl/.. -I/home/jianyuzh/ws/llama.cpp/auto_ci/28725/aicss-genai_sycl-graph-record-replay/ggml/src/../include -isystem /opt/intel/oneapi/compiler/2026.1/include -isystem /opt/intel/oneapi/mkl/2026.1/include -O3 -DNDEBUG -std=gnu++17 -fPIC -Xclang -fno-pch-timestamp -Wmissing-declarations -Wmissing-noreturn -Wall -Wextra -Wpedantic -Wcast-qual -Wno-unused-function -Wno-narrowing -fsycl -DMKL_ILP64 -MD -MT ggml/src/ggml-sycl/CMakeFiles/ggml-sycl.dir/diag.cpp.o -MF CMakeFiles/ggml-sycl.dir/diag.cpp.o.d -o CMakeFiles/ggml-sycl.dir/diag.cpp.o -c /home/jianyuzh/ws/llama.cpp/auto_ci/28725/aicss-genai_sycl-graph-record-replay/ggml/src/ggml-sycl/diag.cpp
cd /home/jianyuzh/ws/llama.cpp/auto_ci/28725/aicss-genai_sycl-graph-record-replay/build/ggml/src && /opt/intel/oneapi/compiler/2026.1/bin/icpx -DGGML_BACKEND_BUILD -DGGML_BACKEND_SHARED -DGGML_SCHED_MAX_COPIES=4 -DGGML_SHARED -DGGML_USE_CPU_REPACK -DGGML_USE_LLAMAFILE -DGGML_USE_OPENMP -D_GNU_SOURCE -D_XOPEN_SOURCE=600 -Dggml_cpu_EXPORTS -I/home/jianyuzh/ws/llama.cpp/auto_ci/28725/aicss-genai_sycl-graph-record-replay/ggml/src/.. -I/home/jianyuzh/ws/llama.cpp/auto_ci/28725/aicss-genai_sycl-graph-record-replay/ggml/src/. -I/home/jianyuzh/ws/llama.cpp/auto_ci/28725/aicss-genai_sycl-graph-record-replay/ggml/src/ggml-cpu -I/home/jianyuzh/ws/llama.cpp/auto_ci/28725/aicss-genai_sycl-graph-record-replay/ggml/src/../include -O3 -DNDEBUG -std=gnu++17 -fPIC -Xclang -fno-pch-timestamp -Wmissing-declarations -Wmissing-noreturn -Wall -Wextra -Wpedantic -Wcast-qual -Wno-unused-function -march=native -fno-associative-math -fiopenmp -MD -MT ggml/src/CMakeFiles/ggml-cpu.dir/ggml-cpu/amx/mmq.cpp.o -MF CMakeFiles/ggml-cpu.dir/ggml-cpu/amx/mmq.cpp.o.d -o CMakeFiles/ggml-cpu.dir/ggml-cpu/amx/mmq.cpp.o -c /home/jianyuzh/ws/llama.cpp/auto_ci/28725/aicss-genai_sycl-graph-record-replay/ggml/src/ggml-cpu/amx/mmq.cpp
[ 12%] Building CXX object ggml/src/CMakeFiles/ggml-cpu.dir/ggml-cpu/llamafile/sgemm.cpp.o
cd /home/jianyuzh/ws/llama.cpp/auto_ci/28725/aicss-genai_sycl-graph-record-replay/build/ggml/src && /opt/intel/oneapi/compiler/2026.1/bin/icpx -DGGML_BACKEND_BUILD -DGGML_BACKEND_SHARED -DGGML_SCHED_MAX_COPIES=4 -DGGML_SHARED -DGGML_USE_CPU_REPACK -DGGML_USE_LLAMAFILE -DGGML_USE_OPENMP -D_GNU_SOURCE -D_XOPEN_SOURCE=600 -Dggml_cpu_EXPORTS -I/home/jianyuzh/ws/llama.cpp/auto_ci/28725/aicss-genai_sycl-graph-record-replay/ggml/src/.. -I/home/jianyuzh/ws/llama.cpp/auto_ci/28725/aicss-genai_sycl-graph-record-replay/ggml/src/. -I/home/jianyuzh/ws/llama.cpp/auto_ci/28725/aicss-genai_sycl-graph-record-replay/ggml/src/ggml-cpu -I/home/jianyuzh/ws/llama.cpp/auto_ci/28725/aicss-genai_sycl-graph-record-replay/ggml/src/../include -O3 -DNDEBUG -std=gnu++17 -fPIC -Xclang -fno-pch-timestamp -Wmissing-declarations -Wmissing-noreturn -Wall -Wextra -Wpedantic -Wcast-qual -Wno-unused-function -march=native -fno-associative-math -fiopenmp -MD -MT ggml/src/CMakeFiles/ggml-cpu.dir/ggml-cpu/unary-ops.cpp.o -MF CMakeFiles/ggml-cpu.dir/ggml-cpu/unary-ops.cpp.o.d -o CMakeFiles/ggml-cpu.dir/ggml-cpu/unary-ops.cpp.o -c /home/jianyuzh/ws/llama.cpp/auto_ci/28725/aicss-genai_sycl-graph-record-replay/ggml/src/ggml-cpu/unary-ops.cpp
cd /home/jianyuzh/ws/llama.cpp/auto_ci/28725/aicss-genai_sycl-graph-record-replay/build/ggml/src && /opt/intel/oneapi/compiler/2026.1/bin/icpx -DGGML_BACKEND_BUILD -DGGML_BACKEND_SHARED -DGGML_SCHED_MAX_COPIES=4 -DGGML_SHARED -DGGML_USE_CPU_REPACK -DGGML_USE_LLAMAFILE -DGGML_USE_OPENMP -D_GNU_SOURCE -D_XOPEN_SOURCE=600 -Dggml_cpu_EXPORTS -I/home/jianyuzh/ws/llama.cpp/auto_ci/28725/aicss-genai_sycl-graph-record-replay/ggml/src/.. -I/home/jianyuzh/ws/llama.cpp/auto_ci/28725/aicss-genai_sycl-graph-record-replay/ggml/src/. -I/home/jianyuzh/ws/llama.cpp/auto_ci/28725/aicss-genai_sycl-graph-record-replay/ggml/src/ggml-cpu -I/home/jianyuzh/ws/llama.cpp/auto_ci/28725/aicss-genai_sycl-graph-record-replay/ggml/src/../include -O3 -DNDEBUG -std=gnu++17 -fPIC -Xclang -fno-pch-timestamp -Wmissing-declarations -Wmissing-noreturn -Wall -Wextra -Wpedantic -Wcast-qual -Wno-unused-function -march=native -fno-associative-math -fiopenmp -MD -MT ggml/src/CMakeFiles/ggml-cpu.dir/ggml-cpu/binary-ops.cpp.o -MF CMakeFiles/ggml-cpu.dir/ggml-cpu/binary-ops.cpp.o.d -o CMakeFiles/ggml-cpu.dir/ggml-cpu/binary-ops.cpp.o -c /home/jianyuzh/ws/llama.cpp/auto_ci/28725/aicss-genai_sycl-graph-record-replay/ggml/src/ggml-cpu/binary-ops.cpp
[ 12%] Building CXX object ggml/src/ggml-sycl/CMakeFiles/ggml-sycl.dir/gated_delta_net.cpp.o
[ 12%] Building CXX object ggml/src/ggml-sycl/CMakeFiles/ggml-sycl.dir/fattn-tile.cpp.o
[ 12%] Building CXX object ggml/src/CMakeFiles/ggml-cpu.dir/ggml-cpu/arch/x86/repack.cpp.o
cd /home/jianyuzh/ws/llama.cpp/auto_ci/28725/aicss-genai_sycl-graph-record-replay/build/ggml/src/ggml-sycl && /opt/intel/oneapi/compiler/2026.1/bin/icpx -DGGML_BACKEND_BUILD -DGGML_BACKEND_SHARED -DGGML_SCHED_MAX_COPIES=4 -DGGML_SHARED -DGGML_SYCL_DNNL=1 -DGGML_SYCL_GRAPH -DGGML_SYCL_HOST_MEM_FALLBACK -DGGML_SYCL_SUPPORT_LEVEL_ZERO_API -DGGML_SYCL_WARP_SIZE=16 -D_GNU_SOURCE -D_XOPEN_SOURCE=600 -Dggml_sycl_EXPORTS -I/home/jianyuzh/ws/llama.cpp/auto_ci/28725/aicss-genai_sycl-graph-record-replay/ggml/src/ggml-sycl/.. -I/home/jianyuzh/ws/llama.cpp/auto_ci/28725/aicss-genai_sycl-graph-record-replay/ggml/src/../include -isystem /opt/intel/oneapi/compiler/2026.1/include -isystem /opt/intel/oneapi/mkl/2026.1/include -O3 -DNDEBUG -std=gnu++17 -fPIC -Xclang -fno-pch-timestamp -Wmissing-declarations -Wmissing-noreturn -Wall -Wextra -Wpedantic -Wcast-qual -Wno-unused-function -Wno-narrowing -fsycl -DMKL_ILP64 -MD -MT ggml/src/ggml-sycl/CMakeFiles/ggml-sycl.dir/element_wise.cpp.o -MF CMakeFiles/ggml-sycl.dir/element_wise.cpp.o.d -o CMakeFiles/ggml-sycl.dir/element_wise.cpp.o -c /home/jianyuzh/ws/llama.cpp/auto_ci/28725/aicss-genai_sycl-graph-record-replay/ggml/src/ggml-sycl/element_wise.cpp
cd /home/jianyuzh/ws/llama.cpp/auto_ci/28725/aicss-genai_sycl-graph-record-replay/build/ggml/src && /opt/intel/oneapi/compiler/2026.1/bin/icpx -DGGML_BACKEND_BUILD -DGGML_BACKEND_SHARED -DGGML_SCHED_MAX_COPIES=4 -DGGML_SHARED -DGGML_USE_CPU_REPACK -DGGML_USE_LLAMAFILE -DGGML_USE_OPENMP -D_GNU_SOURCE -D_XOPEN_SOURCE=600 -Dggml_cpu_EXPORTS -I/home/jianyuzh/ws/llama.cpp/auto_ci/28725/aicss-genai_sycl-graph-record-replay/ggml/src/.. -I/home/jianyuzh/ws/llama.cpp/auto_ci/28725/aicss-genai_sycl-graph-record-replay/ggml/src/. -I/home/jianyuzh/ws/llama.cpp/auto_ci/28725/aicss-genai_sycl-graph-record-replay/ggml/src/ggml-cpu -I/home/jianyuzh/ws/llama.cpp/auto_ci/28725/aicss-genai_sycl-graph-record-replay/ggml/src/../include -O3 -DNDEBUG -std=gnu++17 -fPIC -Xclang -fno-pch-timestamp -Wmissing-declarations -Wmissing-noreturn -Wall -Wextra -Wpedantic -Wcast-qual -Wno-unused-function -march=native -fno-associative-math -fiopenmp -MD -MT ggml/src/CMakeFiles/ggml-cpu.dir/ggml-cpu/vec.cpp.o -MF CMakeFiles/ggml-cpu.dir/ggml-cpu/vec.cpp.o.d -o CMakeFiles/ggml-cpu.dir/ggml-cpu/vec.cpp.o -c /home/jianyuzh/ws/llama.cpp/auto_ci/28725/aicss-genai_sycl-graph-record-replay/ggml/src/ggml-cpu/vec.cpp
[ 12%] Building CXX object ggml/src/ggml-sycl/CMakeFiles/ggml-sycl.dir/fattn.cpp.o
cd /home/jianyuzh/ws/llama.cpp/auto_ci/28725/aicss-genai_sycl-graph-record-replay/build/ggml/src/ggml-sycl && /opt/intel/oneapi/compiler/2026.1/bin/icpx -DGGML_BACKEND_BUILD -DGGML_BACKEND_SHARED -DGGML_SCHED_MAX_COPIES=4 -DGGML_SHARED -DGGML_SYCL_DNNL=1 -DGGML_SYCL_GRAPH -DGGML_SYCL_HOST_MEM_FALLBACK -DGGML_SYCL_SUPPORT_LEVEL_ZERO_API -DGGML_SYCL_WARP_SIZE=16 -D_GNU_SOURCE -D_XOPEN_SOURCE=600 -Dggml_sycl_EXPORTS -I/home/jianyuzh/ws/llama.cpp/auto_ci/28725/aicss-genai_sycl-graph-record-replay/ggml/src/ggml-sycl/.. -I/home/jianyuzh/ws/llama.cpp/auto_ci/28725/aicss-genai_sycl-graph-record-replay/ggml/src/../include -isystem /opt/intel/oneapi/compiler/2026.1/include -isystem /opt/intel/oneapi/mkl/2026.1/include -O3 -DNDEBUG -std=gnu++17 -fPIC -Xclang -fno-pch-timestamp -Wmissing-declarations -Wmissing-noreturn -Wall -Wextra -Wpedantic -Wcast-qual -Wno-unused-function -Wno-narrowing -fsycl -DMKL_ILP64 -MD -MT ggml/src/ggml-sycl/CMakeFiles/ggml-sycl.dir/cumsum.cpp.o -MF CMakeFiles/ggml-sycl.dir/cumsum.cpp.o.d -o CMakeFiles/ggml-sycl.dir/cumsum.cpp.o -c /home/jianyuzh/ws/llama.cpp/auto_ci/28725/aicss-genai_sycl-graph-record-replay/ggml/src/ggml-sycl/cumsum.cpp
[ 13%] Building CXX object ggml/src/ggml-sycl/CMakeFiles/ggml-sycl.dir/fwht.cpp.o
[ 13%] Building CXX object ggml/src/ggml-sycl/CMakeFiles/ggml-sycl.dir/fill.cpp.o
cd /home/jianyuzh/ws/llama.cpp/auto_ci/28725/aicss-genai_sycl-graph-record-replay/build/ggml/src/ggml-sycl && /opt/intel/oneapi/compiler/2026.1/bin/icpx -DGGML_BACKEND_BUILD -DGGML_BACKEND_SHARED -DGGML_SCHED_MAX_COPIES=4 -DGGML_SHARED -DGGML_SYCL_DNNL=1 -DGGML_SYCL_GRAPH -DGGML_SYCL_HOST_MEM_FALLBACK -DGGML_SYCL_SUPPORT_LEVEL_ZERO_API -DGGML_SYCL_WARP_SIZE=16 -D_GNU_SOURCE -D_XOPEN_SOURCE=600 -Dggml_sycl_EXPORTS -I/home/jianyuzh/ws/llama.cpp/auto_ci/28725/aicss-genai_sycl-graph-record-replay/ggml/src/ggml-sycl/.. -I/home/jianyuzh/ws/llama.cpp/auto_ci/28725/aicss-genai_sycl-graph-record-replay/ggml/src/../include -isystem /opt/intel/oneapi/compiler/2026.1/include -isystem /opt/intel/oneapi/mkl/2026.1/include -O3 -DNDEBUG -std=gnu++17 -fPIC -Xclang -fno-pch-timestamp -Wmissing-declarations -Wmissing-noreturn -Wall -Wextra -Wpedantic -Wcast-qual -Wno-unused-function -Wno-narrowing -fsycl -DMKL_ILP64 -MD -MT ggml/src/ggml-sycl/CMakeFiles/ggml-sycl.dir/dmmv.cpp.o -MF CMakeFiles/ggml-sycl.dir/dmmv.cpp.o.d -o CMakeFiles/ggml-sycl.dir/dmmv.cpp.o -c /home/jianyuzh/ws/llama.cpp/auto_ci/28725/aicss-genai_sycl-graph-record-replay/ggml/src/ggml-sycl/dmmv.cpp
[ 13%] Building CXX object ggml/src/ggml-sycl/CMakeFiles/ggml-sycl.dir/fusion.cpp.o
cd /home/jianyuzh/ws/llama.cpp/auto_ci/28725/aicss-genai_sycl-graph-record-replay/build/ggml/src/ggml-sycl && /opt/intel/oneapi/compiler/2026.1/bin/icpx -DGGML_BACKEND_BUILD -DGGML_BACKEND_SHARED -DGGML_SCHED_MAX_COPIES=4 -DGGML_SHARED -DGGML_SYCL_DNNL=1 -DGGML_SYCL_GRAPH -DGGML_SYCL_HOST_MEM_FALLBACK -DGGML_SYCL_SUPPORT_LEVEL_ZERO_API -DGGML_SYCL_WARP_SIZE=16 -D_GNU_SOURCE -D_XOPEN_SOURCE=600 -Dggml_sycl_EXPORTS -I/home/jianyuzh/ws/llama.cpp/auto_ci/28725/aicss-genai_sycl-graph-record-replay/ggml/src/ggml-sycl/.. -I/home/jianyuzh/ws/llama.cpp/auto_ci/28725/aicss-genai_sycl-graph-record-replay/ggml/src/../include -isystem /opt/intel/oneapi/compiler/2026.1/include -isystem /opt/intel/oneapi/mkl/2026.1/include -O3 -DNDEBUG -std=gnu++17 -fPIC -Xclang -fno-pch-timestamp -Wmissing-declarations -Wmissing-noreturn -Wall -Wextra -Wpedantic -Wcast-qual -Wno-unused-function -Wno-narrowing -fsycl -DMKL_ILP64 -MD -MT ggml/src/ggml-sycl/CMakeFiles/ggml-sycl.dir/fattn-buffers.cpp.o -MF CMakeFiles/ggml-sycl.dir/fattn-buffers.cpp.o.d -o CMakeFiles/ggml-sycl.dir/fattn-buffers.cpp.o -c /home/jianyuzh/ws/llama.cpp/auto_ci/28725/aicss-genai_sycl-graph-record-replay/ggml/src/ggml-sycl/fattn-buffers.cpp
cd /home/jianyuzh/ws/llama.cpp/auto_ci/28725/aicss-genai_sycl-graph-record-replay/build/ggml/src && /opt/intel/oneapi/compiler/2026.1/bin/icpx -DGGML_BACKEND_BUILD -DGGML_BACKEND_SHARED -DGGML_SCHED_MAX_COPIES=4 -DGGML_SHARED -DGGML_USE_CPU_REPACK -DGGML_USE_LLAMAFILE -DGGML_USE_OPENMP -D_GNU_SOURCE -D_XOPEN_SOURCE=600 -Dggml_cpu_EXPORTS -I/home/jianyuzh/ws/llama.cpp/auto_ci/28725/aicss-genai_sycl-graph-record-replay/ggml/src/.. -I/home/jianyuzh/ws/llama.cpp/auto_ci/28725/aicss-genai_sycl-graph-record-replay/ggml/src/. -I/home/jianyuzh/ws/llama.cpp/auto_ci/28725/aicss-genai_sycl-graph-record-replay/ggml/src/ggml-cpu -I/home/jianyuzh/ws/llama.cpp/auto_ci/28725/aicss-genai_sycl-graph-record-replay/ggml/src/../include -O3 -DNDEBUG -std=gnu++17 -fPIC -Xclang -fno-pch-timestamp -Wmissing-declarations -Wmissing-noreturn -Wall -Wextra -Wpedantic -Wcast-qual -Wno-unused-function -march=native -fno-associative-math -fiopenmp -MD -MT ggml/src/CMakeFiles/ggml-cpu.dir/ggml-cpu/ops.cpp.o -MF CMakeFiles/ggml-cpu.dir/ggml-cpu/ops.cpp.o.d -o CMakeFiles/ggml-cpu.dir/ggml-cpu/ops.cpp.o -c /home/jianyuzh/ws/llama.cpp/auto_ci/28725/aicss-genai_sycl-graph-record-replay/ggml/src/ggml-cpu/ops.cpp
cd /home/jianyuzh/ws/llama.cpp/auto_ci/28725/aicss-genai_sycl-graph-record-replay/build/ggml/src/ggml-sycl && /opt/intel/oneapi/compiler/2026.1/bin/icpx -DGGML_BACKEND_BUILD -DGGML_BACKEND_SHARED -DGGML_SCHED_MAX_COPIES=4 -DGGML_SHARED -DGGML_SYCL_DNNL=1 -DGGML_SYCL_GRAPH -DGGML_SYCL_HOST_MEM_FALLBACK -DGGML_SYCL_SUPPORT_LEVEL_ZERO_API -DGGML_SYCL_WARP_SIZE=16 -D_GNU_SOURCE -D_XOPEN_SOURCE=600 -Dggml_sycl_EXPORTS -I/home/jianyuzh/ws/llama.cpp/auto_ci/28725/aicss-genai_sycl-graph-record-replay/ggml/src/ggml-sycl/.. -I/home/jianyuzh/ws/llama.cpp/auto_ci/28725/aicss-genai_sycl-graph-record-replay/ggml/src/../include -isystem /opt/intel/oneapi/compiler/2026.1/include -isystem /opt/intel/oneapi/mkl/2026.1/include -O3 -DNDEBUG -std=gnu++17 -fPIC -Xclang -fno-pch-timestamp -Wmissing-declarations -Wmissing-noreturn -Wall -Wextra -Wpedantic -Wcast-qual -Wno-unused-function -Wno-narrowing -fsycl -DMKL_ILP64 -MD -MT ggml/src/ggml-sycl/CMakeFiles/ggml-sycl.dir/fattn-mkl.cpp.o -MF CMakeFiles/ggml-sycl.dir/fattn-mkl.cpp.o.d -o CMakeFiles/ggml-sycl.dir/fattn-mkl.cpp.o -c /home/jianyuzh/ws/llama.cpp/auto_ci/28725/aicss-genai_sycl-graph-record-replay/ggml/src/ggml-sycl/fattn-mkl.cpp
[ 13%] Building C object ggml/src/CMakeFiles/ggml-cpu.dir/ggml-cpu/arch/x86/quants.c.o
cd /home/jianyuzh/ws/llama.cpp/auto_ci/28725/aicss-genai_sycl-graph-record-replay/build/ggml/src && /opt/intel/oneapi/compiler/2026.1/bin/icpx -DGGML_BACKEND_BUILD -DGGML_BACKEND_SHARED -DGGML_SCHED_MAX_COPIES=4 -DGGML_SHARED -DGGML_USE_CPU_REPACK -DGGML_USE_LLAMAFILE -DGGML_USE_OPENMP -D_GNU_SOURCE -D_XOPEN_SOURCE=600 -Dggml_cpu_EXPORTS -I/home/jianyuzh/ws/llama.cpp/auto_ci/28725/aicss-genai_sycl-graph-record-replay/ggml/src/.. -I/home/jianyuzh/ws/llama.cpp/auto_ci/28725/aicss-genai_sycl-graph-record-replay/ggml/src/. -I/home/jianyuzh/ws/llama.cpp/auto_ci/28725/aicss-genai_sycl-graph-record-replay/ggml/src/ggml-cpu -I/home/jianyuzh/ws/llama.cpp/auto_ci/28725/aicss-genai_sycl-graph-record-replay/ggml/src/../include -O3 -DNDEBUG -std=gnu++17 -fPIC -Xclang -fno-pch-timestamp -Wmissing-declarations -Wmissing-noreturn -Wall -Wextra -Wpedantic -Wcast-qual -Wno-unused-function -march=native -fno-associative-math -fiopenmp -MD -MT ggml/src/CMakeFiles/ggml-cpu.dir/ggml-cpu/llamafile/sgemm.cpp.o -MF CMakeFiles/ggml-cpu.dir/ggml-cpu/llamafile/sgemm.cpp.o.d -o CMakeFiles/ggml-cpu.dir/ggml-cpu/llamafile/sgemm.cpp.o -c /home/jianyuzh/ws/llama.cpp/auto_ci/28725/aicss-genai_sycl-graph-record-replay/ggml/src/ggml-cpu/llamafile/sgemm.cpp
cd /home/jianyuzh/ws/llama.cpp/auto_ci/28725/aicss-genai_sycl-graph-record-replay/build/ggml/src/ggml-sycl && /opt/intel/oneapi/compiler/2026.1/bin/icpx -DGGML_BACKEND_BUILD -DGGML_BACKEND_SHARED -DGGML_SCHED_MAX_COPIES=4 -DGGML_SHARED -DGGML_SYCL_DNNL=1 -DGGML_SYCL_GRAPH -DGGML_SYCL_HOST_MEM_FALLBACK -DGGML_SYCL_SUPPORT_LEVEL_ZERO_API -DGGML_SYCL_WARP_SIZE=16 -D_GNU_SOURCE -D_XOPEN_SOURCE=600 -Dggml_sycl_EXPORTS -I/home/jianyuzh/ws/llama.cpp/auto_ci/28725/aicss-genai_sycl-graph-record-replay/ggml/src/ggml-sycl/.. -I/home/jianyuzh/ws/llama.cpp/auto_ci/28725/aicss-genai_sycl-graph-record-replay/ggml/src/../include -isystem /opt/intel/oneapi/compiler/2026.1/include -isystem /opt/intel/oneapi/mkl/2026.1/include -O3 -DNDEBUG -std=gnu++17 -fPIC -Xclang -fno-pch-timestamp -Wmissing-declarations -Wmissing-noreturn -Wall -Wextra -Wpedantic -Wcast-qual -Wno-unused-function -Wno-narrowing -fsycl -DMKL_ILP64 -MD -MT ggml/src/ggml-sycl/CMakeFiles/ggml-sycl.dir/fattn-onednn.cpp.o -MF CMakeFiles/ggml-sycl.dir/fattn-onednn.cpp.o.d -o CMakeFiles/ggml-sycl.dir/fattn-onednn.cpp.o -c /home/jianyuzh/ws/llama.cpp/auto_ci/28725/aicss-genai_sycl-graph-record-replay/ggml/src/ggml-sycl/fattn-onednn.cpp
[ 13%] Building CXX object ggml/src/ggml-sycl/CMakeFiles/ggml-sycl.dir/getrows.cpp.o
cd /home/jianyuzh/ws/llama.cpp/auto_ci/28725/aicss-genai_sycl-graph-record-replay/build/ggml/src/ggml-sycl && /opt/intel/oneapi/compiler/2026.1/bin/icpx -DGGML_BACKEND_BUILD -DGGML_BACKEND_SHARED -DGGML_SCHED_MAX_COPIES=4 -DGGML_SHARED -DGGML_SYCL_DNNL=1 -DGGML_SYCL_GRAPH -DGGML_SYCL_HOST_MEM_FALLBACK -DGGML_SYCL_SUPPORT_LEVEL_ZERO_API -DGGML_SYCL_WARP_SIZE=16 -D_GNU_SOURCE -D_XOPEN_SOURCE=600 -Dggml_sycl_EXPORTS -I/home/jianyuzh/ws/llama.cpp/auto_ci/28725/aicss-genai_sycl-graph-record-replay/ggml/src/ggml-sycl/.. -I/home/jianyuzh/ws/llama.cpp/auto_ci/28725/aicss-genai_sycl-graph-record-replay/ggml/src/../include -isystem /opt/intel/oneapi/compiler/2026.1/include -isystem /opt/intel/oneapi/mkl/2026.1/include -O3 -DNDEBUG -std=gnu++17 -fPIC -Xclang -fno-pch-timestamp -Wmissing-declarations -Wmissing-noreturn -Wall -Wextra -Wpedantic -Wcast-qual -Wno-unused-function -Wno-narrowing -fsycl -DMKL_ILP64 -MD -MT ggml/src/ggml-sycl/CMakeFiles/ggml-sycl.dir/fattn-tile.cpp.o -MF CMakeFiles/ggml-sycl.dir/fattn-tile.cpp.o.d -o CMakeFiles/ggml-sycl.dir/fattn-tile.cpp.o -c /home/jianyuzh/ws/llama.cpp/auto_ci/28725/aicss-genai_sycl-graph-record-replay/ggml/src/ggml-sycl/fattn-tile.cpp
cd /home/jianyuzh/ws/llama.cpp/auto_ci/28725/aicss-genai_sycl-graph-record-replay/build/ggml/src && /opt/intel/oneapi/compiler/2026.1/bin/icpx -DGGML_BACKEND_BUILD -DGGML_BACKEND_SHARED -DGGML_SCHED_MAX_COPIES=4 -DGGML_SHARED -DGGML_USE_CPU_REPACK -DGGML_USE_LLAMAFILE -DGGML_USE_OPENMP -D_GNU_SOURCE -D_XOPEN_SOURCE=600 -Dggml_cpu_EXPORTS -I/home/jianyuzh/ws/llama.cpp/auto_ci/28725/aicss-genai_sycl-graph-record-replay/ggml/src/.. -I/home/jianyuzh/ws/llama.cpp/auto_ci/28725/aicss-genai_sycl-graph-record-replay/ggml/src/. -I/home/jianyuzh/ws/llama.cpp/auto_ci/28725/aicss-genai_sycl-graph-record-replay/ggml/src/ggml-cpu -I/home/jianyuzh/ws/llama.cpp/auto_ci/28725/aicss-genai_sycl-graph-record-replay/ggml/src/../include -O3 -DNDEBUG -std=gnu++17 -fPIC -Xclang -fno-pch-timestamp -Wmissing-declarations -Wmissing-noreturn -Wall -Wextra -Wpedantic -Wcast-qual -Wno-unused-function -march=native -fno-associative-math -fiopenmp -MD -MT ggml/src/CMakeFiles/ggml-cpu.dir/ggml-cpu/arch/x86/repack.cpp.o -MF CMakeFiles/ggml-cpu.dir/ggml-cpu/arch/x86/repack.cpp.o.d -o CMakeFiles/ggml-cpu.dir/ggml-cpu/arch/x86/repack.cpp.o -c /home/jianyuzh/ws/llama.cpp/auto_ci/28725/aicss-genai_sycl-graph-record-replay/ggml/src/ggml-cpu/arch/x86/repack.cpp
cd /home/jianyuzh/ws/llama.cpp/auto_ci/28725/aicss-genai_sycl-graph-record-replay/build/ggml/src/ggml-sycl && /opt/intel/oneapi/compiler/2026.1/bin/icpx -DGGML_BACKEND_BUILD -DGGML_BACKEND_SHARED -DGGML_SCHED_MAX_COPIES=4 -DGGML_SHARED -DGGML_SYCL_DNNL=1 -DGGML_SYCL_GRAPH -DGGML_SYCL_HOST_MEM_FALLBACK -DGGML_SYCL_SUPPORT_LEVEL_ZERO_API -DGGML_SYCL_WARP_SIZE=16 -D_GNU_SOURCE -D_XOPEN_SOURCE=600 -Dggml_sycl_EXPORTS -I/home/jianyuzh/ws/llama.cpp/auto_ci/28725/aicss-genai_sycl-graph-record-replay/ggml/src/ggml-sycl/.. -I/home/jianyuzh/ws/llama.cpp/auto_ci/28725/aicss-genai_sycl-graph-record-replay/ggml/src/../include -isystem /opt/intel/oneapi/compiler/2026.1/include -isystem /opt/intel/oneapi/mkl/2026.1/include -O3 -DNDEBUG -std=gnu++17 -fPIC -Xclang -fno-pch-timestamp -Wmissing-declarations -Wmissing-noreturn -Wall -Wextra -Wpedantic -Wcast-qual -Wno-unused-function -Wno-narrowing -fsycl -DMKL_ILP64 -MD -MT ggml/src/ggml-sycl/CMakeFiles/ggml-sycl.dir/gated_delta_net.cpp.o -MF CMakeFiles/ggml-sycl.dir/gated_delta_net.cpp.o.d -o CMakeFiles/ggml-sycl.dir/gated_delta_net.cpp.o -c /home/jianyuzh/ws/llama.cpp/auto_ci/28725/aicss-genai_sycl-graph-record-replay/ggml/src/ggml-sycl/gated_delta_net.cpp
cd /home/jianyuzh/ws/llama.cpp/auto_ci/28725/aicss-genai_sycl-graph-record-replay/build/ggml/src/ggml-sycl && /opt/intel/oneapi/compiler/2026.1/bin/icpx -DGGML_BACKEND_BUILD -DGGML_BACKEND_SHARED -DGGML_SCHED_MAX_COPIES=4 -DGGML_SHARED -DGGML_SYCL_DNNL=1 -DGGML_SYCL_GRAPH -DGGML_SYCL_HOST_MEM_FALLBACK -DGGML_SYCL_SUPPORT_LEVEL_ZERO_API -DGGML_SYCL_WARP_SIZE=16 -D_GNU_SOURCE -D_XOPEN_SOURCE=600 -Dggml_sycl_EXPORTS -I/home/jianyuzh/ws/llama.cpp/auto_ci/28725/aicss-genai_sycl-graph-record-replay/ggml/src/ggml-sycl/.. -I/home/jianyuzh/ws/llama.cpp/auto_ci/28725/aicss-genai_sycl-graph-record-replay/ggml/src/../include -isystem /opt/intel/oneapi/compiler/2026.1/include -isystem /opt/intel/oneapi/mkl/2026.1/include -O3 -DNDEBUG -std=gnu++17 -fPIC -Xclang -fno-pch-timestamp -Wmissing-declarations -Wmissing-noreturn -Wall -Wextra -Wpedantic -Wcast-qual -Wno-unused-function -Wno-narrowing -fsycl -DMKL_ILP64 -MD -MT ggml/src/ggml-sycl/CMakeFiles/ggml-sycl.dir/fattn.cpp.o -MF CMakeFiles/ggml-sycl.dir/fattn.cpp.o.d -o CMakeFiles/ggml-sycl.dir/fattn.cpp.o -c /home/jianyuzh/ws/llama.cpp/auto_ci/28725/aicss-genai_sycl-graph-record-replay/ggml/src/ggml-sycl/fattn.cpp
cd /home/jianyuzh/ws/llama.cpp/auto_ci/28725/aicss-genai_sycl-graph-record-replay/build/ggml/src && /opt/intel/oneapi/compiler/2026.1/bin/icx -DGGML_BACKEND_BUILD -DGGML_BACKEND_SHARED -DGGML_SCHED_MAX_COPIES=4 -DGGML_SHARED -DGGML_USE_CPU_REPACK -DGGML_USE_LLAMAFILE -DGGML_USE_OPENMP -D_GNU_SOURCE -D_XOPEN_SOURCE=600 -Dggml_cpu_EXPORTS -I/home/jianyuzh/ws/llama.cpp/auto_ci/28725/aicss-genai_sycl-graph-record-replay/ggml/src/.. -I/home/jianyuzh/ws/llama.cpp/auto_ci/28725/aicss-genai_sycl-graph-record-replay/ggml/src/. -I/home/jianyuzh/ws/llama.cpp/auto_ci/28725/aicss-genai_sycl-graph-record-replay/ggml/src/ggml-cpu -I/home/jianyuzh/ws/llama.cpp/auto_ci/28725/aicss-genai_sycl-graph-record-replay/ggml/src/../include -O3 -DNDEBUG -std=gnu11 -fPIC -Xclang -fno-pch-timestamp -Wshadow -Wstrict-prototypes -Wpointer-arith -Wmissing-prototypes -Werror=implicit-int -Werror=implicit-function-declaration -Wall -Wextra -Wpedantic -Wcast-qual -Wno-unused-function -march=native -fno-associative-math -fiopenmp -MD -MT ggml/src/CMakeFiles/ggml-cpu.dir/ggml-cpu/arch/x86/quants.c.o -MF CMakeFiles/ggml-cpu.dir/ggml-cpu/arch/x86/quants.c.o.d -o CMakeFiles/ggml-cpu.dir/ggml-cpu/arch/x86/quants.c.o -c /home/jianyuzh/ws/llama.cpp/auto_ci/28725/aicss-genai_sycl-graph-record-replay/ggml/src/ggml-cpu/arch/x86/quants.c
cd /home/jianyuzh/ws/llama.cpp/auto_ci/28725/aicss-genai_sycl-graph-record-replay/build/ggml/src/ggml-sycl && /opt/intel/oneapi/compiler/2026.1/bin/icpx -DGGML_BACKEND_BUILD -DGGML_BACKEND_SHARED -DGGML_SCHED_MAX_COPIES=4 -DGGML_SHARED -DGGML_SYCL_DNNL=1 -DGGML_SYCL_GRAPH -DGGML_SYCL_HOST_MEM_FALLBACK -DGGML_SYCL_SUPPORT_LEVEL_ZERO_API -DGGML_SYCL_WARP_SIZE=16 -D_GNU_SOURCE -D_XOPEN_SOURCE=600 -Dggml_sycl_EXPORTS -I/home/jianyuzh/ws/llama.cpp/auto_ci/28725/aicss-genai_sycl-graph-record-replay/ggml/src/ggml-sycl/.. -I/home/jianyuzh/ws/llama.cpp/auto_ci/28725/aicss-genai_sycl-graph-record-replay/ggml/src/../include -isystem /opt/intel/oneapi/compiler/2026.1/include -isystem /opt/intel/oneapi/mkl/2026.1/include -O3 -DNDEBUG -std=gnu++17 -fPIC -Xclang -fno-pch-timestamp -Wmissing-declarations -Wmissing-noreturn -Wall -Wextra -Wpedantic -Wcast-qual -Wno-unused-function -Wno-narrowing -fsycl -DMKL_ILP64 -MD -MT ggml/src/ggml-sycl/CMakeFiles/ggml-sycl.dir/fill.cpp.o -MF CMakeFiles/ggml-sycl.dir/fill.cpp.o.d -o CMakeFiles/ggml-sycl.dir/fill.cpp.o -c /home/jianyuzh/ws/llama.cpp/auto_ci/28725/aicss-genai_sycl-graph-record-replay/ggml/src/ggml-sycl/fill.cpp
cd /home/jianyuzh/ws/llama.cpp/auto_ci/28725/aicss-genai_sycl-graph-record-replay/build/ggml/src/ggml-sycl && /opt/intel/oneapi/compiler/2026.1/bin/icpx -DGGML_BACKEND_BUILD -DGGML_BACKEND_SHARED -DGGML_SCHED_MAX_COPIES=4 -DGGML_SHARED -DGGML_SYCL_DNNL=1 -DGGML_SYCL_GRAPH -DGGML_SYCL_HOST_MEM_FALLBACK -DGGML_SYCL_SUPPORT_LEVEL_ZERO_API -DGGML_SYCL_WARP_SIZE=16 -D_GNU_SOURCE -D_XOPEN_SOURCE=600 -Dggml_sycl_EXPORTS -I/home/jianyuzh/ws/llama.cpp/auto_ci/28725/aicss-genai_sycl-graph-record-replay/ggml/src/ggml-sycl/.. -I/home/jianyuzh/ws/llama.cpp/auto_ci/28725/aicss-genai_sycl-graph-record-replay/ggml/src/../include -isystem /opt/intel/oneapi/compiler/2026.1/include -isystem /opt/intel/oneapi/mkl/2026.1/include -O3 -DNDEBUG -std=gnu++17 -fPIC -Xclang -fno-pch-timestamp -Wmissing-declarations -Wmissing-noreturn -Wall -Wextra -Wpedantic -Wcast-qual -Wno-unused-function -Wno-narrowing -fsycl -DMKL_ILP64 -MD -MT ggml/src/ggml-sycl/CMakeFiles/ggml-sycl.dir/fusion.cpp.o -MF CMakeFiles/ggml-sycl.dir/fusion.cpp.o.d -o CMakeFiles/ggml-sycl.dir/fusion.cpp.o -c /home/jianyuzh/ws/llama.cpp/auto_ci/28725/aicss-genai_sycl-graph-record-replay/ggml/src/ggml-sycl/fusion.cpp
cd /home/jianyuzh/ws/llama.cpp/auto_ci/28725/aicss-genai_sycl-graph-record-replay/build/ggml/src/ggml-sycl && /opt/intel/oneapi/compiler/2026.1/bin/icpx -DGGML_BACKEND_BUILD -DGGML_BACKEND_SHARED -DGGML_SCHED_MAX_COPIES=4 -DGGML_SHARED -DGGML_SYCL_DNNL=1 -DGGML_SYCL_GRAPH -DGGML_SYCL_HOST_MEM_FALLBACK -DGGML_SYCL_SUPPORT_LEVEL_ZERO_API -DGGML_SYCL_WARP_SIZE=16 -D_GNU_SOURCE -D_XOPEN_SOURCE=600 -Dggml_sycl_EXPORTS -I/home/jianyuzh/ws/llama.cpp/auto_ci/28725/aicss-genai_sycl-graph-record-replay/ggml/src/ggml-sycl/.. -I/home/jianyuzh/ws/llama.cpp/auto_ci/28725/aicss-genai_sycl-graph-record-replay/ggml/src/../include -isystem /opt/intel/oneapi/compiler/2026.1/include -isystem /opt/intel/oneapi/mkl/2026.1/include -O3 -DNDEBUG -std=gnu++17 -fPIC -Xclang -fno-pch-timestamp -Wmissing-declarations -Wmissing-noreturn -Wall -Wextra -Wpedantic -Wcast-qual -Wno-unused-function -Wno-narrowing -fsycl -DMKL_ILP64 -MD -MT ggml/src/ggml-sycl/CMakeFiles/ggml-sycl.dir/fwht.cpp.o -MF CMakeFiles/ggml-sycl.dir/fwht.cpp.o.d -o CMakeFiles/ggml-sycl.dir/fwht.cpp.o -c /home/jianyuzh/ws/llama.cpp/auto_ci/28725/aicss-genai_sycl-graph-record-replay/ggml/src/ggml-sycl/fwht.cpp
cd /home/jianyuzh/ws/llama.cpp/auto_ci/28725/aicss-genai_sycl-graph-record-replay/build/ggml/src/ggml-sycl && /opt/intel/oneapi/compiler/2026.1/bin/icpx -DGGML_BACKEND_BUILD -DGGML_BACKEND_SHARED -DGGML_SCHED_MAX_COPIES=4 -DGGML_SHARED -DGGML_SYCL_DNNL=1 -DGGML_SYCL_GRAPH -DGGML_SYCL_HOST_MEM_FALLBACK -DGGML_SYCL_SUPPORT_LEVEL_ZERO_API -DGGML_SYCL_WARP_SIZE=16 -D_GNU_SOURCE -D_XOPEN_SOURCE=600 -Dggml_sycl_EXPORTS -I/home/jianyuzh/ws/llama.cpp/auto_ci/28725/aicss-genai_sycl-graph-record-replay/ggml/src/ggml-sycl/.. -I/home/jianyuzh/ws/llama.cpp/auto_ci/28725/aicss-genai_sycl-graph-record-replay/ggml/src/../include -isystem /opt/intel/oneapi/compiler/2026.1/include -isystem /opt/intel/oneapi/mkl/2026.1/include -O3 -DNDEBUG -std=gnu++17 -fPIC -Xclang -fno-pch-timestamp -Wmissing-declarations -Wmissing-noreturn -Wall -Wextra -Wpedantic -Wcast-qual -Wno-unused-function -Wno-narrowing -fsycl -DMKL_ILP64 -MD -MT ggml/src/ggml-sycl/CMakeFiles/ggml-sycl.dir/getrows.cpp.o -MF CMakeFiles/ggml-sycl.dir/getrows.cpp.o.d -o CMakeFiles/ggml-sycl.dir/getrows.cpp.o -c /home/jianyuzh/ws/llama.cpp/auto_ci/28725/aicss-genai_sycl-graph-record-replay/ggml/src/ggml-sycl/getrows.cpp
[ 14%] Building CXX object ggml/src/ggml-sycl/CMakeFiles/ggml-sycl.dir/gla.cpp.o
cd /home/jianyuzh/ws/llama.cpp/auto_ci/28725/aicss-genai_sycl-graph-record-replay/build/ggml/src/ggml-sycl && /opt/intel/oneapi/compiler/2026.1/bin/icpx -DGGML_BACKEND_BUILD -DGGML_BACKEND_SHARED -DGGML_SCHED_MAX_COPIES=4 -DGGML_SHARED -DGGML_SYCL_DNNL=1 -DGGML_SYCL_GRAPH -DGGML_SYCL_HOST_MEM_FALLBACK -DGGML_SYCL_SUPPORT_LEVEL_ZERO_API -DGGML_SYCL_WARP_SIZE=16 -D_GNU_SOURCE -D_XOPEN_SOURCE=600 -Dggml_sycl_EXPORTS -I/home/jianyuzh/ws/llama.cpp/auto_ci/28725/aicss-genai_sycl-graph-record-replay/ggml/src/ggml-sycl/.. -I/home/jianyuzh/ws/llama.cpp/auto_ci/28725/aicss-genai_sycl-graph-record-replay/ggml/src/../include -isystem /opt/intel/oneapi/compiler/2026.1/include -isystem /opt/intel/oneapi/mkl/2026.1/include -O3 -DNDEBUG -std=gnu++17 -fPIC -Xclang -fno-pch-timestamp -Wmissing-declarations -Wmissing-noreturn -Wall -Wextra -Wpedantic -Wcast-qual -Wno-unused-function -Wno-narrowing -fsycl -DMKL_ILP64 -MD -MT ggml/src/ggml-sycl/CMakeFiles/ggml-sycl.dir/gla.cpp.o -MF CMakeFiles/ggml-sycl.dir/gla.cpp.o.d -o CMakeFiles/ggml-sycl.dir/gla.cpp.o -c /home/jianyuzh/ws/llama.cpp/auto_ci/28725/aicss-genai_sycl-graph-record-replay/ggml/src/ggml-sycl/gla.cpp
[ 14%] Building CXX object ggml/src/ggml-sycl/CMakeFiles/ggml-sycl.dir/im2col.cpp.o
cd /home/jianyuzh/ws/llama.cpp/auto_ci/28725/aicss-genai_sycl-graph-record-replay/build/ggml/src/ggml-sycl && /opt/intel/oneapi/compiler/2026.1/bin/icpx -DGGML_BACKEND_BUILD -DGGML_BACKEND_SHARED -DGGML_SCHED_MAX_COPIES=4 -DGGML_SHARED -DGGML_SYCL_DNNL=1 -DGGML_SYCL_GRAPH -DGGML_SYCL_HOST_MEM_FALLBACK -DGGML_SYCL_SUPPORT_LEVEL_ZERO_API -DGGML_SYCL_WARP_SIZE=16 -D_GNU_SOURCE -D_XOPEN_SOURCE=600 -Dggml_sycl_EXPORTS -I/home/jianyuzh/ws/llama.cpp/auto_ci/28725/aicss-genai_sycl-graph-record-replay/ggml/src/ggml-sycl/.. -I/home/jianyuzh/ws/llama.cpp/auto_ci/28725/aicss-genai_sycl-graph-record-replay/ggml/src/../include -isystem /opt/intel/oneapi/compiler/2026.1/include -isystem /opt/intel/oneapi/mkl/2026.1/include -O3 -DNDEBUG -std=gnu++17 -fPIC -Xclang -fno-pch-timestamp -Wmissing-declarations -Wmissing-noreturn -Wall -Wextra -Wpedantic -Wcast-qual -Wno-unused-function -Wno-narrowing -fsycl -DMKL_ILP64 -MD -MT ggml/src/ggml-sycl/CMakeFiles/ggml-sycl.dir/im2col.cpp.o -MF CMakeFiles/ggml-sycl.dir/im2col.cpp.o.d -o CMakeFiles/ggml-sycl.dir/im2col.cpp.o -c /home/jianyuzh/ws/llama.cpp/auto_ci/28725/aicss-genai_sycl-graph-record-replay/ggml/src/ggml-sycl/im2col.cpp
[ 14%] Building CXX object ggml/src/ggml-sycl/CMakeFiles/ggml-sycl.dir/lightning-indexer.cpp.o
cd /home/jianyuzh/ws/llama.cpp/auto_ci/28725/aicss-genai_sycl-graph-record-replay/build/ggml/src/ggml-sycl && /opt/intel/oneapi/compiler/2026.1/bin/icpx -DGGML_BACKEND_BUILD -DGGML_BACKEND_SHARED -DGGML_SCHED_MAX_COPIES=4 -DGGML_SHARED -DGGML_SYCL_DNNL=1 -DGGML_SYCL_GRAPH -DGGML_SYCL_HOST_MEM_FALLBACK -DGGML_SYCL_SUPPORT_LEVEL_ZERO_API -DGGML_SYCL_WARP_SIZE=16 -D_GNU_SOURCE -D_XOPEN_SOURCE=600 -Dggml_sycl_EXPORTS -I/home/jianyuzh/ws/llama.cpp/auto_ci/28725/aicss-genai_sycl-graph-record-replay/ggml/src/ggml-sycl/.. -I/home/jianyuzh/ws/llama.cpp/auto_ci/28725/aicss-genai_sycl-graph-record-replay/ggml/src/../include -isystem /opt/intel/oneapi/compiler/2026.1/include -isystem /opt/intel/oneapi/mkl/2026.1/include -O3 -DNDEBUG -std=gnu++17 -fPIC -Xclang -fno-pch-timestamp -Wmissing-declarations -Wmissing-noreturn -Wall -Wextra -Wpedantic -Wcast-qual -Wno-unused-function -Wno-narrowing -fsycl -DMKL_ILP64 -MD -MT ggml/src/ggml-sycl/CMakeFiles/ggml-sycl.dir/lightning-indexer.cpp.o -MF CMakeFiles/ggml-sycl.dir/lightning-indexer.cpp.o.d -o CMakeFiles/ggml-sycl.dir/lightning-indexer.cpp.o -c /home/jianyuzh/ws/llama.cpp/auto_ci/28725/aicss-genai_sycl-graph-record-replay/ggml/src/ggml-sycl/lightning-indexer.cpp
[ 14%] Building CXX object ggml/src/ggml-sycl/CMakeFiles/ggml-sycl.dir/mem.cpp.o
cd /home/jianyuzh/ws/llama.cpp/auto_ci/28725/aicss-genai_sycl-graph-record-replay/build/ggml/src/ggml-sycl && /opt/intel/oneapi/compiler/2026.1/bin/icpx -DGGML_BACKEND_BUILD -DGGML_BACKEND_SHARED -DGGML_SCHED_MAX_COPIES=4 -DGGML_SHARED -DGGML_SYCL_DNNL=1 -DGGML_SYCL_GRAPH -DGGML_SYCL_HOST_MEM_FALLBACK -DGGML_SYCL_SUPPORT_LEVEL_ZERO_API -DGGML_SYCL_WARP_SIZE=16 -D_GNU_SOURCE -D_XOPEN_SOURCE=600 -Dggml_sycl_EXPORTS -I/home/jianyuzh/ws/llama.cpp/auto_ci/28725/aicss-genai_sycl-graph-record-replay/ggml/src/ggml-sycl/.. -I/home/jianyuzh/ws/llama.cpp/auto_ci/28725/aicss-genai_sycl-graph-record-replay/ggml/src/../include -isystem /opt/intel/oneapi/compiler/2026.1/include -isystem /opt/intel/oneapi/mkl/2026.1/include -O3 -DNDEBUG -std=gnu++17 -fPIC -Xclang -fno-pch-timestamp -Wmissing-declarations -Wmissing-noreturn -Wall -Wextra -Wpedantic -Wcast-qual -Wno-unused-function -Wno-narrowing -fsycl -DMKL_ILP64 -MD -MT ggml/src/ggml-sycl/CMakeFiles/ggml-sycl.dir/mem.cpp.o -MF CMakeFiles/ggml-sycl.dir/mem.cpp.o.d -o CMakeFiles/ggml-sycl.dir/mem.cpp.o -c /home/jianyuzh/ws/llama.cpp/auto_ci/28725/aicss-genai_sycl-graph-record-replay/ggml/src/ggml-sycl/mem.cpp
[ 14%] Building CXX object ggml/src/ggml-sycl/CMakeFiles/ggml-sycl.dir/memtrace.cpp.o
cd /home/jianyuzh/ws/llama.cpp/auto_ci/28725/aicss-genai_sycl-graph-record-replay/build/ggml/src/ggml-sycl && /opt/intel/oneapi/compiler/2026.1/bin/icpx -DGGML_BACKEND_BUILD -DGGML_BACKEND_SHARED -DGGML_SCHED_MAX_COPIES=4 -DGGML_SHARED -DGGML_SYCL_DNNL=1 -DGGML_SYCL_GRAPH -DGGML_SYCL_HOST_MEM_FALLBACK -DGGML_SYCL_SUPPORT_LEVEL_ZERO_API -DGGML_SYCL_WARP_SIZE=16 -D_GNU_SOURCE -D_XOPEN_SOURCE=600 -Dggml_sycl_EXPORTS -I/home/jianyuzh/ws/llama.cpp/auto_ci/28725/aicss-genai_sycl-graph-record-replay/ggml/src/ggml-sycl/.. -I/home/jianyuzh/ws/llama.cpp/auto_ci/28725/aicss-genai_sycl-graph-record-replay/ggml/src/../include -isystem /opt/intel/oneapi/compiler/2026.1/include -isystem /opt/intel/oneapi/mkl/2026.1/include -O3 -DNDEBUG -std=gnu++17 -fPIC -Xclang -fno-pch-timestamp -Wmissing-declarations -Wmissing-noreturn -Wall -Wextra -Wpedantic -Wcast-qual -Wno-unused-function -Wno-narrowing -fsycl -DMKL_ILP64 -MD -MT ggml/src/ggml-sycl/CMakeFiles/ggml-sycl.dir/memtrace.cpp.o -MF CMakeFiles/ggml-sycl.dir/memtrace.cpp.o.d -o CMakeFiles/ggml-sycl.dir/memtrace.cpp.o -c /home/jianyuzh/ws/llama.cpp/auto_ci/28725/aicss-genai_sycl-graph-record-replay/ggml/src/ggml-sycl/memtrace.cpp
[ 15%] Building CXX object ggml/src/ggml-sycl/CMakeFiles/ggml-sycl.dir/mmq.cpp.o
cd /home/jianyuzh/ws/llama.cpp/auto_ci/28725/aicss-genai_sycl-graph-record-replay/build/ggml/src/ggml-sycl && /opt/intel/oneapi/compiler/2026.1/bin/icpx -DGGML_BACKEND_BUILD -DGGML_BACKEND_SHARED -DGGML_SCHED_MAX_COPIES=4 -DGGML_SHARED -DGGML_SYCL_DNNL=1 -DGGML_SYCL_GRAPH -DGGML_SYCL_HOST_MEM_FALLBACK -DGGML_SYCL_SUPPORT_LEVEL_ZERO_API -DGGML_SYCL_WARP_SIZE=16 -D_GNU_SOURCE -D_XOPEN_SOURCE=600 -Dggml_sycl_EXPORTS -I/home/jianyuzh/ws/llama.cpp/auto_ci/28725/aicss-genai_sycl-graph-record-replay/ggml/src/ggml-sycl/.. -I/home/jianyuzh/ws/llama.cpp/auto_ci/28725/aicss-genai_sycl-graph-record-replay/ggml/src/../include -isystem /opt/intel/oneapi/compiler/2026.1/include -isystem /opt/intel/oneapi/mkl/2026.1/include -O3 -DNDEBUG -std=gnu++17 -fPIC -Xclang -fno-pch-timestamp -Wmissing-declarations -Wmissing-noreturn -Wall -Wextra -Wpedantic -Wcast-qual -Wno-unused-function -Wno-narrowing -fsycl -DMKL_ILP64 -MD -MT ggml/src/ggml-sycl/CMakeFiles/ggml-sycl.dir/mmq.cpp.o -MF CMakeFiles/ggml-sycl.dir/mmq.cpp.o.d -o CMakeFiles/ggml-sycl.dir/mmq.cpp.o -c /home/jianyuzh/ws/llama.cpp/auto_ci/28725/aicss-genai_sycl-graph-record-replay/ggml/src/ggml-sycl/mmq.cpp
[ 15%] Building CXX object ggml/src/ggml-sycl/CMakeFiles/ggml-sycl.dir/mmvq.cpp.o
cd /home/jianyuzh/ws/llama.cpp/auto_ci/28725/aicss-genai_sycl-graph-record-replay/build/ggml/src/ggml-sycl && /opt/intel/oneapi/compiler/2026.1/bin/icpx -DGGML_BACKEND_BUILD -DGGML_BACKEND_SHARED -DGGML_SCHED_MAX_COPIES=4 -DGGML_SHARED -DGGML_SYCL_DNNL=1 -DGGML_SYCL_GRAPH -DGGML_SYCL_HOST_MEM_FALLBACK -DGGML_SYCL_SUPPORT_LEVEL_ZERO_API -DGGML_SYCL_WARP_SIZE=16 -D_GNU_SOURCE -D_XOPEN_SOURCE=600 -Dggml_sycl_EXPORTS -I/home/jianyuzh/ws/llama.cpp/auto_ci/28725/aicss-genai_sycl-graph-record-replay/ggml/src/ggml-sycl/.. -I/home/jianyuzh/ws/llama.cpp/auto_ci/28725/aicss-genai_sycl-graph-record-replay/ggml/src/../include -isystem /opt/intel/oneapi/compiler/2026.1/include -isystem /opt/intel/oneapi/mkl/2026.1/include -O3 -DNDEBUG -std=gnu++17 -fPIC -Xclang -fno-pch-timestamp -Wmissing-declarations -Wmissing-noreturn -Wall -Wextra -Wpedantic -Wcast-qual -Wno-unused-function -Wno-narrowing -fsycl -DMKL_ILP64 -MD -MT ggml/src/ggml-sycl/CMakeFiles/ggml-sycl.dir/mmvq.cpp.o -MF CMakeFiles/ggml-sycl.dir/mmvq.cpp.o.d -o CMakeFiles/ggml-sycl.dir/mmvq.cpp.o -c /home/jianyuzh/ws/llama.cpp/auto_ci/28725/aicss-genai_sycl-graph-record-replay/ggml/src/ggml-sycl/mmvq.cpp
[ 15%] Building CXX object ggml/src/ggml-sycl/CMakeFiles/ggml-sycl.dir/norm.cpp.o
cd /home/jianyuzh/ws/llama.cpp/auto_ci/28725/aicss-genai_sycl-graph-record-replay/build/ggml/src/ggml-sycl && /opt/intel/oneapi/compiler/2026.1/bin/icpx -DGGML_BACKEND_BUILD -DGGML_BACKEND_SHARED -DGGML_SCHED_MAX_COPIES=4 -DGGML_SHARED -DGGML_SYCL_DNNL=1 -DGGML_SYCL_GRAPH -DGGML_SYCL_HOST_MEM_FALLBACK -DGGML_SYCL_SUPPORT_LEVEL_ZERO_API -DGGML_SYCL_WARP_SIZE=16 -D_GNU_SOURCE -D_XOPEN_SOURCE=600 -Dggml_sycl_EXPORTS -I/home/jianyuzh/ws/llama.cpp/auto_ci/28725/aicss-genai_sycl-graph-record-replay/ggml/src/ggml-sycl/.. -I/home/jianyuzh/ws/llama.cpp/auto_ci/28725/aicss-genai_sycl-graph-record-replay/ggml/src/../include -isystem /opt/intel/oneapi/compiler/2026.1/include -isystem /opt/intel/oneapi/mkl/2026.1/include -O3 -DNDEBUG -std=gnu++17 -fPIC -Xclang -fno-pch-timestamp -Wmissing-declarations -Wmissing-noreturn -Wall -Wextra -Wpedantic -Wcast-qual -Wno-unused-function -Wno-narrowing -fsycl -DMKL_ILP64 -MD -MT ggml/src/ggml-sycl/CMakeFiles/ggml-sycl.dir/norm.cpp.o -MF CMakeFiles/ggml-sycl.dir/norm.cpp.o.d -o CMakeFiles/ggml-sycl.dir/norm.cpp.o -c /home/jianyuzh/ws/llama.cpp/auto_ci/28725/aicss-genai_sycl-graph-record-replay/ggml/src/ggml-sycl/norm.cpp
[ 15%] Building CXX object ggml/src/ggml-sycl/CMakeFiles/ggml-sycl.dir/opt-step.cpp.o
cd /home/jianyuzh/ws/llama.cpp/auto_ci/28725/aicss-genai_sycl-graph-record-replay/build/ggml/src/ggml-sycl && /opt/intel/oneapi/compiler/2026.1/bin/icpx -DGGML_BACKEND_BUILD -DGGML_BACKEND_SHARED -DGGML_SCHED_MAX_COPIES=4 -DGGML_SHARED -DGGML_SYCL_DNNL=1 -DGGML_SYCL_GRAPH -DGGML_SYCL_HOST_MEM_FALLBACK -DGGML_SYCL_SUPPORT_LEVEL_ZERO_API -DGGML_SYCL_WARP_SIZE=16 -D_GNU_SOURCE -D_XOPEN_SOURCE=600 -Dggml_sycl_EXPORTS -I/home/jianyuzh/ws/llama.cpp/auto_ci/28725/aicss-genai_sycl-graph-record-replay/ggml/src/ggml-sycl/.. -I/home/jianyuzh/ws/llama.cpp/auto_ci/28725/aicss-genai_sycl-graph-record-replay/ggml/src/../include -isystem /opt/intel/oneapi/compiler/2026.1/include -isystem /opt/intel/oneapi/mkl/2026.1/include -O3 -DNDEBUG -std=gnu++17 -fPIC -Xclang -fno-pch-timestamp -Wmissing-declarations -Wmissing-noreturn -Wall -Wextra -Wpedantic -Wcast-qual -Wno-unused-function -Wno-narrowing -fsycl -DMKL_ILP64 -MD -MT ggml/src/ggml-sycl/CMakeFiles/ggml-sycl.dir/opt-step.cpp.o -MF CMakeFiles/ggml-sycl.dir/opt-step.cpp.o.d -o CMakeFiles/ggml-sycl.dir/opt-step.cpp.o -c /home/jianyuzh/ws/llama.cpp/auto_ci/28725/aicss-genai_sycl-graph-record-replay/ggml/src/ggml-sycl/opt-step.cpp
[ 15%] Building CXX object ggml/src/ggml-sycl/CMakeFiles/ggml-sycl.dir/outprod.cpp.o
cd /home/jianyuzh/ws/llama.cpp/auto_ci/28725/aicss-genai_sycl-graph-record-replay/build/ggml/src/ggml-sycl && /opt/intel/oneapi/compiler/2026.1/bin/icpx -DGGML_BACKEND_BUILD -DGGML_BACKEND_SHARED -DGGML_SCHED_MAX_COPIES=4 -DGGML_SHARED -DGGML_SYCL_DNNL=1 -DGGML_SYCL_GRAPH -DGGML_SYCL_HOST_MEM_FALLBACK -DGGML_SYCL_SUPPORT_LEVEL_ZERO_API -DGGML_SYCL_WARP_SIZE=16 -D_GNU_SOURCE -D_XOPEN_SOURCE=600 -Dggml_sycl_EXPORTS -I/home/jianyuzh/ws/llama.cpp/auto_ci/28725/aicss-genai_sycl-graph-record-replay/ggml/src/ggml-sycl/.. -I/home/jianyuzh/ws/llama.cpp/auto_ci/28725/aicss-genai_sycl-graph-record-replay/ggml/src/../include -isystem /opt/intel/oneapi/compiler/2026.1/include -isystem /opt/intel/oneapi/mkl/2026.1/include -O3 -DNDEBUG -std=gnu++17 -fPIC -Xclang -fno-pch-timestamp -Wmissing-declarations -Wmissing-noreturn -Wall -Wextra -Wpedantic -Wcast-qual -Wno-unused-function -Wno-narrowing -fsycl -DMKL_ILP64 -MD -MT ggml/src/ggml-sycl/CMakeFiles/ggml-sycl.dir/outprod.cpp.o -MF CMakeFiles/ggml-sycl.dir/outprod.cpp.o.d -o CMakeFiles/ggml-sycl.dir/outprod.cpp.o -c /home/jianyuzh/ws/llama.cpp/auto_ci/28725/aicss-genai_sycl-graph-record-replay/ggml/src/ggml-sycl/outprod.cpp
[ 15%] Building CXX object ggml/src/ggml-sycl/CMakeFiles/ggml-sycl.dir/pad.cpp.o
cd /home/jianyuzh/ws/llama.cpp/auto_ci/28725/aicss-genai_sycl-graph-record-replay/build/ggml/src/ggml-sycl && /opt/intel/oneapi/compiler/2026.1/bin/icpx -DGGML_BACKEND_BUILD -DGGML_BACKEND_SHARED -DGGML_SCHED_MAX_COPIES=4 -DGGML_SHARED -DGGML_SYCL_DNNL=1 -DGGML_SYCL_GRAPH -DGGML_SYCL_HOST_MEM_FALLBACK -DGGML_SYCL_SUPPORT_LEVEL_ZERO_API -DGGML_SYCL_WARP_SIZE=16 -D_GNU_SOURCE -D_XOPEN_SOURCE=600 -Dggml_sycl_EXPORTS -I/home/jianyuzh/ws/llama.cpp/auto_ci/28725/aicss-genai_sycl-graph-record-replay/ggml/src/ggml-sycl/.. -I/home/jianyuzh/ws/llama.cpp/auto_ci/28725/aicss-genai_sycl-graph-record-replay/ggml/src/../include -isystem /opt/intel/oneapi/compiler/2026.1/include -isystem /opt/intel/oneapi/mkl/2026.1/include -O3 -DNDEBUG -std=gnu++17 -fPIC -Xclang -fno-pch-timestamp -Wmissing-declarations -Wmissing-noreturn -Wall -Wextra -Wpedantic -Wcast-qual -Wno-unused-function -Wno-narrowing -fsycl -DMKL_ILP64 -MD -MT ggml/src/ggml-sycl/CMakeFiles/ggml-sycl.dir/pad.cpp.o -MF CMakeFiles/ggml-sycl.dir/pad.cpp.o.d -o CMakeFiles/ggml-sycl.dir/pad.cpp.o -c /home/jianyuzh/ws/llama.cpp/auto_ci/28725/aicss-genai_sycl-graph-record-replay/ggml/src/ggml-sycl/pad.cpp
-- UI: download dist.tar.gz.sha256 from b11101 failed: "SSL peer certificate or SSH remote key was not OK.  If this is due to https certificate verification failure, one may set environment variable CMAKE_TLS_VERIFY=0 to suppress it."
-- UI: downloading from latest: https://huggingface.co/buckets/ggml-org/llama-ui/resolve/latest/dist.tar.gz
[ 16%] Building CXX object ggml/src/ggml-sycl/CMakeFiles/ggml-sycl.dir/pad_reflect_1d.cpp.o
[ 16%] Building CXX object ggml/src/ggml-sycl/CMakeFiles/ggml-sycl.dir/pool.cpp.o
cd /home/jianyuzh/ws/llama.cpp/auto_ci/28725/aicss-genai_sycl-graph-record-replay/build/ggml/src/ggml-sycl && /opt/intel/oneapi/compiler/2026.1/bin/icpx -DGGML_BACKEND_BUILD -DGGML_BACKEND_SHARED -DGGML_SCHED_MAX_COPIES=4 -DGGML_SHARED -DGGML_SYCL_DNNL=1 -DGGML_SYCL_GRAPH -DGGML_SYCL_HOST_MEM_FALLBACK -DGGML_SYCL_SUPPORT_LEVEL_ZERO_API -DGGML_SYCL_WARP_SIZE=16 -D_GNU_SOURCE -D_XOPEN_SOURCE=600 -Dggml_sycl_EXPORTS -I/home/jianyuzh/ws/llama.cpp/auto_ci/28725/aicss-genai_sycl-graph-record-replay/ggml/src/ggml-sycl/.. -I/home/jianyuzh/ws/llama.cpp/auto_ci/28725/aicss-genai_sycl-graph-record-replay/ggml/src/../include -isystem /opt/intel/oneapi/compiler/2026.1/include -isystem /opt/intel/oneapi/mkl/2026.1/include -O3 -DNDEBUG -std=gnu++17 -fPIC -Xclang -fno-pch-timestamp -Wmissing-declarations -Wmissing-noreturn -Wall -Wextra -Wpedantic -Wcast-qual -Wno-unused-function -Wno-narrowing -fsycl -DMKL_ILP64 -MD -MT ggml/src/ggml-sycl/CMakeFiles/ggml-sycl.dir/pad_reflect_1d.cpp.o -MF CMakeFiles/ggml-sycl.dir/pad_reflect_1d.cpp.o.d -o CMakeFiles/ggml-sycl.dir/pad_reflect_1d.cpp.o -c /home/jianyuzh/ws/llama.cpp/auto_ci/28725/aicss-genai_sycl-graph-record-replay/ggml/src/ggml-sycl/pad_reflect_1d.cpp
cd /home/jianyuzh/ws/llama.cpp/auto_ci/28725/aicss-genai_sycl-graph-record-replay/build/ggml/src/ggml-sycl && /opt/intel/oneapi/compiler/2026.1/bin/icpx -DGGML_BACKEND_BUILD -DGGML_BACKEND_SHARED -DGGML_SCHED_MAX_COPIES=4 -DGGML_SHARED -DGGML_SYCL_DNNL=1 -DGGML_SYCL_GRAPH -DGGML_SYCL_HOST_MEM_FALLBACK -DGGML_SYCL_SUPPORT_LEVEL_ZERO_API -DGGML_SYCL_WARP_SIZE=16 -D_GNU_SOURCE -D_XOPEN_SOURCE=600 -Dggml_sycl_EXPORTS -I/home/jianyuzh/ws/llama.cpp/auto_ci/28725/aicss-genai_sycl-graph-record-replay/ggml/src/ggml-sycl/.. -I/home/jianyuzh/ws/llama.cpp/auto_ci/28725/aicss-genai_sycl-graph-record-replay/ggml/src/../include -isystem /opt/intel/oneapi/compiler/2026.1/include -isystem /opt/intel/oneapi/mkl/2026.1/include -O3 -DNDEBUG -std=gnu++17 -fPIC -Xclang -fno-pch-timestamp -Wmissing-declarations -Wmissing-noreturn -Wall -Wextra -Wpedantic -Wcast-qual -Wno-unused-function -Wno-narrowing -fsycl -DMKL_ILP64 -MD -MT ggml/src/ggml-sycl/CMakeFiles/ggml-sycl.dir/pool.cpp.o -MF CMakeFiles/ggml-sycl.dir/pool.cpp.o.d -o CMakeFiles/ggml-sycl.dir/pool.cpp.o -c /home/jianyuzh/ws/llama.cpp/auto_ci/28725/aicss-genai_sycl-graph-record-replay/ggml/src/ggml-sycl/pool.cpp
[ 16%] Building CXX object ggml/src/ggml-sycl/CMakeFiles/ggml-sycl.dir/repeat_back.cpp.o
cd /home/jianyuzh/ws/llama.cpp/auto_ci/28725/aicss-genai_sycl-graph-record-replay/build/ggml/src/ggml-sycl && /opt/intel/oneapi/compiler/2026.1/bin/icpx -DGGML_BACKEND_BUILD -DGGML_BACKEND_SHARED -DGGML_SCHED_MAX_COPIES=4 -DGGML_SHARED -DGGML_SYCL_DNNL=1 -DGGML_SYCL_GRAPH -DGGML_SYCL_HOST_MEM_FALLBACK -DGGML_SYCL_SUPPORT_LEVEL_ZERO_API -DGGML_SYCL_WARP_SIZE=16 -D_GNU_SOURCE -D_XOPEN_SOURCE=600 -Dggml_sycl_EXPORTS -I/home/jianyuzh/ws/llama.cpp/auto_ci/28725/aicss-genai_sycl-graph-record-replay/ggml/src/ggml-sycl/.. -I/home/jianyuzh/ws/llama.cpp/auto_ci/28725/aicss-genai_sycl-graph-record-replay/ggml/src/../include -isystem /opt/intel/oneapi/compiler/2026.1/include -isystem /opt/intel/oneapi/mkl/2026.1/include -O3 -DNDEBUG -std=gnu++17 -fPIC -Xclang -fno-pch-timestamp -Wmissing-declarations -Wmissing-noreturn -Wall -Wextra -Wpedantic -Wcast-qual -Wno-unused-function -Wno-narrowing -fsycl -DMKL_ILP64 -MD -MT ggml/src/ggml-sycl/CMakeFiles/ggml-sycl.dir/repeat_back.cpp.o -MF CMakeFiles/ggml-sycl.dir/repeat_back.cpp.o.d -o CMakeFiles/ggml-sycl.dir/repeat_back.cpp.o -c /home/jianyuzh/ws/llama.cpp/auto_ci/28725/aicss-genai_sycl-graph-record-replay/ggml/src/ggml-sycl/repeat_back.cpp
[ 16%] Building CXX object ggml/src/ggml-sycl/CMakeFiles/ggml-sycl.dir/roll.cpp.o
cd /home/jianyuzh/ws/llama.cpp/auto_ci/28725/aicss-genai_sycl-graph-record-replay/build/ggml/src/ggml-sycl && /opt/intel/oneapi/compiler/2026.1/bin/icpx -DGGML_BACKEND_BUILD -DGGML_BACKEND_SHARED -DGGML_SCHED_MAX_COPIES=4 -DGGML_SHARED -DGGML_SYCL_DNNL=1 -DGGML_SYCL_GRAPH -DGGML_SYCL_HOST_MEM_FALLBACK -DGGML_SYCL_SUPPORT_LEVEL_ZERO_API -DGGML_SYCL_WARP_SIZE=16 -D_GNU_SOURCE -D_XOPEN_SOURCE=600 -Dggml_sycl_EXPORTS -I/home/jianyuzh/ws/llama.cpp/auto_ci/28725/aicss-genai_sycl-graph-record-replay/ggml/src/ggml-sycl/.. -I/home/jianyuzh/ws/llama.cpp/auto_ci/28725/aicss-genai_sycl-graph-record-replay/ggml/src/../include -isystem /opt/intel/oneapi/compiler/2026.1/include -isystem /opt/intel/oneapi/mkl/2026.1/include -O3 -DNDEBUG -std=gnu++17 -fPIC -Xclang -fno-pch-timestamp -Wmissing-declarations -Wmissing-noreturn -Wall -Wextra -Wpedantic -Wcast-qual -Wno-unused-function -Wno-narrowing -fsycl -DMKL_ILP64 -MD -MT ggml/src/ggml-sycl/CMakeFiles/ggml-sycl.dir/roll.cpp.o -MF CMakeFiles/ggml-sycl.dir/roll.cpp.o.d -o CMakeFiles/ggml-sycl.dir/roll.cpp.o -c /home/jianyuzh/ws/llama.cpp/auto_ci/28725/aicss-genai_sycl-graph-record-replay/ggml/src/ggml-sycl/roll.cpp
[ 16%] Building CXX object ggml/src/ggml-sycl/CMakeFiles/ggml-sycl.dir/rope.cpp.o
cd /home/jianyuzh/ws/llama.cpp/auto_ci/28725/aicss-genai_sycl-graph-record-replay/build/ggml/src/ggml-sycl && /opt/intel/oneapi/compiler/2026.1/bin/icpx -DGGML_BACKEND_BUILD -DGGML_BACKEND_SHARED -DGGML_SCHED_MAX_COPIES=4 -DGGML_SHARED -DGGML_SYCL_DNNL=1 -DGGML_SYCL_GRAPH -DGGML_SYCL_HOST_MEM_FALLBACK -DGGML_SYCL_SUPPORT_LEVEL_ZERO_API -DGGML_SYCL_WARP_SIZE=16 -D_GNU_SOURCE -D_XOPEN_SOURCE=600 -Dggml_sycl_EXPORTS -I/home/jianyuzh/ws/llama.cpp/auto_ci/28725/aicss-genai_sycl-graph-record-replay/ggml/src/ggml-sycl/.. -I/home/jianyuzh/ws/llama.cpp/auto_ci/28725/aicss-genai_sycl-graph-record-replay/ggml/src/../include -isystem /opt/intel/oneapi/compiler/2026.1/include -isystem /opt/intel/oneapi/mkl/2026.1/include -O3 -DNDEBUG -std=gnu++17 -fPIC -Xclang -fno-pch-timestamp -Wmissing-declarations -Wmissing-noreturn -Wall -Wextra -Wpedantic -Wcast-qual -Wno-unused-function -Wno-narrowing -fsycl -DMKL_ILP64 -MD -MT ggml/src/ggml-sycl/CMakeFiles/ggml-sycl.dir/rope.cpp.o -MF CMakeFiles/ggml-sycl.dir/rope.cpp.o.d -o CMakeFiles/ggml-sycl.dir/rope.cpp.o -c /home/jianyuzh/ws/llama.cpp/auto_ci/28725/aicss-genai_sycl-graph-record-replay/ggml/src/ggml-sycl/rope.cpp
[ 17%] Building CXX object ggml/src/ggml-sycl/CMakeFiles/ggml-sycl.dir/set.cpp.o
cd /home/jianyuzh/ws/llama.cpp/auto_ci/28725/aicss-genai_sycl-graph-record-replay/build/ggml/src/ggml-sycl && /opt/intel/oneapi/compiler/2026.1/bin/icpx -DGGML_BACKEND_BUILD -DGGML_BACKEND_SHARED -DGGML_SCHED_MAX_COPIES=4 -DGGML_SHARED -DGGML_SYCL_DNNL=1 -DGGML_SYCL_GRAPH -DGGML_SYCL_HOST_MEM_FALLBACK -DGGML_SYCL_SUPPORT_LEVEL_ZERO_API -DGGML_SYCL_WARP_SIZE=16 -D_GNU_SOURCE -D_XOPEN_SOURCE=600 -Dggml_sycl_EXPORTS -I/home/jianyuzh/ws/llama.cpp/auto_ci/28725/aicss-genai_sycl-graph-record-replay/ggml/src/ggml-sycl/.. -I/home/jianyuzh/ws/llama.cpp/auto_ci/28725/aicss-genai_sycl-graph-record-replay/ggml/src/../include -isystem /opt/intel/oneapi/compiler/2026.1/include -isystem /opt/intel/oneapi/mkl/2026.1/include -O3 -DNDEBUG -std=gnu++17 -fPIC -Xclang -fno-pch-timestamp -Wmissing-declarations -Wmissing-noreturn -Wall -Wextra -Wpedantic -Wcast-qual -Wno-unused-function -Wno-narrowing -fsycl -DMKL_ILP64 -MD -MT ggml/src/ggml-sycl/CMakeFiles/ggml-sycl.dir/set.cpp.o -MF CMakeFiles/ggml-sycl.dir/set.cpp.o.d -o CMakeFiles/ggml-sycl.dir/set.cpp.o -c /home/jianyuzh/ws/llama.cpp/auto_ci/28725/aicss-genai_sycl-graph-record-replay/ggml/src/ggml-sycl/set.cpp
[ 17%] Building CXX object ggml/src/ggml-sycl/CMakeFiles/ggml-sycl.dir/set_rows.cpp.o
cd /home/jianyuzh/ws/llama.cpp/auto_ci/28725/aicss-genai_sycl-graph-record-replay/build/ggml/src/ggml-sycl && /opt/intel/oneapi/compiler/2026.1/bin/icpx -DGGML_BACKEND_BUILD -DGGML_BACKEND_SHARED -DGGML_SCHED_MAX_COPIES=4 -DGGML_SHARED -DGGML_SYCL_DNNL=1 -DGGML_SYCL_GRAPH -DGGML_SYCL_HOST_MEM_FALLBACK -DGGML_SYCL_SUPPORT_LEVEL_ZERO_API -DGGML_SYCL_WARP_SIZE=16 -D_GNU_SOURCE -D_XOPEN_SOURCE=600 -Dggml_sycl_EXPORTS -I/home/jianyuzh/ws/llama.cpp/auto_ci/28725/aicss-genai_sycl-graph-record-replay/ggml/src/ggml-sycl/.. -I/home/jianyuzh/ws/llama.cpp/auto_ci/28725/aicss-genai_sycl-graph-record-replay/ggml/src/../include -isystem /opt/intel/oneapi/compiler/2026.1/include -isystem /opt/intel/oneapi/mkl/2026.1/include -O3 -DNDEBUG -std=gnu++17 -fPIC -Xclang -fno-pch-timestamp -Wmissing-declarations -Wmissing-noreturn -Wall -Wextra -Wpedantic -Wcast-qual -Wno-unused-function -Wno-narrowing -fsycl -DMKL_ILP64 -MD -MT ggml/src/ggml-sycl/CMakeFiles/ggml-sycl.dir/set_rows.cpp.o -MF CMakeFiles/ggml-sycl.dir/set_rows.cpp.o.d -o CMakeFiles/ggml-sycl.dir/set_rows.cpp.o -c /home/jianyuzh/ws/llama.cpp/auto_ci/28725/aicss-genai_sycl-graph-record-replay/ggml/src/ggml-sycl/set_rows.cpp
[ 17%] Building CXX object ggml/src/ggml-sycl/CMakeFiles/ggml-sycl.dir/softmax.cpp.o
cd /home/jianyuzh/ws/llama.cpp/auto_ci/28725/aicss-genai_sycl-graph-record-replay/build/ggml/src/ggml-sycl && /opt/intel/oneapi/compiler/2026.1/bin/icpx -DGGML_BACKEND_BUILD -DGGML_BACKEND_SHARED -DGGML_SCHED_MAX_COPIES=4 -DGGML_SHARED -DGGML_SYCL_DNNL=1 -DGGML_SYCL_GRAPH -DGGML_SYCL_HOST_MEM_FALLBACK -DGGML_SYCL_SUPPORT_LEVEL_ZERO_API -DGGML_SYCL_WARP_SIZE=16 -D_GNU_SOURCE -D_XOPEN_SOURCE=600 -Dggml_sycl_EXPORTS -I/home/jianyuzh/ws/llama.cpp/auto_ci/28725/aicss-genai_sycl-graph-record-replay/ggml/src/ggml-sycl/.. -I/home/jianyuzh/ws/llama.cpp/auto_ci/28725/aicss-genai_sycl-graph-record-replay/ggml/src/../include -isystem /opt/intel/oneapi/compiler/2026.1/include -isystem /opt/intel/oneapi/mkl/2026.1/include -O3 -DNDEBUG -std=gnu++17 -fPIC -Xclang -fno-pch-timestamp -Wmissing-declarations -Wmissing-noreturn -Wall -Wextra -Wpedantic -Wcast-qual -Wno-unused-function -Wno-narrowing -fsycl -DMKL_ILP64 -MD -MT ggml/src/ggml-sycl/CMakeFiles/ggml-sycl.dir/softmax.cpp.o -MF CMakeFiles/ggml-sycl.dir/softmax.cpp.o.d -o CMakeFiles/ggml-sycl.dir/softmax.cpp.o -c /home/jianyuzh/ws/llama.cpp/auto_ci/28725/aicss-genai_sycl-graph-record-replay/ggml/src/ggml-sycl/softmax.cpp
[ 17%] Building CXX object ggml/src/ggml-sycl/CMakeFiles/ggml-sycl.dir/solve_tri.cpp.o
cd /home/jianyuzh/ws/llama.cpp/auto_ci/28725/aicss-genai_sycl-graph-record-replay/build/ggml/src/ggml-sycl && /opt/intel/oneapi/compiler/2026.1/bin/icpx -DGGML_BACKEND_BUILD -DGGML_BACKEND_SHARED -DGGML_SCHED_MAX_COPIES=4 -DGGML_SHARED -DGGML_SYCL_DNNL=1 -DGGML_SYCL_GRAPH -DGGML_SYCL_HOST_MEM_FALLBACK -DGGML_SYCL_SUPPORT_LEVEL_ZERO_API -DGGML_SYCL_WARP_SIZE=16 -D_GNU_SOURCE -D_XOPEN_SOURCE=600 -Dggml_sycl_EXPORTS -I/home/jianyuzh/ws/llama.cpp/auto_ci/28725/aicss-genai_sycl-graph-record-replay/ggml/src/ggml-sycl/.. -I/home/jianyuzh/ws/llama.cpp/auto_ci/28725/aicss-genai_sycl-graph-record-replay/ggml/src/../include -isystem /opt/intel/oneapi/compiler/2026.1/include -isystem /opt/intel/oneapi/mkl/2026.1/include -O3 -DNDEBUG -std=gnu++17 -fPIC -Xclang -fno-pch-timestamp -Wmissing-declarations -Wmissing-noreturn -Wall -Wextra -Wpedantic -Wcast-qual -Wno-unused-function -Wno-narrowing -fsycl -DMKL_ILP64 -MD -MT ggml/src/ggml-sycl/CMakeFiles/ggml-sycl.dir/solve_tri.cpp.o -MF CMakeFiles/ggml-sycl.dir/solve_tri.cpp.o.d -o CMakeFiles/ggml-sycl.dir/solve_tri.cpp.o -c /home/jianyuzh/ws/llama.cpp/auto_ci/28725/aicss-genai_sycl-graph-record-replay/ggml/src/ggml-sycl/solve_tri.cpp
[ 17%] Building CXX object ggml/src/ggml-sycl/CMakeFiles/ggml-sycl.dir/ssm_conv.cpp.o
cd /home/jianyuzh/ws/llama.cpp/auto_ci/28725/aicss-genai_sycl-graph-record-replay/build/ggml/src/ggml-sycl && /opt/intel/oneapi/compiler/2026.1/bin/icpx -DGGML_BACKEND_BUILD -DGGML_BACKEND_SHARED -DGGML_SCHED_MAX_COPIES=4 -DGGML_SHARED -DGGML_SYCL_DNNL=1 -DGGML_SYCL_GRAPH -DGGML_SYCL_HOST_MEM_FALLBACK -DGGML_SYCL_SUPPORT_LEVEL_ZERO_API -DGGML_SYCL_WARP_SIZE=16 -D_GNU_SOURCE -D_XOPEN_SOURCE=600 -Dggml_sycl_EXPORTS -I/home/jianyuzh/ws/llama.cpp/auto_ci/28725/aicss-genai_sycl-graph-record-replay/ggml/src/ggml-sycl/.. -I/home/jianyuzh/ws/llama.cpp/auto_ci/28725/aicss-genai_sycl-graph-record-replay/ggml/src/../include -isystem /opt/intel/oneapi/compiler/2026.1/include -isystem /opt/intel/oneapi/mkl/2026.1/include -O3 -DNDEBUG -std=gnu++17 -fPIC -Xclang -fno-pch-timestamp -Wmissing-declarations -Wmissing-noreturn -Wall -Wextra -Wpedantic -Wcast-qual -Wno-unused-function -Wno-narrowing -fsycl -DMKL_ILP64 -MD -MT ggml/src/ggml-sycl/CMakeFiles/ggml-sycl.dir/ssm_conv.cpp.o -MF CMakeFiles/ggml-sycl.dir/ssm_conv.cpp.o.d -o CMakeFiles/ggml-sycl.dir/ssm_conv.cpp.o -c /home/jianyuzh/ws/llama.cpp/auto_ci/28725/aicss-genai_sycl-graph-record-replay/ggml/src/ggml-sycl/ssm_conv.cpp
[ 18%] Building CXX object ggml/src/ggml-sycl/CMakeFiles/ggml-sycl.dir/ssm_scan.cpp.o
cd /home/jianyuzh/ws/llama.cpp/auto_ci/28725/aicss-genai_sycl-graph-record-replay/build/ggml/src/ggml-sycl && /opt/intel/oneapi/compiler/2026.1/bin/icpx -DGGML_BACKEND_BUILD -DGGML_BACKEND_SHARED -DGGML_SCHED_MAX_COPIES=4 -DGGML_SHARED -DGGML_SYCL_DNNL=1 -DGGML_SYCL_GRAPH -DGGML_SYCL_HOST_MEM_FALLBACK -DGGML_SYCL_SUPPORT_LEVEL_ZERO_API -DGGML_SYCL_WARP_SIZE=16 -D_GNU_SOURCE -D_XOPEN_SOURCE=600 -Dggml_sycl_EXPORTS -I/home/jianyuzh/ws/llama.cpp/auto_ci/28725/aicss-genai_sycl-graph-record-replay/ggml/src/ggml-sycl/.. -I/home/jianyuzh/ws/llama.cpp/auto_ci/28725/aicss-genai_sycl-graph-record-replay/ggml/src/../include -isystem /opt/intel/oneapi/compiler/2026.1/include -isystem /opt/intel/oneapi/mkl/2026.1/include -O3 -DNDEBUG -std=gnu++17 -fPIC -Xclang -fno-pch-timestamp -Wmissing-declarations -Wmissing-noreturn -Wall -Wextra -Wpedantic -Wcast-qual -Wno-unused-function -Wno-narrowing -fsycl -DMKL_ILP64 -MD -MT ggml/src/ggml-sycl/CMakeFiles/ggml-sycl.dir/ssm_scan.cpp.o -MF CMakeFiles/ggml-sycl.dir/ssm_scan.cpp.o.d -o CMakeFiles/ggml-sycl.dir/ssm_scan.cpp.o -c /home/jianyuzh/ws/llama.cpp/auto_ci/28725/aicss-genai_sycl-graph-record-replay/ggml/src/ggml-sycl/ssm_scan.cpp
[ 18%] Building CXX object ggml/src/ggml-sycl/CMakeFiles/ggml-sycl.dir/sycl_hw.cpp.o
cd /home/jianyuzh/ws/llama.cpp/auto_ci/28725/aicss-genai_sycl-graph-record-replay/build/ggml/src/ggml-sycl && /opt/intel/oneapi/compiler/2026.1/bin/icpx -DGGML_BACKEND_BUILD -DGGML_BACKEND_SHARED -DGGML_SCHED_MAX_COPIES=4 -DGGML_SHARED -DGGML_SYCL_DNNL=1 -DGGML_SYCL_GRAPH -DGGML_SYCL_HOST_MEM_FALLBACK -DGGML_SYCL_SUPPORT_LEVEL_ZERO_API -DGGML_SYCL_WARP_SIZE=16 -D_GNU_SOURCE -D_XOPEN_SOURCE=600 -Dggml_sycl_EXPORTS -I/home/jianyuzh/ws/llama.cpp/auto_ci/28725/aicss-genai_sycl-graph-record-replay/ggml/src/ggml-sycl/.. -I/home/jianyuzh/ws/llama.cpp/auto_ci/28725/aicss-genai_sycl-graph-record-replay/ggml/src/../include -isystem /opt/intel/oneapi/compiler/2026.1/include -isystem /opt/intel/oneapi/mkl/2026.1/include -O3 -DNDEBUG -std=gnu++17 -fPIC -Xclang -fno-pch-timestamp -Wmissing-declarations -Wmissing-noreturn -Wall -Wextra -Wpedantic -Wcast-qual -Wno-unused-function -Wno-narrowing -fsycl -DMKL_ILP64 -MD -MT ggml/src/ggml-sycl/CMakeFiles/ggml-sycl.dir/sycl_hw.cpp.o -MF CMakeFiles/ggml-sycl.dir/sycl_hw.cpp.o.d -o CMakeFiles/ggml-sycl.dir/sycl_hw.cpp.o -c /home/jianyuzh/ws/llama.cpp/auto_ci/28725/aicss-genai_sycl-graph-record-replay/ggml/src/ggml-sycl/sycl_hw.cpp
[ 18%] Building CXX object ggml/src/ggml-sycl/CMakeFiles/ggml-sycl.dir/topk-moe.cpp.o
cd /home/jianyuzh/ws/llama.cpp/auto_ci/28725/aicss-genai_sycl-graph-record-replay/build/ggml/src/ggml-sycl && /opt/intel/oneapi/compiler/2026.1/bin/icpx -DGGML_BACKEND_BUILD -DGGML_BACKEND_SHARED -DGGML_SCHED_MAX_COPIES=4 -DGGML_SHARED -DGGML_SYCL_DNNL=1 -DGGML_SYCL_GRAPH -DGGML_SYCL_HOST_MEM_FALLBACK -DGGML_SYCL_SUPPORT_LEVEL_ZERO_API -DGGML_SYCL_WARP_SIZE=16 -D_GNU_SOURCE -D_XOPEN_SOURCE=600 -Dggml_sycl_EXPORTS -I/home/jianyuzh/ws/llama.cpp/auto_ci/28725/aicss-genai_sycl-graph-record-replay/ggml/src/ggml-sycl/.. -I/home/jianyuzh/ws/llama.cpp/auto_ci/28725/aicss-genai_sycl-graph-record-replay/ggml/src/../include -isystem /opt/intel/oneapi/compiler/2026.1/include -isystem /opt/intel/oneapi/mkl/2026.1/include -O3 -DNDEBUG -std=gnu++17 -fPIC -Xclang -fno-pch-timestamp -Wmissing-declarations -Wmissing-noreturn -Wall -Wextra -Wpedantic -Wcast-qual -Wno-unused-function -Wno-narrowing -fsycl -DMKL_ILP64 -MD -MT ggml/src/ggml-sycl/CMakeFiles/ggml-sycl.dir/topk-moe.cpp.o -MF CMakeFiles/ggml-sycl.dir/topk-moe.cpp.o.d -o CMakeFiles/ggml-sycl.dir/topk-moe.cpp.o -c /home/jianyuzh/ws/llama.cpp/auto_ci/28725/aicss-genai_sycl-graph-record-replay/ggml/src/ggml-sycl/topk-moe.cpp
[ 18%] Building CXX object ggml/src/ggml-sycl/CMakeFiles/ggml-sycl.dir/topk-radix.cpp.o
cd /home/jianyuzh/ws/llama.cpp/auto_ci/28725/aicss-genai_sycl-graph-record-replay/build/ggml/src/ggml-sycl && /opt/intel/oneapi/compiler/2026.1/bin/icpx -DGGML_BACKEND_BUILD -DGGML_BACKEND_SHARED -DGGML_SCHED_MAX_COPIES=4 -DGGML_SHARED -DGGML_SYCL_DNNL=1 -DGGML_SYCL_GRAPH -DGGML_SYCL_HOST_MEM_FALLBACK -DGGML_SYCL_SUPPORT_LEVEL_ZERO_API -DGGML_SYCL_WARP_SIZE=16 -D_GNU_SOURCE -D_XOPEN_SOURCE=600 -Dggml_sycl_EXPORTS -I/home/jianyuzh/ws/llama.cpp/auto_ci/28725/aicss-genai_sycl-graph-record-replay/ggml/src/ggml-sycl/.. -I/home/jianyuzh/ws/llama.cpp/auto_ci/28725/aicss-genai_sycl-graph-record-replay/ggml/src/../include -isystem /opt/intel/oneapi/compiler/2026.1/include -isystem /opt/intel/oneapi/mkl/2026.1/include -O3 -DNDEBUG -std=gnu++17 -fPIC -Xclang -fno-pch-timestamp -Wmissing-declarations -Wmissing-noreturn -Wall -Wextra -Wpedantic -Wcast-qual -Wno-unused-function -Wno-narrowing -fsycl -DMKL_ILP64 -MD -MT ggml/src/ggml-sycl/CMakeFiles/ggml-sycl.dir/topk-radix.cpp.o -MF CMakeFiles/ggml-sycl.dir/topk-radix.cpp.o.d -o CMakeFiles/ggml-sycl.dir/topk-radix.cpp.o -c /home/jianyuzh/ws/llama.cpp/auto_ci/28725/aicss-genai_sycl-graph-record-replay/ggml/src/ggml-sycl/topk-radix.cpp
[ 18%] Building CXX object ggml/src/ggml-sycl/CMakeFiles/ggml-sycl.dir/tsembd.cpp.o
cd /home/jianyuzh/ws/llama.cpp/auto_ci/28725/aicss-genai_sycl-graph-record-replay/build/ggml/src/ggml-sycl && /opt/intel/oneapi/compiler/2026.1/bin/icpx -DGGML_BACKEND_BUILD -DGGML_BACKEND_SHARED -DGGML_SCHED_MAX_COPIES=4 -DGGML_SHARED -DGGML_SYCL_DNNL=1 -DGGML_SYCL_GRAPH -DGGML_SYCL_HOST_MEM_FALLBACK -DGGML_SYCL_SUPPORT_LEVEL_ZERO_API -DGGML_SYCL_WARP_SIZE=16 -D_GNU_SOURCE -D_XOPEN_SOURCE=600 -Dggml_sycl_EXPORTS -I/home/jianyuzh/ws/llama.cpp/auto_ci/28725/aicss-genai_sycl-graph-record-replay/ggml/src/ggml-sycl/.. -I/home/jianyuzh/ws/llama.cpp/auto_ci/28725/aicss-genai_sycl-graph-record-replay/ggml/src/../include -isystem /opt/intel/oneapi/compiler/2026.1/include -isystem /opt/intel/oneapi/mkl/2026.1/include -O3 -DNDEBUG -std=gnu++17 -fPIC -Xclang -fno-pch-timestamp -Wmissing-declarations -Wmissing-noreturn -Wall -Wextra -Wpedantic -Wcast-qual -Wno-unused-function -Wno-narrowing -fsycl -DMKL_ILP64 -MD -MT ggml/src/ggml-sycl/CMakeFiles/ggml-sycl.dir/tsembd.cpp.o -MF CMakeFiles/ggml-sycl.dir/tsembd.cpp.o.d -o CMakeFiles/ggml-sycl.dir/tsembd.cpp.o -c /home/jianyuzh/ws/llama.cpp/auto_ci/28725/aicss-genai_sycl-graph-record-replay/ggml/src/ggml-sycl/tsembd.cpp
[ 19%] Building CXX object ggml/src/ggml-sycl/CMakeFiles/ggml-sycl.dir/upscale.cpp.o
cd /home/jianyuzh/ws/llama.cpp/auto_ci/28725/aicss-genai_sycl-graph-record-replay/build/ggml/src/ggml-sycl && /opt/intel/oneapi/compiler/2026.1/bin/icpx -DGGML_BACKEND_BUILD -DGGML_BACKEND_SHARED -DGGML_SCHED_MAX_COPIES=4 -DGGML_SHARED -DGGML_SYCL_DNNL=1 -DGGML_SYCL_GRAPH -DGGML_SYCL_HOST_MEM_FALLBACK -DGGML_SYCL_SUPPORT_LEVEL_ZERO_API -DGGML_SYCL_WARP_SIZE=16 -D_GNU_SOURCE -D_XOPEN_SOURCE=600 -Dggml_sycl_EXPORTS -I/home/jianyuzh/ws/llama.cpp/auto_ci/28725/aicss-genai_sycl-graph-record-replay/ggml/src/ggml-sycl/.. -I/home/jianyuzh/ws/llama.cpp/auto_ci/28725/aicss-genai_sycl-graph-record-replay/ggml/src/../include -isystem /opt/intel/oneapi/compiler/2026.1/include -isystem /opt/intel/oneapi/mkl/2026.1/include -O3 -DNDEBUG -std=gnu++17 -fPIC -Xclang -fno-pch-timestamp -Wmissing-declarations -Wmissing-noreturn -Wall -Wextra -Wpedantic -Wcast-qual -Wno-unused-function -Wno-narrowing -fsycl -DMKL_ILP64 -MD -MT ggml/src/ggml-sycl/CMakeFiles/ggml-sycl.dir/upscale.cpp.o -MF CMakeFiles/ggml-sycl.dir/upscale.cpp.o.d -o CMakeFiles/ggml-sycl.dir/upscale.cpp.o -c /home/jianyuzh/ws/llama.cpp/auto_ci/28725/aicss-genai_sycl-graph-record-replay/ggml/src/ggml-sycl/upscale.cpp
[ 19%] Building CXX object ggml/src/ggml-sycl/CMakeFiles/ggml-sycl.dir/wkv.cpp.o
cd /home/jianyuzh/ws/llama.cpp/auto_ci/28725/aicss-genai_sycl-graph-record-replay/build/ggml/src/ggml-sycl && /opt/intel/oneapi/compiler/2026.1/bin/icpx -DGGML_BACKEND_BUILD -DGGML_BACKEND_SHARED -DGGML_SCHED_MAX_COPIES=4 -DGGML_SHARED -DGGML_SYCL_DNNL=1 -DGGML_SYCL_GRAPH -DGGML_SYCL_HOST_MEM_FALLBACK -DGGML_SYCL_SUPPORT_LEVEL_ZERO_API -DGGML_SYCL_WARP_SIZE=16 -D_GNU_SOURCE -D_XOPEN_SOURCE=600 -Dggml_sycl_EXPORTS -I/home/jianyuzh/ws/llama.cpp/auto_ci/28725/aicss-genai_sycl-graph-record-replay/ggml/src/ggml-sycl/.. -I/home/jianyuzh/ws/llama.cpp/auto_ci/28725/aicss-genai_sycl-graph-record-replay/ggml/src/../include -isystem /opt/intel/oneapi/compiler/2026.1/include -isystem /opt/intel/oneapi/mkl/2026.1/include -O3 -DNDEBUG -std=gnu++17 -fPIC -Xclang -fno-pch-timestamp -Wmissing-declarations -Wmissing-noreturn -Wall -Wextra -Wpedantic -Wcast-qual -Wno-unused-function -Wno-narrowing -fsycl -DMKL_ILP64 -MD -MT ggml/src/ggml-sycl/CMakeFiles/ggml-sycl.dir/wkv.cpp.o -MF CMakeFiles/ggml-sycl.dir/wkv.cpp.o.d -o CMakeFiles/ggml-sycl.dir/wkv.cpp.o -c /home/jianyuzh/ws/llama.cpp/auto_ci/28725/aicss-genai_sycl-graph-record-replay/ggml/src/ggml-sycl/wkv.cpp
[ 19%] Building CXX object ggml/src/ggml-sycl/CMakeFiles/ggml-sycl.dir/template-instances/fattn-tile-instance-dkq112-dv112.cpp.o
cd /home/jianyuzh/ws/llama.cpp/auto_ci/28725/aicss-genai_sycl-graph-record-replay/build/ggml/src/ggml-sycl && /opt/intel/oneapi/compiler/2026.1/bin/icpx -DGGML_BACKEND_BUILD -DGGML_BACKEND_SHARED -DGGML_SCHED_MAX_COPIES=4 -DGGML_SHARED -DGGML_SYCL_DNNL=1 -DGGML_SYCL_GRAPH -DGGML_SYCL_HOST_MEM_FALLBACK -DGGML_SYCL_SUPPORT_LEVEL_ZERO_API -DGGML_SYCL_WARP_SIZE=16 -D_GNU_SOURCE -D_XOPEN_SOURCE=600 -Dggml_sycl_EXPORTS -I/home/jianyuzh/ws/llama.cpp/auto_ci/28725/aicss-genai_sycl-graph-record-replay/ggml/src/ggml-sycl/.. -I/home/jianyuzh/ws/llama.cpp/auto_ci/28725/aicss-genai_sycl-graph-record-replay/ggml/src/../include -isystem /opt/intel/oneapi/compiler/2026.1/include -isystem /opt/intel/oneapi/mkl/2026.1/include -O3 -DNDEBUG -std=gnu++17 -fPIC -Xclang -fno-pch-timestamp -Wmissing-declarations -Wmissing-noreturn -Wall -Wextra -Wpedantic -Wcast-qual -Wno-unused-function -Wno-narrowing -fsycl -DMKL_ILP64 -MD -MT ggml/src/ggml-sycl/CMakeFiles/ggml-sycl.dir/template-instances/fattn-tile-instance-dkq112-dv112.cpp.o -MF CMakeFiles/ggml-sycl.dir/template-instances/fattn-tile-instance-dkq112-dv112.cpp.o.d -o CMakeFiles/ggml-sycl.dir/template-instances/fattn-tile-instance-dkq112-dv112.cpp.o -c /home/jianyuzh/ws/llama.cpp/auto_ci/28725/aicss-genai_sycl-graph-record-replay/ggml/src/ggml-sycl/template-instances/fattn-tile-instance-dkq112-dv112.cpp
[ 19%] Building CXX object ggml/src/ggml-sycl/CMakeFiles/ggml-sycl.dir/template-instances/fattn-tile-instance-dkq128-dv128.cpp.o
cd /home/jianyuzh/ws/llama.cpp/auto_ci/28725/aicss-genai_sycl-graph-record-replay/build/ggml/src/ggml-sycl && /opt/intel/oneapi/compiler/2026.1/bin/icpx -DGGML_BACKEND_BUILD -DGGML_BACKEND_SHARED -DGGML_SCHED_MAX_COPIES=4 -DGGML_SHARED -DGGML_SYCL_DNNL=1 -DGGML_SYCL_GRAPH -DGGML_SYCL_HOST_MEM_FALLBACK -DGGML_SYCL_SUPPORT_LEVEL_ZERO_API -DGGML_SYCL_WARP_SIZE=16 -D_GNU_SOURCE -D_XOPEN_SOURCE=600 -Dggml_sycl_EXPORTS -I/home/jianyuzh/ws/llama.cpp/auto_ci/28725/aicss-genai_sycl-graph-record-replay/ggml/src/ggml-sycl/.. -I/home/jianyuzh/ws/llama.cpp/auto_ci/28725/aicss-genai_sycl-graph-record-replay/ggml/src/../include -isystem /opt/intel/oneapi/compiler/2026.1/include -isystem /opt/intel/oneapi/mkl/2026.1/include -O3 -DNDEBUG -std=gnu++17 -fPIC -Xclang -fno-pch-timestamp -Wmissing-declarations -Wmissing-noreturn -Wall -Wextra -Wpedantic -Wcast-qual -Wno-unused-function -Wno-narrowing -fsycl -DMKL_ILP64 -MD -MT ggml/src/ggml-sycl/CMakeFiles/ggml-sycl.dir/template-instances/fattn-tile-instance-dkq128-dv128.cpp.o -MF CMakeFiles/ggml-sycl.dir/template-instances/fattn-tile-instance-dkq128-dv128.cpp.o.d -o CMakeFiles/ggml-sycl.dir/template-instances/fattn-tile-instance-dkq128-dv128.cpp.o -c /home/jianyuzh/ws/llama.cpp/auto_ci/28725/aicss-genai_sycl-graph-record-replay/ggml/src/ggml-sycl/template-instances/fattn-tile-instance-dkq128-dv128.cpp
[ 19%] Building CXX object ggml/src/ggml-sycl/CMakeFiles/ggml-sycl.dir/template-instances/fattn-tile-instance-dkq256-dv256.cpp.o
cd /home/jianyuzh/ws/llama.cpp/auto_ci/28725/aicss-genai_sycl-graph-record-replay/build/ggml/src/ggml-sycl && /opt/intel/oneapi/compiler/2026.1/bin/icpx -DGGML_BACKEND_BUILD -DGGML_BACKEND_SHARED -DGGML_SCHED_MAX_COPIES=4 -DGGML_SHARED -DGGML_SYCL_DNNL=1 -DGGML_SYCL_GRAPH -DGGML_SYCL_HOST_MEM_FALLBACK -DGGML_SYCL_SUPPORT_LEVEL_ZERO_API -DGGML_SYCL_WARP_SIZE=16 -D_GNU_SOURCE -D_XOPEN_SOURCE=600 -Dggml_sycl_EXPORTS -I/home/jianyuzh/ws/llama.cpp/auto_ci/28725/aicss-genai_sycl-graph-record-replay/ggml/src/ggml-sycl/.. -I/home/jianyuzh/ws/llama.cpp/auto_ci/28725/aicss-genai_sycl-graph-record-replay/ggml/src/../include -isystem /opt/intel/oneapi/compiler/2026.1/include -isystem /opt/intel/oneapi/mkl/2026.1/include -O3 -DNDEBUG -std=gnu++17 -fPIC -Xclang -fno-pch-timestamp -Wmissing-declarations -Wmissing-noreturn -Wall -Wextra -Wpedantic -Wcast-qual -Wno-unused-function -Wno-narrowing -fsycl -DMKL_ILP64 -MD -MT ggml/src/ggml-sycl/CMakeFiles/ggml-sycl.dir/template-instances/fattn-tile-instance-dkq256-dv256.cpp.o -MF CMakeFiles/ggml-sycl.dir/template-instances/fattn-tile-instance-dkq256-dv256.cpp.o.d -o CMakeFiles/ggml-sycl.dir/template-instances/fattn-tile-instance-dkq256-dv256.cpp.o -c /home/jianyuzh/ws/llama.cpp/auto_ci/28725/aicss-genai_sycl-graph-record-replay/ggml/src/ggml-sycl/template-instances/fattn-tile-instance-dkq256-dv256.cpp
[ 19%] Building CXX object ggml/src/ggml-sycl/CMakeFiles/ggml-sycl.dir/template-instances/fattn-tile-instance-dkq40-dv40.cpp.o
[ 20%] Building CXX object ggml/src/ggml-sycl/CMakeFiles/ggml-sycl.dir/template-instances/fattn-tile-instance-dkq512-dv512.cpp.o
cd /home/jianyuzh/ws/llama.cpp/auto_ci/28725/aicss-genai_sycl-graph-record-replay/build/ggml/src/ggml-sycl && /opt/intel/oneapi/compiler/2026.1/bin/icpx -DGGML_BACKEND_BUILD -DGGML_BACKEND_SHARED -DGGML_SCHED_MAX_COPIES=4 -DGGML_SHARED -DGGML_SYCL_DNNL=1 -DGGML_SYCL_GRAPH -DGGML_SYCL_HOST_MEM_FALLBACK -DGGML_SYCL_SUPPORT_LEVEL_ZERO_API -DGGML_SYCL_WARP_SIZE=16 -D_GNU_SOURCE -D_XOPEN_SOURCE=600 -Dggml_sycl_EXPORTS -I/home/jianyuzh/ws/llama.cpp/auto_ci/28725/aicss-genai_sycl-graph-record-replay/ggml/src/ggml-sycl/.. -I/home/jianyuzh/ws/llama.cpp/auto_ci/28725/aicss-genai_sycl-graph-record-replay/ggml/src/../include -isystem /opt/intel/oneapi/compiler/2026.1/include -isystem /opt/intel/oneapi/mkl/2026.1/include -O3 -DNDEBUG -std=gnu++17 -fPIC -Xclang -fno-pch-timestamp -Wmissing-declarations -Wmissing-noreturn -Wall -Wextra -Wpedantic -Wcast-qual -Wno-unused-function -Wno-narrowing -fsycl -DMKL_ILP64 -MD -MT ggml/src/ggml-sycl/CMakeFiles/ggml-sycl.dir/template-instances/fattn-tile-instance-dkq40-dv40.cpp.o -MF CMakeFiles/ggml-sycl.dir/template-instances/fattn-tile-instance-dkq40-dv40.cpp.o.d -o CMakeFiles/ggml-sycl.dir/template-instances/fattn-tile-instance-dkq40-dv40.cpp.o -c /home/jianyuzh/ws/llama.cpp/auto_ci/28725/aicss-genai_sycl-graph-record-replay/ggml/src/ggml-sycl/template-instances/fattn-tile-instance-dkq40-dv40.cpp
cd /home/jianyuzh/ws/llama.cpp/auto_ci/28725/aicss-genai_sycl-graph-record-replay/build/ggml/src/ggml-sycl && /opt/intel/oneapi/compiler/2026.1/bin/icpx -DGGML_BACKEND_BUILD -DGGML_BACKEND_SHARED -DGGML_SCHED_MAX_COPIES=4 -DGGML_SHARED -DGGML_SYCL_DNNL=1 -DGGML_SYCL_GRAPH -DGGML_SYCL_HOST_MEM_FALLBACK -DGGML_SYCL_SUPPORT_LEVEL_ZERO_API -DGGML_SYCL_WARP_SIZE=16 -D_GNU_SOURCE -D_XOPEN_SOURCE=600 -Dggml_sycl_EXPORTS -I/home/jianyuzh/ws/llama.cpp/auto_ci/28725/aicss-genai_sycl-graph-record-replay/ggml/src/ggml-sycl/.. -I/home/jianyuzh/ws/llama.cpp/auto_ci/28725/aicss-genai_sycl-graph-record-replay/ggml/src/../include -isystem /opt/intel/oneapi/compiler/2026.1/include -isystem /opt/intel/oneapi/mkl/2026.1/include -O3 -DNDEBUG -std=gnu++17 -fPIC -Xclang -fno-pch-timestamp -Wmissing-declarations -Wmissing-noreturn -Wall -Wextra -Wpedantic -Wcast-qual -Wno-unused-function -Wno-narrowing -fsycl -DMKL_ILP64 -MD -MT ggml/src/ggml-sycl/CMakeFiles/ggml-sycl.dir/template-instances/fattn-tile-instance-dkq512-dv512.cpp.o -MF CMakeFiles/ggml-sycl.dir/template-instances/fattn-tile-instance-dkq512-dv512.cpp.o.d -o CMakeFiles/ggml-sycl.dir/template-instances/fattn-tile-instance-dkq512-dv512.cpp.o -c /home/jianyuzh/ws/llama.cpp/auto_ci/28725/aicss-genai_sycl-graph-record-replay/ggml/src/ggml-sycl/template-instances/fattn-tile-instance-dkq512-dv512.cpp
[ 20%] Building CXX object ggml/src/ggml-sycl/CMakeFiles/ggml-sycl.dir/template-instances/fattn-tile-instance-dkq576-dv512.cpp.o
cd /home/jianyuzh/ws/llama.cpp/auto_ci/28725/aicss-genai_sycl-graph-record-replay/build/ggml/src/ggml-sycl && /opt/intel/oneapi/compiler/2026.1/bin/icpx -DGGML_BACKEND_BUILD -DGGML_BACKEND_SHARED -DGGML_SCHED_MAX_COPIES=4 -DGGML_SHARED -DGGML_SYCL_DNNL=1 -DGGML_SYCL_GRAPH -DGGML_SYCL_HOST_MEM_FALLBACK -DGGML_SYCL_SUPPORT_LEVEL_ZERO_API -DGGML_SYCL_WARP_SIZE=16 -D_GNU_SOURCE -D_XOPEN_SOURCE=600 -Dggml_sycl_EXPORTS -I/home/jianyuzh/ws/llama.cpp/auto_ci/28725/aicss-genai_sycl-graph-record-replay/ggml/src/ggml-sycl/.. -I/home/jianyuzh/ws/llama.cpp/auto_ci/28725/aicss-genai_sycl-graph-record-replay/ggml/src/../include -isystem /opt/intel/oneapi/compiler/2026.1/include -isystem /opt/intel/oneapi/mkl/2026.1/include -O3 -DNDEBUG -std=gnu++17 -fPIC -Xclang -fno-pch-timestamp -Wmissing-declarations -Wmissing-noreturn -Wall -Wextra -Wpedantic -Wcast-qual -Wno-unused-function -Wno-narrowing -fsycl -DMKL_ILP64 -MD -MT ggml/src/ggml-sycl/CMakeFiles/ggml-sycl.dir/template-instances/fattn-tile-instance-dkq576-dv512.cpp.o -MF CMakeFiles/ggml-sycl.dir/template-instances/fattn-tile-instance-dkq576-dv512.cpp.o.d -o CMakeFiles/ggml-sycl.dir/template-instances/fattn-tile-instance-dkq576-dv512.cpp.o -c /home/jianyuzh/ws/llama.cpp/auto_ci/28725/aicss-genai_sycl-graph-record-replay/ggml/src/ggml-sycl/template-instances/fattn-tile-instance-dkq576-dv512.cpp
[ 20%] Building CXX object ggml/src/ggml-sycl/CMakeFiles/ggml-sycl.dir/template-instances/fattn-tile-instance-dkq64-dv64.cpp.o
cd /home/jianyuzh/ws/llama.cpp/auto_ci/28725/aicss-genai_sycl-graph-record-replay/build/ggml/src/ggml-sycl && /opt/intel/oneapi/compiler/2026.1/bin/icpx -DGGML_BACKEND_BUILD -DGGML_BACKEND_SHARED -DGGML_SCHED_MAX_COPIES=4 -DGGML_SHARED -DGGML_SYCL_DNNL=1 -DGGML_SYCL_GRAPH -DGGML_SYCL_HOST_MEM_FALLBACK -DGGML_SYCL_SUPPORT_LEVEL_ZERO_API -DGGML_SYCL_WARP_SIZE=16 -D_GNU_SOURCE -D_XOPEN_SOURCE=600 -Dggml_sycl_EXPORTS -I/home/jianyuzh/ws/llama.cpp/auto_ci/28725/aicss-genai_sycl-graph-record-replay/ggml/src/ggml-sycl/.. -I/home/jianyuzh/ws/llama.cpp/auto_ci/28725/aicss-genai_sycl-graph-record-replay/ggml/src/../include -isystem /opt/intel/oneapi/compiler/2026.1/include -isystem /opt/intel/oneapi/mkl/2026.1/include -O3 -DNDEBUG -std=gnu++17 -fPIC -Xclang -fno-pch-timestamp -Wmissing-declarations -Wmissing-noreturn -Wall -Wextra -Wpedantic -Wcast-qual -Wno-unused-function -Wno-narrowing -fsycl -DMKL_ILP64 -MD -MT ggml/src/ggml-sycl/CMakeFiles/ggml-sycl.dir/template-instances/fattn-tile-instance-dkq64-dv64.cpp.o -MF CMakeFiles/ggml-sycl.dir/template-instances/fattn-tile-instance-dkq64-dv64.cpp.o.d -o CMakeFiles/ggml-sycl.dir/template-instances/fattn-tile-instance-dkq64-dv64.cpp.o -c /home/jianyuzh/ws/llama.cpp/auto_ci/28725/aicss-genai_sycl-graph-record-replay/ggml/src/ggml-sycl/template-instances/fattn-tile-instance-dkq64-dv64.cpp
[ 20%] Building CXX object ggml/src/ggml-sycl/CMakeFiles/ggml-sycl.dir/template-instances/fattn-tile-instance-dkq72-dv72.cpp.o
cd /home/jianyuzh/ws/llama.cpp/auto_ci/28725/aicss-genai_sycl-graph-record-replay/build/ggml/src/ggml-sycl && /opt/intel/oneapi/compiler/2026.1/bin/icpx -DGGML_BACKEND_BUILD -DGGML_BACKEND_SHARED -DGGML_SCHED_MAX_COPIES=4 -DGGML_SHARED -DGGML_SYCL_DNNL=1 -DGGML_SYCL_GRAPH -DGGML_SYCL_HOST_MEM_FALLBACK -DGGML_SYCL_SUPPORT_LEVEL_ZERO_API -DGGML_SYCL_WARP_SIZE=16 -D_GNU_SOURCE -D_XOPEN_SOURCE=600 -Dggml_sycl_EXPORTS -I/home/jianyuzh/ws/llama.cpp/auto_ci/28725/aicss-genai_sycl-graph-record-replay/ggml/src/ggml-sycl/.. -I/home/jianyuzh/ws/llama.cpp/auto_ci/28725/aicss-genai_sycl-graph-record-replay/ggml/src/../include -isystem /opt/intel/oneapi/compiler/2026.1/include -isystem /opt/intel/oneapi/mkl/2026.1/include -O3 -DNDEBUG -std=gnu++17 -fPIC -Xclang -fno-pch-timestamp -Wmissing-declarations -Wmissing-noreturn -Wall -Wextra -Wpedantic -Wcast-qual -Wno-unused-function -Wno-narrowing -fsycl -DMKL_ILP64 -MD -MT ggml/src/ggml-sycl/CMakeFiles/ggml-sycl.dir/template-instances/fattn-tile-instance-dkq72-dv72.cpp.o -MF CMakeFiles/ggml-sycl.dir/template-instances/fattn-tile-instance-dkq72-dv72.cpp.o.d -o CMakeFiles/ggml-sycl.dir/template-instances/fattn-tile-instance-dkq72-dv72.cpp.o -c /home/jianyuzh/ws/llama.cpp/auto_ci/28725/aicss-genai_sycl-graph-record-replay/ggml/src/ggml-sycl/template-instances/fattn-tile-instance-dkq72-dv72.cpp
[ 20%] Building CXX object ggml/src/ggml-sycl/CMakeFiles/ggml-sycl.dir/template-instances/fattn-tile-instance-dkq80-dv80.cpp.o
cd /home/jianyuzh/ws/llama.cpp/auto_ci/28725/aicss-genai_sycl-graph-record-replay/build/ggml/src/ggml-sycl && /opt/intel/oneapi/compiler/2026.1/bin/icpx -DGGML_BACKEND_BUILD -DGGML_BACKEND_SHARED -DGGML_SCHED_MAX_COPIES=4 -DGGML_SHARED -DGGML_SYCL_DNNL=1 -DGGML_SYCL_GRAPH -DGGML_SYCL_HOST_MEM_FALLBACK -DGGML_SYCL_SUPPORT_LEVEL_ZERO_API -DGGML_SYCL_WARP_SIZE=16 -D_GNU_SOURCE -D_XOPEN_SOURCE=600 -Dggml_sycl_EXPORTS -I/home/jianyuzh/ws/llama.cpp/auto_ci/28725/aicss-genai_sycl-graph-record-replay/ggml/src/ggml-sycl/.. -I/home/jianyuzh/ws/llama.cpp/auto_ci/28725/aicss-genai_sycl-graph-record-replay/ggml/src/../include -isystem /opt/intel/oneapi/compiler/2026.1/include -isystem /opt/intel/oneapi/mkl/2026.1/include -O3 -DNDEBUG -std=gnu++17 -fPIC -Xclang -fno-pch-timestamp -Wmissing-declarations -Wmissing-noreturn -Wall -Wextra -Wpedantic -Wcast-qual -Wno-unused-function -Wno-narrowing -fsycl -DMKL_ILP64 -MD -MT ggml/src/ggml-sycl/CMakeFiles/ggml-sycl.dir/template-instances/fattn-tile-instance-dkq80-dv80.cpp.o -MF CMakeFiles/ggml-sycl.dir/template-instances/fattn-tile-instance-dkq80-dv80.cpp.o.d -o CMakeFiles/ggml-sycl.dir/template-instances/fattn-tile-instance-dkq80-dv80.cpp.o -c /home/jianyuzh/ws/llama.cpp/auto_ci/28725/aicss-genai_sycl-graph-record-replay/ggml/src/ggml-sycl/template-instances/fattn-tile-instance-dkq80-dv80.cpp
[ 21%] Building CXX object ggml/src/ggml-sycl/CMakeFiles/ggml-sycl.dir/template-instances/fattn-tile-instance-dkq96-dv96.cpp.o
[ 21%] Building CXX object ggml/src/ggml-sycl/CMakeFiles/ggml-sycl.dir/template-instances/fattn-vec-instance-f16-f16.cpp.o
cd /home/jianyuzh/ws/llama.cpp/auto_ci/28725/aicss-genai_sycl-graph-record-replay/build/ggml/src/ggml-sycl && /opt/intel/oneapi/compiler/2026.1/bin/icpx -DGGML_BACKEND_BUILD -DGGML_BACKEND_SHARED -DGGML_SCHED_MAX_COPIES=4 -DGGML_SHARED -DGGML_SYCL_DNNL=1 -DGGML_SYCL_GRAPH -DGGML_SYCL_HOST_MEM_FALLBACK -DGGML_SYCL_SUPPORT_LEVEL_ZERO_API -DGGML_SYCL_WARP_SIZE=16 -D_GNU_SOURCE -D_XOPEN_SOURCE=600 -Dggml_sycl_EXPORTS -I/home/jianyuzh/ws/llama.cpp/auto_ci/28725/aicss-genai_sycl-graph-record-replay/ggml/src/ggml-sycl/.. -I/home/jianyuzh/ws/llama.cpp/auto_ci/28725/aicss-genai_sycl-graph-record-replay/ggml/src/../include -isystem /opt/intel/oneapi/compiler/2026.1/include -isystem /opt/intel/oneapi/mkl/2026.1/include -O3 -DNDEBUG -std=gnu++17 -fPIC -Xclang -fno-pch-timestamp -Wmissing-declarations -Wmissing-noreturn -Wall -Wextra -Wpedantic -Wcast-qual -Wno-unused-function -Wno-narrowing -fsycl -DMKL_ILP64 -MD -MT ggml/src/ggml-sycl/CMakeFiles/ggml-sycl.dir/template-instances/fattn-tile-instance-dkq96-dv96.cpp.o -MF CMakeFiles/ggml-sycl.dir/template-instances/fattn-tile-instance-dkq96-dv96.cpp.o.d -o CMakeFiles/ggml-sycl.dir/template-instances/fattn-tile-instance-dkq96-dv96.cpp.o -c /home/jianyuzh/ws/llama.cpp/auto_ci/28725/aicss-genai_sycl-graph-record-replay/ggml/src/ggml-sycl/template-instances/fattn-tile-instance-dkq96-dv96.cpp
cd /home/jianyuzh/ws/llama.cpp/auto_ci/28725/aicss-genai_sycl-graph-record-replay/build/ggml/src/ggml-sycl && /opt/intel/oneapi/compiler/2026.1/bin/icpx -DGGML_BACKEND_BUILD -DGGML_BACKEND_SHARED -DGGML_SCHED_MAX_COPIES=4 -DGGML_SHARED -DGGML_SYCL_DNNL=1 -DGGML_SYCL_GRAPH -DGGML_SYCL_HOST_MEM_FALLBACK -DGGML_SYCL_SUPPORT_LEVEL_ZERO_API -DGGML_SYCL_WARP_SIZE=16 -D_GNU_SOURCE -D_XOPEN_SOURCE=600 -Dggml_sycl_EXPORTS -I/home/jianyuzh/ws/llama.cpp/auto_ci/28725/aicss-genai_sycl-graph-record-replay/ggml/src/ggml-sycl/.. -I/home/jianyuzh/ws/llama.cpp/auto_ci/28725/aicss-genai_sycl-graph-record-replay/ggml/src/../include -isystem /opt/intel/oneapi/compiler/2026.1/include -isystem /opt/intel/oneapi/mkl/2026.1/include -O3 -DNDEBUG -std=gnu++17 -fPIC -Xclang -fno-pch-timestamp -Wmissing-declarations -Wmissing-noreturn -Wall -Wextra -Wpedantic -Wcast-qual -Wno-unused-function -Wno-narrowing -fsycl -DMKL_ILP64 -MD -MT ggml/src/ggml-sycl/CMakeFiles/ggml-sycl.dir/template-instances/fattn-vec-instance-f16-f16.cpp.o -MF CMakeFiles/ggml-sycl.dir/template-instances/fattn-vec-instance-f16-f16.cpp.o.d -o CMakeFiles/ggml-sycl.dir/template-instances/fattn-vec-instance-f16-f16.cpp.o -c /home/jianyuzh/ws/llama.cpp/auto_ci/28725/aicss-genai_sycl-graph-record-replay/ggml/src/ggml-sycl/template-instances/fattn-vec-instance-f16-f16.cpp
[ 21%] Building CXX object ggml/src/ggml-sycl/CMakeFiles/ggml-sycl.dir/template-instances/fattn-vec-instance-f16-q4_0.cpp.o
cd /home/jianyuzh/ws/llama.cpp/auto_ci/28725/aicss-genai_sycl-graph-record-replay/build/ggml/src/ggml-sycl && /opt/intel/oneapi/compiler/2026.1/bin/icpx -DGGML_BACKEND_BUILD -DGGML_BACKEND_SHARED -DGGML_SCHED_MAX_COPIES=4 -DGGML_SHARED -DGGML_SYCL_DNNL=1 -DGGML_SYCL_GRAPH -DGGML_SYCL_HOST_MEM_FALLBACK -DGGML_SYCL_SUPPORT_LEVEL_ZERO_API -DGGML_SYCL_WARP_SIZE=16 -D_GNU_SOURCE -D_XOPEN_SOURCE=600 -Dggml_sycl_EXPORTS -I/home/jianyuzh/ws/llama.cpp/auto_ci/28725/aicss-genai_sycl-graph-record-replay/ggml/src/ggml-sycl/.. -I/home/jianyuzh/ws/llama.cpp/auto_ci/28725/aicss-genai_sycl-graph-record-replay/ggml/src/../include -isystem /opt/intel/oneapi/compiler/2026.1/include -isystem /opt/intel/oneapi/mkl/2026.1/include -O3 -DNDEBUG -std=gnu++17 -fPIC -Xclang -fno-pch-timestamp -Wmissing-declarations -Wmissing-noreturn -Wall -Wextra -Wpedantic -Wcast-qual -Wno-unused-function -Wno-narrowing -fsycl -DMKL_ILP64 -MD -MT ggml/src/ggml-sycl/CMakeFiles/ggml-sycl.dir/template-instances/fattn-vec-instance-f16-q4_0.cpp.o -MF CMakeFiles/ggml-sycl.dir/template-instances/fattn-vec-instance-f16-q4_0.cpp.o.d -o CMakeFiles/ggml-sycl.dir/template-instances/fattn-vec-instance-f16-q4_0.cpp.o -c /home/jianyuzh/ws/llama.cpp/auto_ci/28725/aicss-genai_sycl-graph-record-replay/ggml/src/ggml-sycl/template-instances/fattn-vec-instance-f16-q4_0.cpp
[ 21%] Building CXX object ggml/src/ggml-sycl/CMakeFiles/ggml-sycl.dir/template-instances/fattn-vec-instance-f16-q4_1.cpp.o
cd /home/jianyuzh/ws/llama.cpp/auto_ci/28725/aicss-genai_sycl-graph-record-replay/build/ggml/src/ggml-sycl && /opt/intel/oneapi/compiler/2026.1/bin/icpx -DGGML_BACKEND_BUILD -DGGML_BACKEND_SHARED -DGGML_SCHED_MAX_COPIES=4 -DGGML_SHARED -DGGML_SYCL_DNNL=1 -DGGML_SYCL_GRAPH -DGGML_SYCL_HOST_MEM_FALLBACK -DGGML_SYCL_SUPPORT_LEVEL_ZERO_API -DGGML_SYCL_WARP_SIZE=16 -D_GNU_SOURCE -D_XOPEN_SOURCE=600 -Dggml_sycl_EXPORTS -I/home/jianyuzh/ws/llama.cpp/auto_ci/28725/aicss-genai_sycl-graph-record-replay/ggml/src/ggml-sycl/.. -I/home/jianyuzh/ws/llama.cpp/auto_ci/28725/aicss-genai_sycl-graph-record-replay/ggml/src/../include -isystem /opt/intel/oneapi/compiler/2026.1/include -isystem /opt/intel/oneapi/mkl/2026.1/include -O3 -DNDEBUG -std=gnu++17 -fPIC -Xclang -fno-pch-timestamp -Wmissing-declarations -Wmissing-noreturn -Wall -Wextra -Wpedantic -Wcast-qual -Wno-unused-function -Wno-narrowing -fsycl -DMKL_ILP64 -MD -MT ggml/src/ggml-sycl/CMakeFiles/ggml-sycl.dir/template-instances/fattn-vec-instance-f16-q4_1.cpp.o -MF CMakeFiles/ggml-sycl.dir/template-instances/fattn-vec-instance-f16-q4_1.cpp.o.d -o CMakeFiles/ggml-sycl.dir/template-instances/fattn-vec-instance-f16-q4_1.cpp.o -c /home/jianyuzh/ws/llama.cpp/auto_ci/28725/aicss-genai_sycl-graph-record-replay/ggml/src/ggml-sycl/template-instances/fattn-vec-instance-f16-q4_1.cpp
[ 21%] Building CXX object ggml/src/ggml-sycl/CMakeFiles/ggml-sycl.dir/template-instances/fattn-vec-instance-f16-q5_0.cpp.o
cd /home/jianyuzh/ws/llama.cpp/auto_ci/28725/aicss-genai_sycl-graph-record-replay/build/ggml/src/ggml-sycl && /opt/intel/oneapi/compiler/2026.1/bin/icpx -DGGML_BACKEND_BUILD -DGGML_BACKEND_SHARED -DGGML_SCHED_MAX_COPIES=4 -DGGML_SHARED -DGGML_SYCL_DNNL=1 -DGGML_SYCL_GRAPH -DGGML_SYCL_HOST_MEM_FALLBACK -DGGML_SYCL_SUPPORT_LEVEL_ZERO_API -DGGML_SYCL_WARP_SIZE=16 -D_GNU_SOURCE -D_XOPEN_SOURCE=600 -Dggml_sycl_EXPORTS -I/home/jianyuzh/ws/llama.cpp/auto_ci/28725/aicss-genai_sycl-graph-record-replay/ggml/src/ggml-sycl/.. -I/home/jianyuzh/ws/llama.cpp/auto_ci/28725/aicss-genai_sycl-graph-record-replay/ggml/src/../include -isystem /opt/intel/oneapi/compiler/2026.1/include -isystem /opt/intel/oneapi/mkl/2026.1/include -O3 -DNDEBUG -std=gnu++17 -fPIC -Xclang -fno-pch-timestamp -Wmissing-declarations -Wmissing-noreturn -Wall -Wextra -Wpedantic -Wcast-qual -Wno-unused-function -Wno-narrowing -fsycl -DMKL_ILP64 -MD -MT ggml/src/ggml-sycl/CMakeFiles/ggml-sycl.dir/template-instances/fattn-vec-instance-f16-q5_0.cpp.o -MF CMakeFiles/ggml-sycl.dir/template-instances/fattn-vec-instance-f16-q5_0.cpp.o.d -o CMakeFiles/ggml-sycl.dir/template-instances/fattn-vec-instance-f16-q5_0.cpp.o -c /home/jianyuzh/ws/llama.cpp/auto_ci/28725/aicss-genai_sycl-graph-record-replay/ggml/src/ggml-sycl/template-instances/fattn-vec-instance-f16-q5_0.cpp
[ 22%] Building CXX object ggml/src/ggml-sycl/CMakeFiles/ggml-sycl.dir/template-instances/fattn-vec-instance-f16-q5_1.cpp.o
cd /home/jianyuzh/ws/llama.cpp/auto_ci/28725/aicss-genai_sycl-graph-record-replay/build/ggml/src/ggml-sycl && /opt/intel/oneapi/compiler/2026.1/bin/icpx -DGGML_BACKEND_BUILD -DGGML_BACKEND_SHARED -DGGML_SCHED_MAX_COPIES=4 -DGGML_SHARED -DGGML_SYCL_DNNL=1 -DGGML_SYCL_GRAPH -DGGML_SYCL_HOST_MEM_FALLBACK -DGGML_SYCL_SUPPORT_LEVEL_ZERO_API -DGGML_SYCL_WARP_SIZE=16 -D_GNU_SOURCE -D_XOPEN_SOURCE=600 -Dggml_sycl_EXPORTS -I/home/jianyuzh/ws/llama.cpp/auto_ci/28725/aicss-genai_sycl-graph-record-replay/ggml/src/ggml-sycl/.. -I/home/jianyuzh/ws/llama.cpp/auto_ci/28725/aicss-genai_sycl-graph-record-replay/ggml/src/../include -isystem /opt/intel/oneapi/compiler/2026.1/include -isystem /opt/intel/oneapi/mkl/2026.1/include -O3 -DNDEBUG -std=gnu++17 -fPIC -Xclang -fno-pch-timestamp -Wmissing-declarations -Wmissing-noreturn -Wall -Wextra -Wpedantic -Wcast-qual -Wno-unused-function -Wno-narrowing -fsycl -DMKL_ILP64 -MD -MT ggml/src/ggml-sycl/CMakeFiles/ggml-sycl.dir/template-instances/fattn-vec-instance-f16-q5_1.cpp.o -MF CMakeFiles/ggml-sycl.dir/template-instances/fattn-vec-instance-f16-q5_1.cpp.o.d -o CMakeFiles/ggml-sycl.dir/template-instances/fattn-vec-instance-f16-q5_1.cpp.o -c /home/jianyuzh/ws/llama.cpp/auto_ci/28725/aicss-genai_sycl-graph-record-replay/ggml/src/ggml-sycl/template-instances/fattn-vec-instance-f16-q5_1.cpp
[ 22%] Building CXX object ggml/src/ggml-sycl/CMakeFiles/ggml-sycl.dir/template-instances/fattn-vec-instance-f16-q8_0.cpp.o
cd /home/jianyuzh/ws/llama.cpp/auto_ci/28725/aicss-genai_sycl-graph-record-replay/build/ggml/src/ggml-sycl && /opt/intel/oneapi/compiler/2026.1/bin/icpx -DGGML_BACKEND_BUILD -DGGML_BACKEND_SHARED -DGGML_SCHED_MAX_COPIES=4 -DGGML_SHARED -DGGML_SYCL_DNNL=1 -DGGML_SYCL_GRAPH -DGGML_SYCL_HOST_MEM_FALLBACK -DGGML_SYCL_SUPPORT_LEVEL_ZERO_API -DGGML_SYCL_WARP_SIZE=16 -D_GNU_SOURCE -D_XOPEN_SOURCE=600 -Dggml_sycl_EXPORTS -I/home/jianyuzh/ws/llama.cpp/auto_ci/28725/aicss-genai_sycl-graph-record-replay/ggml/src/ggml-sycl/.. -I/home/jianyuzh/ws/llama.cpp/auto_ci/28725/aicss-genai_sycl-graph-record-replay/ggml/src/../include -isystem /opt/intel/oneapi/compiler/2026.1/include -isystem /opt/intel/oneapi/mkl/2026.1/include -O3 -DNDEBUG -std=gnu++17 -fPIC -Xclang -fno-pch-timestamp -Wmissing-declarations -Wmissing-noreturn -Wall -Wextra -Wpedantic -Wcast-qual -Wno-unused-function -Wno-narrowing -fsycl -DMKL_ILP64 -MD -MT ggml/src/ggml-sycl/CMakeFiles/ggml-sycl.dir/template-instances/fattn-vec-instance-f16-q8_0.cpp.o -MF CMakeFiles/ggml-sycl.dir/template-instances/fattn-vec-instance-f16-q8_0.cpp.o.d -o CMakeFiles/ggml-sycl.dir/template-instances/fattn-vec-instance-f16-q8_0.cpp.o -c /home/jianyuzh/ws/llama.cpp/auto_ci/28725/aicss-genai_sycl-graph-record-replay/ggml/src/ggml-sycl/template-instances/fattn-vec-instance-f16-q8_0.cpp
[ 22%] Building CXX object ggml/src/ggml-sycl/CMakeFiles/ggml-sycl.dir/template-instances/fattn-vec-instance-q4_0-f16.cpp.o
cd /home/jianyuzh/ws/llama.cpp/auto_ci/28725/aicss-genai_sycl-graph-record-replay/build/ggml/src/ggml-sycl && /opt/intel/oneapi/compiler/2026.1/bin/icpx -DGGML_BACKEND_BUILD -DGGML_BACKEND_SHARED -DGGML_SCHED_MAX_COPIES=4 -DGGML_SHARED -DGGML_SYCL_DNNL=1 -DGGML_SYCL_GRAPH -DGGML_SYCL_HOST_MEM_FALLBACK -DGGML_SYCL_SUPPORT_LEVEL_ZERO_API -DGGML_SYCL_WARP_SIZE=16 -D_GNU_SOURCE -D_XOPEN_SOURCE=600 -Dggml_sycl_EXPORTS -I/home/jianyuzh/ws/llama.cpp/auto_ci/28725/aicss-genai_sycl-graph-record-replay/ggml/src/ggml-sycl/.. -I/home/jianyuzh/ws/llama.cpp/auto_ci/28725/aicss-genai_sycl-graph-record-replay/ggml/src/../include -isystem /opt/intel/oneapi/compiler/2026.1/include -isystem /opt/intel/oneapi/mkl/2026.1/include -O3 -DNDEBUG -std=gnu++17 -fPIC -Xclang -fno-pch-timestamp -Wmissing-declarations -Wmissing-noreturn -Wall -Wextra -Wpedantic -Wcast-qual -Wno-unused-function -Wno-narrowing -fsycl -DMKL_ILP64 -MD -MT ggml/src/ggml-sycl/CMakeFiles/ggml-sycl.dir/template-instances/fattn-vec-instance-q4_0-f16.cpp.o -MF CMakeFiles/ggml-sycl.dir/template-instances/fattn-vec-instance-q4_0-f16.cpp.o.d -o CMakeFiles/ggml-sycl.dir/template-instances/fattn-vec-instance-q4_0-f16.cpp.o -c /home/jianyuzh/ws/llama.cpp/auto_ci/28725/aicss-genai_sycl-graph-record-replay/ggml/src/ggml-sycl/template-instances/fattn-vec-instance-q4_0-f16.cpp
[ 22%] Building CXX object ggml/src/ggml-sycl/CMakeFiles/ggml-sycl.dir/template-instances/fattn-vec-instance-q4_0-q4_0.cpp.o
cd /home/jianyuzh/ws/llama.cpp/auto_ci/28725/aicss-genai_sycl-graph-record-replay/build/ggml/src/ggml-sycl && /opt/intel/oneapi/compiler/2026.1/bin/icpx -DGGML_BACKEND_BUILD -DGGML_BACKEND_SHARED -DGGML_SCHED_MAX_COPIES=4 -DGGML_SHARED -DGGML_SYCL_DNNL=1 -DGGML_SYCL_GRAPH -DGGML_SYCL_HOST_MEM_FALLBACK -DGGML_SYCL_SUPPORT_LEVEL_ZERO_API -DGGML_SYCL_WARP_SIZE=16 -D_GNU_SOURCE -D_XOPEN_SOURCE=600 -Dggml_sycl_EXPORTS -I/home/jianyuzh/ws/llama.cpp/auto_ci/28725/aicss-genai_sycl-graph-record-replay/ggml/src/ggml-sycl/.. -I/home/jianyuzh/ws/llama.cpp/auto_ci/28725/aicss-genai_sycl-graph-record-replay/ggml/src/../include -isystem /opt/intel/oneapi/compiler/2026.1/include -isystem /opt/intel/oneapi/mkl/2026.1/include -O3 -DNDEBUG -std=gnu++17 -fPIC -Xclang -fno-pch-timestamp -Wmissing-declarations -Wmissing-noreturn -Wall -Wextra -Wpedantic -Wcast-qual -Wno-unused-function -Wno-narrowing -fsycl -DMKL_ILP64 -MD -MT ggml/src/ggml-sycl/CMakeFiles/ggml-sycl.dir/template-instances/fattn-vec-instance-q4_0-q4_0.cpp.o -MF CMakeFiles/ggml-sycl.dir/template-instances/fattn-vec-instance-q4_0-q4_0.cpp.o.d -o CMakeFiles/ggml-sycl.dir/template-instances/fattn-vec-instance-q4_0-q4_0.cpp.o -c /home/jianyuzh/ws/llama.cpp/auto_ci/28725/aicss-genai_sycl-graph-record-replay/ggml/src/ggml-sycl/template-instances/fattn-vec-instance-q4_0-q4_0.cpp
[ 22%] Building CXX object ggml/src/ggml-sycl/CMakeFiles/ggml-sycl.dir/template-instances/fattn-vec-instance-q4_0-q4_1.cpp.o
cd /home/jianyuzh/ws/llama.cpp/auto_ci/28725/aicss-genai_sycl-graph-record-replay/build/ggml/src/ggml-sycl && /opt/intel/oneapi/compiler/2026.1/bin/icpx -DGGML_BACKEND_BUILD -DGGML_BACKEND_SHARED -DGGML_SCHED_MAX_COPIES=4 -DGGML_SHARED -DGGML_SYCL_DNNL=1 -DGGML_SYCL_GRAPH -DGGML_SYCL_HOST_MEM_FALLBACK -DGGML_SYCL_SUPPORT_LEVEL_ZERO_API -DGGML_SYCL_WARP_SIZE=16 -D_GNU_SOURCE -D_XOPEN_SOURCE=600 -Dggml_sycl_EXPORTS -I/home/jianyuzh/ws/llama.cpp/auto_ci/28725/aicss-genai_sycl-graph-record-replay/ggml/src/ggml-sycl/.. -I/home/jianyuzh/ws/llama.cpp/auto_ci/28725/aicss-genai_sycl-graph-record-replay/ggml/src/../include -isystem /opt/intel/oneapi/compiler/2026.1/include -isystem /opt/intel/oneapi/mkl/2026.1/include -O3 -DNDEBUG -std=gnu++17 -fPIC -Xclang -fno-pch-timestamp -Wmissing-declarations -Wmissing-noreturn -Wall -Wextra -Wpedantic -Wcast-qual -Wno-unused-function -Wno-narrowing -fsycl -DMKL_ILP64 -MD -MT ggml/src/ggml-sycl/CMakeFiles/ggml-sycl.dir/template-instances/fattn-vec-instance-q4_0-q4_1.cpp.o -MF CMakeFiles/ggml-sycl.dir/template-instances/fattn-vec-instance-q4_0-q4_1.cpp.o.d -o CMakeFiles/ggml-sycl.dir/template-instances/fattn-vec-instance-q4_0-q4_1.cpp.o -c /home/jianyuzh/ws/llama.cpp/auto_ci/28725/aicss-genai_sycl-graph-record-replay/ggml/src/ggml-sycl/template-instances/fattn-vec-instance-q4_0-q4_1.cpp
[ 23%] Building CXX object ggml/src/ggml-sycl/CMakeFiles/ggml-sycl.dir/template-instances/fattn-vec-instance-q4_0-q5_0.cpp.o
cd /home/jianyuzh/ws/llama.cpp/auto_ci/28725/aicss-genai_sycl-graph-record-replay/build/ggml/src/ggml-sycl && /opt/intel/oneapi/compiler/2026.1/bin/icpx -DGGML_BACKEND_BUILD -DGGML_BACKEND_SHARED -DGGML_SCHED_MAX_COPIES=4 -DGGML_SHARED -DGGML_SYCL_DNNL=1 -DGGML_SYCL_GRAPH -DGGML_SYCL_HOST_MEM_FALLBACK -DGGML_SYCL_SUPPORT_LEVEL_ZERO_API -DGGML_SYCL_WARP_SIZE=16 -D_GNU_SOURCE -D_XOPEN_SOURCE=600 -Dggml_sycl_EXPORTS -I/home/jianyuzh/ws/llama.cpp/auto_ci/28725/aicss-genai_sycl-graph-record-replay/ggml/src/ggml-sycl/.. -I/home/jianyuzh/ws/llama.cpp/auto_ci/28725/aicss-genai_sycl-graph-record-replay/ggml/src/../include -isystem /opt/intel/oneapi/compiler/2026.1/include -isystem /opt/intel/oneapi/mkl/2026.1/include -O3 -DNDEBUG -std=gnu++17 -fPIC -Xclang -fno-pch-timestamp -Wmissing-declarations -Wmissing-noreturn -Wall -Wextra -Wpedantic -Wcast-qual -Wno-unused-function -Wno-narrowing -fsycl -DMKL_ILP64 -MD -MT ggml/src/ggml-sycl/CMakeFiles/ggml-sycl.dir/template-instances/fattn-vec-instance-q4_0-q5_0.cpp.o -MF CMakeFiles/ggml-sycl.dir/template-instances/fattn-vec-instance-q4_0-q5_0.cpp.o.d -o CMakeFiles/ggml-sycl.dir/template-instances/fattn-vec-instance-q4_0-q5_0.cpp.o -c /home/jianyuzh/ws/llama.cpp/auto_ci/28725/aicss-genai_sycl-graph-record-replay/ggml/src/ggml-sycl/template-instances/fattn-vec-instance-q4_0-q5_0.cpp
[ 23%] Building CXX object ggml/src/ggml-sycl/CMakeFiles/ggml-sycl.dir/template-instances/fattn-vec-instance-q4_0-q5_1.cpp.o
cd /home/jianyuzh/ws/llama.cpp/auto_ci/28725/aicss-genai_sycl-graph-record-replay/build/ggml/src/ggml-sycl && /opt/intel/oneapi/compiler/2026.1/bin/icpx -DGGML_BACKEND_BUILD -DGGML_BACKEND_SHARED -DGGML_SCHED_MAX_COPIES=4 -DGGML_SHARED -DGGML_SYCL_DNNL=1 -DGGML_SYCL_GRAPH -DGGML_SYCL_HOST_MEM_FALLBACK -DGGML_SYCL_SUPPORT_LEVEL_ZERO_API -DGGML_SYCL_WARP_SIZE=16 -D_GNU_SOURCE -D_XOPEN_SOURCE=600 -Dggml_sycl_EXPORTS -I/home/jianyuzh/ws/llama.cpp/auto_ci/28725/aicss-genai_sycl-graph-record-replay/ggml/src/ggml-sycl/.. -I/home/jianyuzh/ws/llama.cpp/auto_ci/28725/aicss-genai_sycl-graph-record-replay/ggml/src/../include -isystem /opt/intel/oneapi/compiler/2026.1/include -isystem /opt/intel/oneapi/mkl/2026.1/include -O3 -DNDEBUG -std=gnu++17 -fPIC -Xclang -fno-pch-timestamp -Wmissing-declarations -Wmissing-noreturn -Wall -Wextra -Wpedantic -Wcast-qual -Wno-unused-function -Wno-narrowing -fsycl -DMKL_ILP64 -MD -MT ggml/src/ggml-sycl/CMakeFiles/ggml-sycl.dir/template-instances/fattn-vec-instance-q4_0-q5_1.cpp.o -MF CMakeFiles/ggml-sycl.dir/template-instances/fattn-vec-instance-q4_0-q5_1.cpp.o.d -o CMakeFiles/ggml-sycl.dir/template-instances/fattn-vec-instance-q4_0-q5_1.cpp.o -c /home/jianyuzh/ws/llama.cpp/auto_ci/28725/aicss-genai_sycl-graph-record-replay/ggml/src/ggml-sycl/template-instances/fattn-vec-instance-q4_0-q5_1.cpp
[ 23%] Building CXX object ggml/src/ggml-sycl/CMakeFiles/ggml-sycl.dir/template-instances/fattn-vec-instance-q4_0-q8_0.cpp.o
cd /home/jianyuzh/ws/llama.cpp/auto_ci/28725/aicss-genai_sycl-graph-record-replay/build/ggml/src/ggml-sycl && /opt/intel/oneapi/compiler/2026.1/bin/icpx -DGGML_BACKEND_BUILD -DGGML_BACKEND_SHARED -DGGML_SCHED_MAX_COPIES=4 -DGGML_SHARED -DGGML_SYCL_DNNL=1 -DGGML_SYCL_GRAPH -DGGML_SYCL_HOST_MEM_FALLBACK -DGGML_SYCL_SUPPORT_LEVEL_ZERO_API -DGGML_SYCL_WARP_SIZE=16 -D_GNU_SOURCE -D_XOPEN_SOURCE=600 -Dggml_sycl_EXPORTS -I/home/jianyuzh/ws/llama.cpp/auto_ci/28725/aicss-genai_sycl-graph-record-replay/ggml/src/ggml-sycl/.. -I/home/jianyuzh/ws/llama.cpp/auto_ci/28725/aicss-genai_sycl-graph-record-replay/ggml/src/../include -isystem /opt/intel/oneapi/compiler/2026.1/include -isystem /opt/intel/oneapi/mkl/2026.1/include -O3 -DNDEBUG -std=gnu++17 -fPIC -Xclang -fno-pch-timestamp -Wmissing-declarations -Wmissing-noreturn -Wall -Wextra -Wpedantic -Wcast-qual -Wno-unused-function -Wno-narrowing -fsycl -DMKL_ILP64 -MD -MT ggml/src/ggml-sycl/CMakeFiles/ggml-sycl.dir/template-instances/fattn-vec-instance-q4_0-q8_0.cpp.o -MF CMakeFiles/ggml-sycl.dir/template-instances/fattn-vec-instance-q4_0-q8_0.cpp.o.d -o CMakeFiles/ggml-sycl.dir/template-instances/fattn-vec-instance-q4_0-q8_0.cpp.o -c /home/jianyuzh/ws/llama.cpp/auto_ci/28725/aicss-genai_sycl-graph-record-replay/ggml/src/ggml-sycl/template-instances/fattn-vec-instance-q4_0-q8_0.cpp
-- UI: download dist.tar.gz.sha256 from latest failed: "SSL peer certificate or SSH remote key was not OK.  If this is due to https certificate verification failure, one may set environment variable CMAKE_TLS_VERIFY=0 to suppress it."
-- UI: HF download failed
CMake Warning at /home/jianyuzh/ws/llama.cpp/auto_ci/28725/aicss-genai_sycl-graph-record-replay/scripts/ui-assets.cmake:584 (message):
  UI: no assets available - building without an embedded UI.  In a
  disconnected environment, download the pre-built UI from a llama.cpp
  release at https://github.com/ggml-org/llama.cpp/releases and extract to
  tools/ui/dist.


-- UI: embedded 0 assets
gmake[2]: Leaving directory '/home/jianyuzh/ws/llama.cpp/auto_ci/28725/aicss-genai_sycl-graph-record-replay/build'
[ 23%] Built target llama-ui-assets
[ 23%] Building CXX object ggml/src/ggml-sycl/CMakeFiles/ggml-sycl.dir/template-instances/fattn-vec-instance-q4_1-f16.cpp.o
cd /home/jianyuzh/ws/llama.cpp/auto_ci/28725/aicss-genai_sycl-graph-record-replay/build/ggml/src/ggml-sycl && /opt/intel/oneapi/compiler/2026.1/bin/icpx -DGGML_BACKEND_BUILD -DGGML_BACKEND_SHARED -DGGML_SCHED_MAX_COPIES=4 -DGGML_SHARED -DGGML_SYCL_DNNL=1 -DGGML_SYCL_GRAPH -DGGML_SYCL_HOST_MEM_FALLBACK -DGGML_SYCL_SUPPORT_LEVEL_ZERO_API -DGGML_SYCL_WARP_SIZE=16 -D_GNU_SOURCE -D_XOPEN_SOURCE=600 -Dggml_sycl_EXPORTS -I/home/jianyuzh/ws/llama.cpp/auto_ci/28725/aicss-genai_sycl-graph-record-replay/ggml/src/ggml-sycl/.. -I/home/jianyuzh/ws/llama.cpp/auto_ci/28725/aicss-genai_sycl-graph-record-replay/ggml/src/../include -isystem /opt/intel/oneapi/compiler/2026.1/include -isystem /opt/intel/oneapi/mkl/2026.1/include -O3 -DNDEBUG -std=gnu++17 -fPIC -Xclang -fno-pch-timestamp -Wmissing-declarations -Wmissing-noreturn -Wall -Wextra -Wpedantic -Wcast-qual -Wno-unused-function -Wno-narrowing -fsycl -DMKL_ILP64 -MD -MT ggml/src/ggml-sycl/CMakeFiles/ggml-sycl.dir/template-instances/fattn-vec-instance-q4_1-f16.cpp.o -MF CMakeFiles/ggml-sycl.dir/template-instances/fattn-vec-instance-q4_1-f16.cpp.o.d -o CMakeFiles/ggml-sycl.dir/template-instances/fattn-vec-instance-q4_1-f16.cpp.o -c /home/jianyuzh/ws/llama.cpp/auto_ci/28725/aicss-genai_sycl-graph-record-replay/ggml/src/ggml-sycl/template-instances/fattn-vec-instance-q4_1-f16.cpp
/usr/bin/gmake  -f tools/ui/CMakeFiles/llama-ui.dir/build.make tools/ui/CMakeFiles/llama-ui.dir/depend
gmake[2]: Entering directory '/home/jianyuzh/ws/llama.cpp/auto_ci/28725/aicss-genai_sycl-graph-record-replay/build'
cd /home/jianyuzh/ws/llama.cpp/auto_ci/28725/aicss-genai_sycl-graph-record-replay/build && /usr/bin/cmake -E cmake_depends "Unix Makefiles" /home/jianyuzh/ws/llama.cpp/auto_ci/28725/aicss-genai_sycl-graph-record-replay /home/jianyuzh/ws/llama.cpp/auto_ci/28725/aicss-genai_sycl-graph-record-replay/tools/ui /home/jianyuzh/ws/llama.cpp/auto_ci/28725/aicss-genai_sycl-graph-record-replay/build /home/jianyuzh/ws/llama.cpp/auto_ci/28725/aicss-genai_sycl-graph-record-replay/build/tools/ui /home/jianyuzh/ws/llama.cpp/auto_ci/28725/aicss-genai_sycl-graph-record-replay/build/tools/ui/CMakeFiles/llama-ui.dir/DependInfo.cmake "--color=" llama-ui
gmake[2]: Leaving directory '/home/jianyuzh/ws/llama.cpp/auto_ci/28725/aicss-genai_sycl-graph-record-replay/build'
/usr/bin/gmake  -f tools/ui/CMakeFiles/llama-ui.dir/build.make tools/ui/CMakeFiles/llama-ui.dir/build
gmake[2]: Entering directory '/home/jianyuzh/ws/llama.cpp/auto_ci/28725/aicss-genai_sycl-graph-record-replay/build'
[ 23%] Building CXX object tools/ui/CMakeFiles/llama-ui.dir/ui.cpp.o
cd /home/jianyuzh/ws/llama.cpp/auto_ci/28725/aicss-genai_sycl-graph-record-replay/build/tools/ui && /opt/intel/oneapi/compiler/2026.1/bin/icpx  -I/home/jianyuzh/ws/llama.cpp/auto_ci/28725/aicss-genai_sycl-graph-record-replay/build/tools/ui -O3 -DNDEBUG -fPIC -Xclang -fno-pch-timestamp -Wmissing-declarations -Wmissing-noreturn -Wall -Wextra -Wpedantic -Wcast-qual -Wno-unused-function -MD -MT tools/ui/CMakeFiles/llama-ui.dir/ui.cpp.o -MF CMakeFiles/llama-ui.dir/ui.cpp.o.d -o CMakeFiles/llama-ui.dir/ui.cpp.o -c /home/jianyuzh/ws/llama.cpp/auto_ci/28725/aicss-genai_sycl-graph-record-replay/build/tools/ui/ui.cpp
[ 23%] Linking CXX static library libllama-ui.a
cd /home/jianyuzh/ws/llama.cpp/auto_ci/28725/aicss-genai_sycl-graph-record-replay/build/tools/ui && /usr/bin/cmake -P CMakeFiles/llama-ui.dir/cmake_clean_target.cmake
cd /home/jianyuzh/ws/llama.cpp/auto_ci/28725/aicss-genai_sycl-graph-record-replay/build/tools/ui && /usr/bin/cmake -E cmake_link_script CMakeFiles/llama-ui.dir/link.txt --verbose=1
/usr/bin/ar qc libllama-ui.a "CMakeFiles/llama-ui.dir/ui.cpp.o"
/usr/bin/ranlib libllama-ui.a
gmake[2]: Leaving directory '/home/jianyuzh/ws/llama.cpp/auto_ci/28725/aicss-genai_sycl-graph-record-replay/build'
[ 23%] Built target llama-ui
[ 23%] Building CXX object ggml/src/ggml-sycl/CMakeFiles/ggml-sycl.dir/template-instances/fattn-vec-instance-q4_1-q4_0.cpp.o
cd /home/jianyuzh/ws/llama.cpp/auto_ci/28725/aicss-genai_sycl-graph-record-replay/build/ggml/src/ggml-sycl && /opt/intel/oneapi/compiler/2026.1/bin/icpx -DGGML_BACKEND_BUILD -DGGML_BACKEND_SHARED -DGGML_SCHED_MAX_COPIES=4 -DGGML_SHARED -DGGML_SYCL_DNNL=1 -DGGML_SYCL_GRAPH -DGGML_SYCL_HOST_MEM_FALLBACK -DGGML_SYCL_SUPPORT_LEVEL_ZERO_API -DGGML_SYCL_WARP_SIZE=16 -D_GNU_SOURCE -D_XOPEN_SOURCE=600 -Dggml_sycl_EXPORTS -I/home/jianyuzh/ws/llama.cpp/auto_ci/28725/aicss-genai_sycl-graph-record-replay/ggml/src/ggml-sycl/.. -I/home/jianyuzh/ws/llama.cpp/auto_ci/28725/aicss-genai_sycl-graph-record-replay/ggml/src/../include -isystem /opt/intel/oneapi/compiler/2026.1/include -isystem /opt/intel/oneapi/mkl/2026.1/include -O3 -DNDEBUG -std=gnu++17 -fPIC -Xclang -fno-pch-timestamp -Wmissing-declarations -Wmissing-noreturn -Wall -Wextra -Wpedantic -Wcast-qual -Wno-unused-function -Wno-narrowing -fsycl -DMKL_ILP64 -MD -MT ggml/src/ggml-sycl/CMakeFiles/ggml-sycl.dir/template-instances/fattn-vec-instance-q4_1-q4_0.cpp.o -MF CMakeFiles/ggml-sycl.dir/template-instances/fattn-vec-instance-q4_1-q4_0.cpp.o.d -o CMakeFiles/ggml-sycl.dir/template-instances/fattn-vec-instance-q4_1-q4_0.cpp.o -c /home/jianyuzh/ws/llama.cpp/auto_ci/28725/aicss-genai_sycl-graph-record-replay/ggml/src/ggml-sycl/template-instances/fattn-vec-instance-q4_1-q4_0.cpp
[ 24%] Linking CXX shared library ../../bin/libggml-cpu.so
cd /home/jianyuzh/ws/llama.cpp/auto_ci/28725/aicss-genai_sycl-graph-record-replay/build/ggml/src && /usr/bin/cmake -E cmake_link_script CMakeFiles/ggml-cpu.dir/link.txt --verbose=1
[ 24%] Building CXX object ggml/src/ggml-sycl/CMakeFiles/ggml-sycl.dir/template-instances/fattn-vec-instance-q4_1-q4_1.cpp.o
cd /home/jianyuzh/ws/llama.cpp/auto_ci/28725/aicss-genai_sycl-graph-record-replay/build/ggml/src/ggml-sycl && /opt/intel/oneapi/compiler/2026.1/bin/icpx -DGGML_BACKEND_BUILD -DGGML_BACKEND_SHARED -DGGML_SCHED_MAX_COPIES=4 -DGGML_SHARED -DGGML_SYCL_DNNL=1 -DGGML_SYCL_GRAPH -DGGML_SYCL_HOST_MEM_FALLBACK -DGGML_SYCL_SUPPORT_LEVEL_ZERO_API -DGGML_SYCL_WARP_SIZE=16 -D_GNU_SOURCE -D_XOPEN_SOURCE=600 -Dggml_sycl_EXPORTS -I/home/jianyuzh/ws/llama.cpp/auto_ci/28725/aicss-genai_sycl-graph-record-replay/ggml/src/ggml-sycl/.. -I/home/jianyuzh/ws/llama.cpp/auto_ci/28725/aicss-genai_sycl-graph-record-replay/ggml/src/../include -isystem /opt/intel/oneapi/compiler/2026.1/include -isystem /opt/intel/oneapi/mkl/2026.1/include -O3 -DNDEBUG -std=gnu++17 -fPIC -Xclang -fno-pch-timestamp -Wmissing-declarations -Wmissing-noreturn -Wall -Wextra -Wpedantic -Wcast-qual -Wno-unused-function -Wno-narrowing -fsycl -DMKL_ILP64 -MD -MT ggml/src/ggml-sycl/CMakeFiles/ggml-sycl.dir/template-instances/fattn-vec-instance-q4_1-q4_1.cpp.o -MF CMakeFiles/ggml-sycl.dir/template-instances/fattn-vec-instance-q4_1-q4_1.cpp.o.d -o CMakeFiles/ggml-sycl.dir/template-instances/fattn-vec-instance-q4_1-q4_1.cpp.o -c /home/jianyuzh/ws/llama.cpp/auto_ci/28725/aicss-genai_sycl-graph-record-replay/ggml/src/ggml-sycl/template-instances/fattn-vec-instance-q4_1-q4_1.cpp
/opt/intel/oneapi/compiler/2026.1/bin/icpx -fPIC -O3 -DNDEBUG -shared -fiopenmp -Wl,--dependency-file=CMakeFiles/ggml-cpu.dir/link.d -Wl,-soname,libggml-cpu.so.0 -o ../../bin/libggml-cpu.so.0.24.0 "CMakeFiles/ggml-cpu.dir/ggml-cpu/ggml-cpu.c.o" "CMakeFiles/ggml-cpu.dir/ggml-cpu/ggml-cpu.cpp.o" "CMakeFiles/ggml-cpu.dir/ggml-cpu/repack.cpp.o" "CMakeFiles/ggml-cpu.dir/ggml-cpu/iqp.cpp.o" "CMakeFiles/ggml-cpu.dir/ggml-cpu/hbm.cpp.o" "CMakeFiles/ggml-cpu.dir/ggml-cpu/quants.c.o" "CMakeFiles/ggml-cpu.dir/ggml-cpu/traits.cpp.o" "CMakeFiles/ggml-cpu.dir/ggml-cpu/amx/amx.cpp.o" "CMakeFiles/ggml-cpu.dir/ggml-cpu/amx/mmq.cpp.o" "CMakeFiles/ggml-cpu.dir/ggml-cpu/binary-ops.cpp.o" "CMakeFiles/ggml-cpu.dir/ggml-cpu/unary-ops.cpp.o" "CMakeFiles/ggml-cpu.dir/ggml-cpu/vec.cpp.o" "CMakeFiles/ggml-cpu.dir/ggml-cpu/ops.cpp.o" "CMakeFiles/ggml-cpu.dir/ggml-cpu/llamafile/sgemm.cpp.o" "CMakeFiles/ggml-cpu.dir/ggml-cpu/arch/x86/quants.c.o" "CMakeFiles/ggml-cpu.dir/ggml-cpu/arch/x86/repack.cpp.o"  -Wl,-rpath,/home/jianyuzh/ws/llama.cpp/auto_ci/28725/aicss-genai_sycl-graph-record-replay/build/bin: ../../bin/libggml-base.so.0.24.0 /opt/intel/oneapi/compiler/2026.1/lib/libiomp5.so /lib/x86_64-linux-gnu/libpthread.a
cd /home/jianyuzh/ws/llama.cpp/auto_ci/28725/aicss-genai_sycl-graph-record-replay/build/ggml/src && /usr/bin/cmake -E cmake_symlink_library ../../bin/libggml-cpu.so.0.24.0 ../../bin/libggml-cpu.so.0 ../../bin/libggml-cpu.so
gmake[2]: Leaving directory '/home/jianyuzh/ws/llama.cpp/auto_ci/28725/aicss-genai_sycl-graph-record-replay/build'
[ 24%] Built target ggml-cpu
[ 25%] Building CXX object ggml/src/ggml-sycl/CMakeFiles/ggml-sycl.dir/template-instances/fattn-vec-instance-q4_1-q5_0.cpp.o
cd /home/jianyuzh/ws/llama.cpp/auto_ci/28725/aicss-genai_sycl-graph-record-replay/build/ggml/src/ggml-sycl && /opt/intel/oneapi/compiler/2026.1/bin/icpx -DGGML_BACKEND_BUILD -DGGML_BACKEND_SHARED -DGGML_SCHED_MAX_COPIES=4 -DGGML_SHARED -DGGML_SYCL_DNNL=1 -DGGML_SYCL_GRAPH -DGGML_SYCL_HOST_MEM_FALLBACK -DGGML_SYCL_SUPPORT_LEVEL_ZERO_API -DGGML_SYCL_WARP_SIZE=16 -D_GNU_SOURCE -D_XOPEN_SOURCE=600 -Dggml_sycl_EXPORTS -I/home/jianyuzh/ws/llama.cpp/auto_ci/28725/aicss-genai_sycl-graph-record-replay/ggml/src/ggml-sycl/.. -I/home/jianyuzh/ws/llama.cpp/auto_ci/28725/aicss-genai_sycl-graph-record-replay/ggml/src/../include -isystem /opt/intel/oneapi/compiler/2026.1/include -isystem /opt/intel/oneapi/mkl/2026.1/include -O3 -DNDEBUG -std=gnu++17 -fPIC -Xclang -fno-pch-timestamp -Wmissing-declarations -Wmissing-noreturn -Wall -Wextra -Wpedantic -Wcast-qual -Wno-unused-function -Wno-narrowing -fsycl -DMKL_ILP64 -MD -MT ggml/src/ggml-sycl/CMakeFiles/ggml-sycl.dir/template-instances/fattn-vec-instance-q4_1-q5_0.cpp.o -MF CMakeFiles/ggml-sycl.dir/template-instances/fattn-vec-instance-q4_1-q5_0.cpp.o.d -o CMakeFiles/ggml-sycl.dir/template-instances/fattn-vec-instance-q4_1-q5_0.cpp.o -c /home/jianyuzh/ws/llama.cpp/auto_ci/28725/aicss-genai_sycl-graph-record-replay/ggml/src/ggml-sycl/template-instances/fattn-vec-instance-q4_1-q5_0.cpp
[ 25%] Building CXX object ggml/src/ggml-sycl/CMakeFiles/ggml-sycl.dir/template-instances/fattn-vec-instance-q4_1-q5_1.cpp.o
cd /home/jianyuzh/ws/llama.cpp/auto_ci/28725/aicss-genai_sycl-graph-record-replay/build/ggml/src/ggml-sycl && /opt/intel/oneapi/compiler/2026.1/bin/icpx -DGGML_BACKEND_BUILD -DGGML_BACKEND_SHARED -DGGML_SCHED_MAX_COPIES=4 -DGGML_SHARED -DGGML_SYCL_DNNL=1 -DGGML_SYCL_GRAPH -DGGML_SYCL_HOST_MEM_FALLBACK -DGGML_SYCL_SUPPORT_LEVEL_ZERO_API -DGGML_SYCL_WARP_SIZE=16 -D_GNU_SOURCE -D_XOPEN_SOURCE=600 -Dggml_sycl_EXPORTS -I/home/jianyuzh/ws/llama.cpp/auto_ci/28725/aicss-genai_sycl-graph-record-replay/ggml/src/ggml-sycl/.. -I/home/jianyuzh/ws/llama.cpp/auto_ci/28725/aicss-genai_sycl-graph-record-replay/ggml/src/../include -isystem /opt/intel/oneapi/compiler/2026.1/include -isystem /opt/intel/oneapi/mkl/2026.1/include -O3 -DNDEBUG -std=gnu++17 -fPIC -Xclang -fno-pch-timestamp -Wmissing-declarations -Wmissing-noreturn -Wall -Wextra -Wpedantic -Wcast-qual -Wno-unused-function -Wno-narrowing -fsycl -DMKL_ILP64 -MD -MT ggml/src/ggml-sycl/CMakeFiles/ggml-sycl.dir/template-instances/fattn-vec-instance-q4_1-q5_1.cpp.o -MF CMakeFiles/ggml-sycl.dir/template-instances/fattn-vec-instance-q4_1-q5_1.cpp.o.d -o CMakeFiles/ggml-sycl.dir/template-instances/fattn-vec-instance-q4_1-q5_1.cpp.o -c /home/jianyuzh/ws/llama.cpp/auto_ci/28725/aicss-genai_sycl-graph-record-replay/ggml/src/ggml-sycl/template-instances/fattn-vec-instance-q4_1-q5_1.cpp
[ 25%] Building CXX object ggml/src/ggml-sycl/CMakeFiles/ggml-sycl.dir/template-instances/fattn-vec-instance-q4_1-q8_0.cpp.o
cd /home/jianyuzh/ws/llama.cpp/auto_ci/28725/aicss-genai_sycl-graph-record-replay/build/ggml/src/ggml-sycl && /opt/intel/oneapi/compiler/2026.1/bin/icpx -DGGML_BACKEND_BUILD -DGGML_BACKEND_SHARED -DGGML_SCHED_MAX_COPIES=4 -DGGML_SHARED -DGGML_SYCL_DNNL=1 -DGGML_SYCL_GRAPH -DGGML_SYCL_HOST_MEM_FALLBACK -DGGML_SYCL_SUPPORT_LEVEL_ZERO_API -DGGML_SYCL_WARP_SIZE=16 -D_GNU_SOURCE -D_XOPEN_SOURCE=600 -Dggml_sycl_EXPORTS -I/home/jianyuzh/ws/llama.cpp/auto_ci/28725/aicss-genai_sycl-graph-record-replay/ggml/src/ggml-sycl/.. -I/home/jianyuzh/ws/llama.cpp/auto_ci/28725/aicss-genai_sycl-graph-record-replay/ggml/src/../include -isystem /opt/intel/oneapi/compiler/2026.1/include -isystem /opt/intel/oneapi/mkl/2026.1/include -O3 -DNDEBUG -std=gnu++17 -fPIC -Xclang -fno-pch-timestamp -Wmissing-declarations -Wmissing-noreturn -Wall -Wextra -Wpedantic -Wcast-qual -Wno-unused-function -Wno-narrowing -fsycl -DMKL_ILP64 -MD -MT ggml/src/ggml-sycl/CMakeFiles/ggml-sycl.dir/template-instances/fattn-vec-instance-q4_1-q8_0.cpp.o -MF CMakeFiles/ggml-sycl.dir/template-instances/fattn-vec-instance-q4_1-q8_0.cpp.o.d -o CMakeFiles/ggml-sycl.dir/template-instances/fattn-vec-instance-q4_1-q8_0.cpp.o -c /home/jianyuzh/ws/llama.cpp/auto_ci/28725/aicss-genai_sycl-graph-record-replay/ggml/src/ggml-sycl/template-instances/fattn-vec-instance-q4_1-q8_0.cpp
[ 25%] Building CXX object ggml/src/ggml-sycl/CMakeFiles/ggml-sycl.dir/template-instances/fattn-vec-instance-q5_0-f16.cpp.o
cd /home/jianyuzh/ws/llama.cpp/auto_ci/28725/aicss-genai_sycl-graph-record-replay/build/ggml/src/ggml-sycl && /opt/intel/oneapi/compiler/2026.1/bin/icpx -DGGML_BACKEND_BUILD -DGGML_BACKEND_SHARED -DGGML_SCHED_MAX_COPIES=4 -DGGML_SHARED -DGGML_SYCL_DNNL=1 -DGGML_SYCL_GRAPH -DGGML_SYCL_HOST_MEM_FALLBACK -DGGML_SYCL_SUPPORT_LEVEL_ZERO_API -DGGML_SYCL_WARP_SIZE=16 -D_GNU_SOURCE -D_XOPEN_SOURCE=600 -Dggml_sycl_EXPORTS -I/home/jianyuzh/ws/llama.cpp/auto_ci/28725/aicss-genai_sycl-graph-record-replay/ggml/src/ggml-sycl/.. -I/home/jianyuzh/ws/llama.cpp/auto_ci/28725/aicss-genai_sycl-graph-record-replay/ggml/src/../include -isystem /opt/intel/oneapi/compiler/2026.1/include -isystem /opt/intel/oneapi/mkl/2026.1/include -O3 -DNDEBUG -std=gnu++17 -fPIC -Xclang -fno-pch-timestamp -Wmissing-declarations -Wmissing-noreturn -Wall -Wextra -Wpedantic -Wcast-qual -Wno-unused-function -Wno-narrowing -fsycl -DMKL_ILP64 -MD -MT ggml/src/ggml-sycl/CMakeFiles/ggml-sycl.dir/template-instances/fattn-vec-instance-q5_0-f16.cpp.o -MF CMakeFiles/ggml-sycl.dir/template-instances/fattn-vec-instance-q5_0-f16.cpp.o.d -o CMakeFiles/ggml-sycl.dir/template-instances/fattn-vec-instance-q5_0-f16.cpp.o -c /home/jianyuzh/ws/llama.cpp/auto_ci/28725/aicss-genai_sycl-graph-record-replay/ggml/src/ggml-sycl/template-instances/fattn-vec-instance-q5_0-f16.cpp
[ 25%] Building CXX object ggml/src/ggml-sycl/CMakeFiles/ggml-sycl.dir/template-instances/fattn-vec-instance-q5_0-q4_0.cpp.o
cd /home/jianyuzh/ws/llama.cpp/auto_ci/28725/aicss-genai_sycl-graph-record-replay/build/ggml/src/ggml-sycl && /opt/intel/oneapi/compiler/2026.1/bin/icpx -DGGML_BACKEND_BUILD -DGGML_BACKEND_SHARED -DGGML_SCHED_MAX_COPIES=4 -DGGML_SHARED -DGGML_SYCL_DNNL=1 -DGGML_SYCL_GRAPH -DGGML_SYCL_HOST_MEM_FALLBACK -DGGML_SYCL_SUPPORT_LEVEL_ZERO_API -DGGML_SYCL_WARP_SIZE=16 -D_GNU_SOURCE -D_XOPEN_SOURCE=600 -Dggml_sycl_EXPORTS -I/home/jianyuzh/ws/llama.cpp/auto_ci/28725/aicss-genai_sycl-graph-record-replay/ggml/src/ggml-sycl/.. -I/home/jianyuzh/ws/llama.cpp/auto_ci/28725/aicss-genai_sycl-graph-record-replay/ggml/src/../include -isystem /opt/intel/oneapi/compiler/2026.1/include -isystem /opt/intel/oneapi/mkl/2026.1/include -O3 -DNDEBUG -std=gnu++17 -fPIC -Xclang -fno-pch-timestamp -Wmissing-declarations -Wmissing-noreturn -Wall -Wextra -Wpedantic -Wcast-qual -Wno-unused-function -Wno-narrowing -fsycl -DMKL_ILP64 -MD -MT ggml/src/ggml-sycl/CMakeFiles/ggml-sycl.dir/template-instances/fattn-vec-instance-q5_0-q4_0.cpp.o -MF CMakeFiles/ggml-sycl.dir/template-instances/fattn-vec-instance-q5_0-q4_0.cpp.o.d -o CMakeFiles/ggml-sycl.dir/template-instances/fattn-vec-instance-q5_0-q4_0.cpp.o -c /home/jianyuzh/ws/llama.cpp/auto_ci/28725/aicss-genai_sycl-graph-record-replay/ggml/src/ggml-sycl/template-instances/fattn-vec-instance-q5_0-q4_0.cpp
[ 25%] Linking CXX static library libcpp-httplib.a
cd /home/jianyuzh/ws/llama.cpp/auto_ci/28725/aicss-genai_sycl-graph-record-replay/build/vendor/cpp-httplib && /usr/bin/cmake -P CMakeFiles/cpp-httplib.dir/cmake_clean_target.cmake
cd /home/jianyuzh/ws/llama.cpp/auto_ci/28725/aicss-genai_sycl-graph-record-replay/build/vendor/cpp-httplib && /usr/bin/cmake -E cmake_link_script CMakeFiles/cpp-httplib.dir/link.txt --verbose=1
/usr/bin/ar qc libcpp-httplib.a "CMakeFiles/cpp-httplib.dir/httplib.cpp.o"
/usr/bin/ranlib libcpp-httplib.a
gmake[2]: Leaving directory '/home/jianyuzh/ws/llama.cpp/auto_ci/28725/aicss-genai_sycl-graph-record-replay/build'
[ 25%] Built target cpp-httplib
[ 26%] Building CXX object ggml/src/ggml-sycl/CMakeFiles/ggml-sycl.dir/template-instances/fattn-vec-instance-q5_0-q4_1.cpp.o
cd /home/jianyuzh/ws/llama.cpp/auto_ci/28725/aicss-genai_sycl-graph-record-replay/build/ggml/src/ggml-sycl && /opt/intel/oneapi/compiler/2026.1/bin/icpx -DGGML_BACKEND_BUILD -DGGML_BACKEND_SHARED -DGGML_SCHED_MAX_COPIES=4 -DGGML_SHARED -DGGML_SYCL_DNNL=1 -DGGML_SYCL_GRAPH -DGGML_SYCL_HOST_MEM_FALLBACK -DGGML_SYCL_SUPPORT_LEVEL_ZERO_API -DGGML_SYCL_WARP_SIZE=16 -D_GNU_SOURCE -D_XOPEN_SOURCE=600 -Dggml_sycl_EXPORTS -I/home/jianyuzh/ws/llama.cpp/auto_ci/28725/aicss-genai_sycl-graph-record-replay/ggml/src/ggml-sycl/.. -I/home/jianyuzh/ws/llama.cpp/auto_ci/28725/aicss-genai_sycl-graph-record-replay/ggml/src/../include -isystem /opt/intel/oneapi/compiler/2026.1/include -isystem /opt/intel/oneapi/mkl/2026.1/include -O3 -DNDEBUG -std=gnu++17 -fPIC -Xclang -fno-pch-timestamp -Wmissing-declarations -Wmissing-noreturn -Wall -Wextra -Wpedantic -Wcast-qual -Wno-unused-function -Wno-narrowing -fsycl -DMKL_ILP64 -MD -MT ggml/src/ggml-sycl/CMakeFiles/ggml-sycl.dir/template-instances/fattn-vec-instance-q5_0-q4_1.cpp.o -MF CMakeFiles/ggml-sycl.dir/template-instances/fattn-vec-instance-q5_0-q4_1.cpp.o.d -o CMakeFiles/ggml-sycl.dir/template-instances/fattn-vec-instance-q5_0-q4_1.cpp.o -c /home/jianyuzh/ws/llama.cpp/auto_ci/28725/aicss-genai_sycl-graph-record-replay/ggml/src/ggml-sycl/template-instances/fattn-vec-instance-q5_0-q4_1.cpp
[ 26%] Building CXX object ggml/src/ggml-sycl/CMakeFiles/ggml-sycl.dir/template-instances/fattn-vec-instance-q5_0-q5_0.cpp.o
cd /home/jianyuzh/ws/llama.cpp/auto_ci/28725/aicss-genai_sycl-graph-record-replay/build/ggml/src/ggml-sycl && /opt/intel/oneapi/compiler/2026.1/bin/icpx -DGGML_BACKEND_BUILD -DGGML_BACKEND_SHARED -DGGML_SCHED_MAX_COPIES=4 -DGGML_SHARED -DGGML_SYCL_DNNL=1 -DGGML_SYCL_GRAPH -DGGML_SYCL_HOST_MEM_FALLBACK -DGGML_SYCL_SUPPORT_LEVEL_ZERO_API -DGGML_SYCL_WARP_SIZE=16 -D_GNU_SOURCE -D_XOPEN_SOURCE=600 -Dggml_sycl_EXPORTS -I/home/jianyuzh/ws/llama.cpp/auto_ci/28725/aicss-genai_sycl-graph-record-replay/ggml/src/ggml-sycl/.. -I/home/jianyuzh/ws/llama.cpp/auto_ci/28725/aicss-genai_sycl-graph-record-replay/ggml/src/../include -isystem /opt/intel/oneapi/compiler/2026.1/include -isystem /opt/intel/oneapi/mkl/2026.1/include -O3 -DNDEBUG -std=gnu++17 -fPIC -Xclang -fno-pch-timestamp -Wmissing-declarations -Wmissing-noreturn -Wall -Wextra -Wpedantic -Wcast-qual -Wno-unused-function -Wno-narrowing -fsycl -DMKL_ILP64 -MD -MT ggml/src/ggml-sycl/CMakeFiles/ggml-sycl.dir/template-instances/fattn-vec-instance-q5_0-q5_0.cpp.o -MF CMakeFiles/ggml-sycl.dir/template-instances/fattn-vec-instance-q5_0-q5_0.cpp.o.d -o CMakeFiles/ggml-sycl.dir/template-instances/fattn-vec-instance-q5_0-q5_0.cpp.o -c /home/jianyuzh/ws/llama.cpp/auto_ci/28725/aicss-genai_sycl-graph-record-replay/ggml/src/ggml-sycl/template-instances/fattn-vec-instance-q5_0-q5_0.cpp
[ 26%] Building CXX object ggml/src/ggml-sycl/CMakeFiles/ggml-sycl.dir/template-instances/fattn-vec-instance-q5_0-q5_1.cpp.o
cd /home/jianyuzh/ws/llama.cpp/auto_ci/28725/aicss-genai_sycl-graph-record-replay/build/ggml/src/ggml-sycl && /opt/intel/oneapi/compiler/2026.1/bin/icpx -DGGML_BACKEND_BUILD -DGGML_BACKEND_SHARED -DGGML_SCHED_MAX_COPIES=4 -DGGML_SHARED -DGGML_SYCL_DNNL=1 -DGGML_SYCL_GRAPH -DGGML_SYCL_HOST_MEM_FALLBACK -DGGML_SYCL_SUPPORT_LEVEL_ZERO_API -DGGML_SYCL_WARP_SIZE=16 -D_GNU_SOURCE -D_XOPEN_SOURCE=600 -Dggml_sycl_EXPORTS -I/home/jianyuzh/ws/llama.cpp/auto_ci/28725/aicss-genai_sycl-graph-record-replay/ggml/src/ggml-sycl/.. -I/home/jianyuzh/ws/llama.cpp/auto_ci/28725/aicss-genai_sycl-graph-record-replay/ggml/src/../include -isystem /opt/intel/oneapi/compiler/2026.1/include -isystem /opt/intel/oneapi/mkl/2026.1/include -O3 -DNDEBUG -std=gnu++17 -fPIC -Xclang -fno-pch-timestamp -Wmissing-declarations -Wmissing-noreturn -Wall -Wextra -Wpedantic -Wcast-qual -Wno-unused-function -Wno-narrowing -fsycl -DMKL_ILP64 -MD -MT ggml/src/ggml-sycl/CMakeFiles/ggml-sycl.dir/template-instances/fattn-vec-instance-q5_0-q5_1.cpp.o -MF CMakeFiles/ggml-sycl.dir/template-instances/fattn-vec-instance-q5_0-q5_1.cpp.o.d -o CMakeFiles/ggml-sycl.dir/template-instances/fattn-vec-instance-q5_0-q5_1.cpp.o -c /home/jianyuzh/ws/llama.cpp/auto_ci/28725/aicss-genai_sycl-graph-record-replay/ggml/src/ggml-sycl/template-instances/fattn-vec-instance-q5_0-q5_1.cpp
[ 26%] Building CXX object ggml/src/ggml-sycl/CMakeFiles/ggml-sycl.dir/template-instances/fattn-vec-instance-q5_0-q8_0.cpp.o
cd /home/jianyuzh/ws/llama.cpp/auto_ci/28725/aicss-genai_sycl-graph-record-replay/build/ggml/src/ggml-sycl && /opt/intel/oneapi/compiler/2026.1/bin/icpx -DGGML_BACKEND_BUILD -DGGML_BACKEND_SHARED -DGGML_SCHED_MAX_COPIES=4 -DGGML_SHARED -DGGML_SYCL_DNNL=1 -DGGML_SYCL_GRAPH -DGGML_SYCL_HOST_MEM_FALLBACK -DGGML_SYCL_SUPPORT_LEVEL_ZERO_API -DGGML_SYCL_WARP_SIZE=16 -D_GNU_SOURCE -D_XOPEN_SOURCE=600 -Dggml_sycl_EXPORTS -I/home/jianyuzh/ws/llama.cpp/auto_ci/28725/aicss-genai_sycl-graph-record-replay/ggml/src/ggml-sycl/.. -I/home/jianyuzh/ws/llama.cpp/auto_ci/28725/aicss-genai_sycl-graph-record-replay/ggml/src/../include -isystem /opt/intel/oneapi/compiler/2026.1/include -isystem /opt/intel/oneapi/mkl/2026.1/include -O3 -DNDEBUG -std=gnu++17 -fPIC -Xclang -fno-pch-timestamp -Wmissing-declarations -Wmissing-noreturn -Wall -Wextra -Wpedantic -Wcast-qual -Wno-unused-function -Wno-narrowing -fsycl -DMKL_ILP64 -MD -MT ggml/src/ggml-sycl/CMakeFiles/ggml-sycl.dir/template-instances/fattn-vec-instance-q5_0-q8_0.cpp.o -MF CMakeFiles/ggml-sycl.dir/template-instances/fattn-vec-instance-q5_0-q8_0.cpp.o.d -o CMakeFiles/ggml-sycl.dir/template-instances/fattn-vec-instance-q5_0-q8_0.cpp.o -c /home/jianyuzh/ws/llama.cpp/auto_ci/28725/aicss-genai_sycl-graph-record-replay/ggml/src/ggml-sycl/template-instances/fattn-vec-instance-q5_0-q8_0.cpp
[ 26%] Building CXX object ggml/src/ggml-sycl/CMakeFiles/ggml-sycl.dir/template-instances/fattn-vec-instance-q5_1-f16.cpp.o
cd /home/jianyuzh/ws/llama.cpp/auto_ci/28725/aicss-genai_sycl-graph-record-replay/build/ggml/src/ggml-sycl && /opt/intel/oneapi/compiler/2026.1/bin/icpx -DGGML_BACKEND_BUILD -DGGML_BACKEND_SHARED -DGGML_SCHED_MAX_COPIES=4 -DGGML_SHARED -DGGML_SYCL_DNNL=1 -DGGML_SYCL_GRAPH -DGGML_SYCL_HOST_MEM_FALLBACK -DGGML_SYCL_SUPPORT_LEVEL_ZERO_API -DGGML_SYCL_WARP_SIZE=16 -D_GNU_SOURCE -D_XOPEN_SOURCE=600 -Dggml_sycl_EXPORTS -I/home/jianyuzh/ws/llama.cpp/auto_ci/28725/aicss-genai_sycl-graph-record-replay/ggml/src/ggml-sycl/.. -I/home/jianyuzh/ws/llama.cpp/auto_ci/28725/aicss-genai_sycl-graph-record-replay/ggml/src/../include -isystem /opt/intel/oneapi/compiler/2026.1/include -isystem /opt/intel/oneapi/mkl/2026.1/include -O3 -DNDEBUG -std=gnu++17 -fPIC -Xclang -fno-pch-timestamp -Wmissing-declarations -Wmissing-noreturn -Wall -Wextra -Wpedantic -Wcast-qual -Wno-unused-function -Wno-narrowing -fsycl -DMKL_ILP64 -MD -MT ggml/src/ggml-sycl/CMakeFiles/ggml-sycl.dir/template-instances/fattn-vec-instance-q5_1-f16.cpp.o -MF CMakeFiles/ggml-sycl.dir/template-instances/fattn-vec-instance-q5_1-f16.cpp.o.d -o CMakeFiles/ggml-sycl.dir/template-instances/fattn-vec-instance-q5_1-f16.cpp.o -c /home/jianyuzh/ws/llama.cpp/auto_ci/28725/aicss-genai_sycl-graph-record-replay/ggml/src/ggml-sycl/template-instances/fattn-vec-instance-q5_1-f16.cpp
[ 27%] Building CXX object ggml/src/ggml-sycl/CMakeFiles/ggml-sycl.dir/template-instances/fattn-vec-instance-q5_1-q4_0.cpp.o
cd /home/jianyuzh/ws/llama.cpp/auto_ci/28725/aicss-genai_sycl-graph-record-replay/build/ggml/src/ggml-sycl && /opt/intel/oneapi/compiler/2026.1/bin/icpx -DGGML_BACKEND_BUILD -DGGML_BACKEND_SHARED -DGGML_SCHED_MAX_COPIES=4 -DGGML_SHARED -DGGML_SYCL_DNNL=1 -DGGML_SYCL_GRAPH -DGGML_SYCL_HOST_MEM_FALLBACK -DGGML_SYCL_SUPPORT_LEVEL_ZERO_API -DGGML_SYCL_WARP_SIZE=16 -D_GNU_SOURCE -D_XOPEN_SOURCE=600 -Dggml_sycl_EXPORTS -I/home/jianyuzh/ws/llama.cpp/auto_ci/28725/aicss-genai_sycl-graph-record-replay/ggml/src/ggml-sycl/.. -I/home/jianyuzh/ws/llama.cpp/auto_ci/28725/aicss-genai_sycl-graph-record-replay/ggml/src/../include -isystem /opt/intel/oneapi/compiler/2026.1/include -isystem /opt/intel/oneapi/mkl/2026.1/include -O3 -DNDEBUG -std=gnu++17 -fPIC -Xclang -fno-pch-timestamp -Wmissing-declarations -Wmissing-noreturn -Wall -Wextra -Wpedantic -Wcast-qual -Wno-unused-function -Wno-narrowing -fsycl -DMKL_ILP64 -MD -MT ggml/src/ggml-sycl/CMakeFiles/ggml-sycl.dir/template-instances/fattn-vec-instance-q5_1-q4_0.cpp.o -MF CMakeFiles/ggml-sycl.dir/template-instances/fattn-vec-instance-q5_1-q4_0.cpp.o.d -o CMakeFiles/ggml-sycl.dir/template-instances/fattn-vec-instance-q5_1-q4_0.cpp.o -c /home/jianyuzh/ws/llama.cpp/auto_ci/28725/aicss-genai_sycl-graph-record-replay/ggml/src/ggml-sycl/template-instances/fattn-vec-instance-q5_1-q4_0.cpp
[ 27%] Building CXX object ggml/src/ggml-sycl/CMakeFiles/ggml-sycl.dir/template-instances/fattn-vec-instance-q5_1-q4_1.cpp.o
cd /home/jianyuzh/ws/llama.cpp/auto_ci/28725/aicss-genai_sycl-graph-record-replay/build/ggml/src/ggml-sycl && /opt/intel/oneapi/compiler/2026.1/bin/icpx -DGGML_BACKEND_BUILD -DGGML_BACKEND_SHARED -DGGML_SCHED_MAX_COPIES=4 -DGGML_SHARED -DGGML_SYCL_DNNL=1 -DGGML_SYCL_GRAPH -DGGML_SYCL_HOST_MEM_FALLBACK -DGGML_SYCL_SUPPORT_LEVEL_ZERO_API -DGGML_SYCL_WARP_SIZE=16 -D_GNU_SOURCE -D_XOPEN_SOURCE=600 -Dggml_sycl_EXPORTS -I/home/jianyuzh/ws/llama.cpp/auto_ci/28725/aicss-genai_sycl-graph-record-replay/ggml/src/ggml-sycl/.. -I/home/jianyuzh/ws/llama.cpp/auto_ci/28725/aicss-genai_sycl-graph-record-replay/ggml/src/../include -isystem /opt/intel/oneapi/compiler/2026.1/include -isystem /opt/intel/oneapi/mkl/2026.1/include -O3 -DNDEBUG -std=gnu++17 -fPIC -Xclang -fno-pch-timestamp -Wmissing-declarations -Wmissing-noreturn -Wall -Wextra -Wpedantic -Wcast-qual -Wno-unused-function -Wno-narrowing -fsycl -DMKL_ILP64 -MD -MT ggml/src/ggml-sycl/CMakeFiles/ggml-sycl.dir/template-instances/fattn-vec-instance-q5_1-q4_1.cpp.o -MF CMakeFiles/ggml-sycl.dir/template-instances/fattn-vec-instance-q5_1-q4_1.cpp.o.d -o CMakeFiles/ggml-sycl.dir/template-instances/fattn-vec-instance-q5_1-q4_1.cpp.o -c /home/jianyuzh/ws/llama.cpp/auto_ci/28725/aicss-genai_sycl-graph-record-replay/ggml/src/ggml-sycl/template-instances/fattn-vec-instance-q5_1-q4_1.cpp
[ 27%] Building CXX object ggml/src/ggml-sycl/CMakeFiles/ggml-sycl.dir/template-instances/fattn-vec-instance-q5_1-q5_0.cpp.o
cd /home/jianyuzh/ws/llama.cpp/auto_ci/28725/aicss-genai_sycl-graph-record-replay/build/ggml/src/ggml-sycl && /opt/intel/oneapi/compiler/2026.1/bin/icpx -DGGML_BACKEND_BUILD -DGGML_BACKEND_SHARED -DGGML_SCHED_MAX_COPIES=4 -DGGML_SHARED -DGGML_SYCL_DNNL=1 -DGGML_SYCL_GRAPH -DGGML_SYCL_HOST_MEM_FALLBACK -DGGML_SYCL_SUPPORT_LEVEL_ZERO_API -DGGML_SYCL_WARP_SIZE=16 -D_GNU_SOURCE -D_XOPEN_SOURCE=600 -Dggml_sycl_EXPORTS -I/home/jianyuzh/ws/llama.cpp/auto_ci/28725/aicss-genai_sycl-graph-record-replay/ggml/src/ggml-sycl/.. -I/home/jianyuzh/ws/llama.cpp/auto_ci/28725/aicss-genai_sycl-graph-record-replay/ggml/src/../include -isystem /opt/intel/oneapi/compiler/2026.1/include -isystem /opt/intel/oneapi/mkl/2026.1/include -O3 -DNDEBUG -std=gnu++17 -fPIC -Xclang -fno-pch-timestamp -Wmissing-declarations -Wmissing-noreturn -Wall -Wextra -Wpedantic -Wcast-qual -Wno-unused-function -Wno-narrowing -fsycl -DMKL_ILP64 -MD -MT ggml/src/ggml-sycl/CMakeFiles/ggml-sycl.dir/template-instances/fattn-vec-instance-q5_1-q5_0.cpp.o -MF CMakeFiles/ggml-sycl.dir/template-instances/fattn-vec-instance-q5_1-q5_0.cpp.o.d -o CMakeFiles/ggml-sycl.dir/template-instances/fattn-vec-instance-q5_1-q5_0.cpp.o -c /home/jianyuzh/ws/llama.cpp/auto_ci/28725/aicss-genai_sycl-graph-record-replay/ggml/src/ggml-sycl/template-instances/fattn-vec-instance-q5_1-q5_0.cpp
[ 27%] Building CXX object ggml/src/ggml-sycl/CMakeFiles/ggml-sycl.dir/template-instances/fattn-vec-instance-q5_1-q5_1.cpp.o
cd /home/jianyuzh/ws/llama.cpp/auto_ci/28725/aicss-genai_sycl-graph-record-replay/build/ggml/src/ggml-sycl && /opt/intel/oneapi/compiler/2026.1/bin/icpx -DGGML_BACKEND_BUILD -DGGML_BACKEND_SHARED -DGGML_SCHED_MAX_COPIES=4 -DGGML_SHARED -DGGML_SYCL_DNNL=1 -DGGML_SYCL_GRAPH -DGGML_SYCL_HOST_MEM_FALLBACK -DGGML_SYCL_SUPPORT_LEVEL_ZERO_API -DGGML_SYCL_WARP_SIZE=16 -D_GNU_SOURCE -D_XOPEN_SOURCE=600 -Dggml_sycl_EXPORTS -I/home/jianyuzh/ws/llama.cpp/auto_ci/28725/aicss-genai_sycl-graph-record-replay/ggml/src/ggml-sycl/.. -I/home/jianyuzh/ws/llama.cpp/auto_ci/28725/aicss-genai_sycl-graph-record-replay/ggml/src/../include -isystem /opt/intel/oneapi/compiler/2026.1/include -isystem /opt/intel/oneapi/mkl/2026.1/include -O3 -DNDEBUG -std=gnu++17 -fPIC -Xclang -fno-pch-timestamp -Wmissing-declarations -Wmissing-noreturn -Wall -Wextra -Wpedantic -Wcast-qual -Wno-unused-function -Wno-narrowing -fsycl -DMKL_ILP64 -MD -MT ggml/src/ggml-sycl/CMakeFiles/ggml-sycl.dir/template-instances/fattn-vec-instance-q5_1-q5_1.cpp.o -MF CMakeFiles/ggml-sycl.dir/template-instances/fattn-vec-instance-q5_1-q5_1.cpp.o.d -o CMakeFiles/ggml-sycl.dir/template-instances/fattn-vec-instance-q5_1-q5_1.cpp.o -c /home/jianyuzh/ws/llama.cpp/auto_ci/28725/aicss-genai_sycl-graph-record-replay/ggml/src/ggml-sycl/template-instances/fattn-vec-instance-q5_1-q5_1.cpp
[ 27%] Building CXX object ggml/src/ggml-sycl/CMakeFiles/ggml-sycl.dir/template-instances/fattn-vec-instance-q5_1-q8_0.cpp.o
cd /home/jianyuzh/ws/llama.cpp/auto_ci/28725/aicss-genai_sycl-graph-record-replay/build/ggml/src/ggml-sycl && /opt/intel/oneapi/compiler/2026.1/bin/icpx -DGGML_BACKEND_BUILD -DGGML_BACKEND_SHARED -DGGML_SCHED_MAX_COPIES=4 -DGGML_SHARED -DGGML_SYCL_DNNL=1 -DGGML_SYCL_GRAPH -DGGML_SYCL_HOST_MEM_FALLBACK -DGGML_SYCL_SUPPORT_LEVEL_ZERO_API -DGGML_SYCL_WARP_SIZE=16 -D_GNU_SOURCE -D_XOPEN_SOURCE=600 -Dggml_sycl_EXPORTS -I/home/jianyuzh/ws/llama.cpp/auto_ci/28725/aicss-genai_sycl-graph-record-replay/ggml/src/ggml-sycl/.. -I/home/jianyuzh/ws/llama.cpp/auto_ci/28725/aicss-genai_sycl-graph-record-replay/ggml/src/../include -isystem /opt/intel/oneapi/compiler/2026.1/include -isystem /opt/intel/oneapi/mkl/2026.1/include -O3 -DNDEBUG -std=gnu++17 -fPIC -Xclang -fno-pch-timestamp -Wmissing-declarations -Wmissing-noreturn -Wall -Wextra -Wpedantic -Wcast-qual -Wno-unused-function -Wno-narrowing -fsycl -DMKL_ILP64 -MD -MT ggml/src/ggml-sycl/CMakeFiles/ggml-sycl.dir/template-instances/fattn-vec-instance-q5_1-q8_0.cpp.o -MF CMakeFiles/ggml-sycl.dir/template-instances/fattn-vec-instance-q5_1-q8_0.cpp.o.d -o CMakeFiles/ggml-sycl.dir/template-instances/fattn-vec-instance-q5_1-q8_0.cpp.o -c /home/jianyuzh/ws/llama.cpp/auto_ci/28725/aicss-genai_sycl-graph-record-replay/ggml/src/ggml-sycl/template-instances/fattn-vec-instance-q5_1-q8_0.cpp
[ 28%] Building CXX object ggml/src/ggml-sycl/CMakeFiles/ggml-sycl.dir/template-instances/fattn-vec-instance-q8_0-f16.cpp.o
cd /home/jianyuzh/ws/llama.cpp/auto_ci/28725/aicss-genai_sycl-graph-record-replay/build/ggml/src/ggml-sycl && /opt/intel/oneapi/compiler/2026.1/bin/icpx -DGGML_BACKEND_BUILD -DGGML_BACKEND_SHARED -DGGML_SCHED_MAX_COPIES=4 -DGGML_SHARED -DGGML_SYCL_DNNL=1 -DGGML_SYCL_GRAPH -DGGML_SYCL_HOST_MEM_FALLBACK -DGGML_SYCL_SUPPORT_LEVEL_ZERO_API -DGGML_SYCL_WARP_SIZE=16 -D_GNU_SOURCE -D_XOPEN_SOURCE=600 -Dggml_sycl_EXPORTS -I/home/jianyuzh/ws/llama.cpp/auto_ci/28725/aicss-genai_sycl-graph-record-replay/ggml/src/ggml-sycl/.. -I/home/jianyuzh/ws/llama.cpp/auto_ci/28725/aicss-genai_sycl-graph-record-replay/ggml/src/../include -isystem /opt/intel/oneapi/compiler/2026.1/include -isystem /opt/intel/oneapi/mkl/2026.1/include -O3 -DNDEBUG -std=gnu++17 -fPIC -Xclang -fno-pch-timestamp -Wmissing-declarations -Wmissing-noreturn -Wall -Wextra -Wpedantic -Wcast-qual -Wno-unused-function -Wno-narrowing -fsycl -DMKL_ILP64 -MD -MT ggml/src/ggml-sycl/CMakeFiles/ggml-sycl.dir/template-instances/fattn-vec-instance-q8_0-f16.cpp.o -MF CMakeFiles/ggml-sycl.dir/template-instances/fattn-vec-instance-q8_0-f16.cpp.o.d -o CMakeFiles/ggml-sycl.dir/template-instances/fattn-vec-instance-q8_0-f16.cpp.o -c /home/jianyuzh/ws/llama.cpp/auto_ci/28725/aicss-genai_sycl-graph-record-replay/ggml/src/ggml-sycl/template-instances/fattn-vec-instance-q8_0-f16.cpp
[ 28%] Building CXX object ggml/src/ggml-sycl/CMakeFiles/ggml-sycl.dir/template-instances/fattn-vec-instance-q8_0-q4_0.cpp.o
cd /home/jianyuzh/ws/llama.cpp/auto_ci/28725/aicss-genai_sycl-graph-record-replay/build/ggml/src/ggml-sycl && /opt/intel/oneapi/compiler/2026.1/bin/icpx -DGGML_BACKEND_BUILD -DGGML_BACKEND_SHARED -DGGML_SCHED_MAX_COPIES=4 -DGGML_SHARED -DGGML_SYCL_DNNL=1 -DGGML_SYCL_GRAPH -DGGML_SYCL_HOST_MEM_FALLBACK -DGGML_SYCL_SUPPORT_LEVEL_ZERO_API -DGGML_SYCL_WARP_SIZE=16 -D_GNU_SOURCE -D_XOPEN_SOURCE=600 -Dggml_sycl_EXPORTS -I/home/jianyuzh/ws/llama.cpp/auto_ci/28725/aicss-genai_sycl-graph-record-replay/ggml/src/ggml-sycl/.. -I/home/jianyuzh/ws/llama.cpp/auto_ci/28725/aicss-genai_sycl-graph-record-replay/ggml/src/../include -isystem /opt/intel/oneapi/compiler/2026.1/include -isystem /opt/intel/oneapi/mkl/2026.1/include -O3 -DNDEBUG -std=gnu++17 -fPIC -Xclang -fno-pch-timestamp -Wmissing-declarations -Wmissing-noreturn -Wall -Wextra -Wpedantic -Wcast-qual -Wno-unused-function -Wno-narrowing -fsycl -DMKL_ILP64 -MD -MT ggml/src/ggml-sycl/CMakeFiles/ggml-sycl.dir/template-instances/fattn-vec-instance-q8_0-q4_0.cpp.o -MF CMakeFiles/ggml-sycl.dir/template-instances/fattn-vec-instance-q8_0-q4_0.cpp.o.d -o CMakeFiles/ggml-sycl.dir/template-instances/fattn-vec-instance-q8_0-q4_0.cpp.o -c /home/jianyuzh/ws/llama.cpp/auto_ci/28725/aicss-genai_sycl-graph-record-replay/ggml/src/ggml-sycl/template-instances/fattn-vec-instance-q8_0-q4_0.cpp
[ 28%] Building CXX object ggml/src/ggml-sycl/CMakeFiles/ggml-sycl.dir/template-instances/fattn-vec-instance-q8_0-q4_1.cpp.o
cd /home/jianyuzh/ws/llama.cpp/auto_ci/28725/aicss-genai_sycl-graph-record-replay/build/ggml/src/ggml-sycl && /opt/intel/oneapi/compiler/2026.1/bin/icpx -DGGML_BACKEND_BUILD -DGGML_BACKEND_SHARED -DGGML_SCHED_MAX_COPIES=4 -DGGML_SHARED -DGGML_SYCL_DNNL=1 -DGGML_SYCL_GRAPH -DGGML_SYCL_HOST_MEM_FALLBACK -DGGML_SYCL_SUPPORT_LEVEL_ZERO_API -DGGML_SYCL_WARP_SIZE=16 -D_GNU_SOURCE -D_XOPEN_SOURCE=600 -Dggml_sycl_EXPORTS -I/home/jianyuzh/ws/llama.cpp/auto_ci/28725/aicss-genai_sycl-graph-record-replay/ggml/src/ggml-sycl/.. -I/home/jianyuzh/ws/llama.cpp/auto_ci/28725/aicss-genai_sycl-graph-record-replay/ggml/src/../include -isystem /opt/intel/oneapi/compiler/2026.1/include -isystem /opt/intel/oneapi/mkl/2026.1/include -O3 -DNDEBUG -std=gnu++17 -fPIC -Xclang -fno-pch-timestamp -Wmissing-declarations -Wmissing-noreturn -Wall -Wextra -Wpedantic -Wcast-qual -Wno-unused-function -Wno-narrowing -fsycl -DMKL_ILP64 -MD -MT ggml/src/ggml-sycl/CMakeFiles/ggml-sycl.dir/template-instances/fattn-vec-instance-q8_0-q4_1.cpp.o -MF CMakeFiles/ggml-sycl.dir/template-instances/fattn-vec-instance-q8_0-q4_1.cpp.o.d -o CMakeFiles/ggml-sycl.dir/template-instances/fattn-vec-instance-q8_0-q4_1.cpp.o -c /home/jianyuzh/ws/llama.cpp/auto_ci/28725/aicss-genai_sycl-graph-record-replay/ggml/src/ggml-sycl/template-instances/fattn-vec-instance-q8_0-q4_1.cpp
[ 28%] Building CXX object ggml/src/ggml-sycl/CMakeFiles/ggml-sycl.dir/template-instances/fattn-vec-instance-q8_0-q5_0.cpp.o
cd /home/jianyuzh/ws/llama.cpp/auto_ci/28725/aicss-genai_sycl-graph-record-replay/build/ggml/src/ggml-sycl && /opt/intel/oneapi/compiler/2026.1/bin/icpx -DGGML_BACKEND_BUILD -DGGML_BACKEND_SHARED -DGGML_SCHED_MAX_COPIES=4 -DGGML_SHARED -DGGML_SYCL_DNNL=1 -DGGML_SYCL_GRAPH -DGGML_SYCL_HOST_MEM_FALLBACK -DGGML_SYCL_SUPPORT_LEVEL_ZERO_API -DGGML_SYCL_WARP_SIZE=16 -D_GNU_SOURCE -D_XOPEN_SOURCE=600 -Dggml_sycl_EXPORTS -I/home/jianyuzh/ws/llama.cpp/auto_ci/28725/aicss-genai_sycl-graph-record-replay/ggml/src/ggml-sycl/.. -I/home/jianyuzh/ws/llama.cpp/auto_ci/28725/aicss-genai_sycl-graph-record-replay/ggml/src/../include -isystem /opt/intel/oneapi/compiler/2026.1/include -isystem /opt/intel/oneapi/mkl/2026.1/include -O3 -DNDEBUG -std=gnu++17 -fPIC -Xclang -fno-pch-timestamp -Wmissing-declarations -Wmissing-noreturn -Wall -Wextra -Wpedantic -Wcast-qual -Wno-unused-function -Wno-narrowing -fsycl -DMKL_ILP64 -MD -MT ggml/src/ggml-sycl/CMakeFiles/ggml-sycl.dir/template-instances/fattn-vec-instance-q8_0-q5_0.cpp.o -MF CMakeFiles/ggml-sycl.dir/template-instances/fattn-vec-instance-q8_0-q5_0.cpp.o.d -o CMakeFiles/ggml-sycl.dir/template-instances/fattn-vec-instance-q8_0-q5_0.cpp.o -c /home/jianyuzh/ws/llama.cpp/auto_ci/28725/aicss-genai_sycl-graph-record-replay/ggml/src/ggml-sycl/template-instances/fattn-vec-instance-q8_0-q5_0.cpp
[ 28%] Building CXX object ggml/src/ggml-sycl/CMakeFiles/ggml-sycl.dir/template-instances/fattn-vec-instance-q8_0-q5_1.cpp.o
cd /home/jianyuzh/ws/llama.cpp/auto_ci/28725/aicss-genai_sycl-graph-record-replay/build/ggml/src/ggml-sycl && /opt/intel/oneapi/compiler/2026.1/bin/icpx -DGGML_BACKEND_BUILD -DGGML_BACKEND_SHARED -DGGML_SCHED_MAX_COPIES=4 -DGGML_SHARED -DGGML_SYCL_DNNL=1 -DGGML_SYCL_GRAPH -DGGML_SYCL_HOST_MEM_FALLBACK -DGGML_SYCL_SUPPORT_LEVEL_ZERO_API -DGGML_SYCL_WARP_SIZE=16 -D_GNU_SOURCE -D_XOPEN_SOURCE=600 -Dggml_sycl_EXPORTS -I/home/jianyuzh/ws/llama.cpp/auto_ci/28725/aicss-genai_sycl-graph-record-replay/ggml/src/ggml-sycl/.. -I/home/jianyuzh/ws/llama.cpp/auto_ci/28725/aicss-genai_sycl-graph-record-replay/ggml/src/../include -isystem /opt/intel/oneapi/compiler/2026.1/include -isystem /opt/intel/oneapi/mkl/2026.1/include -O3 -DNDEBUG -std=gnu++17 -fPIC -Xclang -fno-pch-timestamp -Wmissing-declarations -Wmissing-noreturn -Wall -Wextra -Wpedantic -Wcast-qual -Wno-unused-function -Wno-narrowing -fsycl -DMKL_ILP64 -MD -MT ggml/src/ggml-sycl/CMakeFiles/ggml-sycl.dir/template-instances/fattn-vec-instance-q8_0-q5_1.cpp.o -MF CMakeFiles/ggml-sycl.dir/template-instances/fattn-vec-instance-q8_0-q5_1.cpp.o.d -o CMakeFiles/ggml-sycl.dir/template-instances/fattn-vec-instance-q8_0-q5_1.cpp.o -c /home/jianyuzh/ws/llama.cpp/auto_ci/28725/aicss-genai_sycl-graph-record-replay/ggml/src/ggml-sycl/template-instances/fattn-vec-instance-q8_0-q5_1.cpp
[ 29%] Building CXX object ggml/src/ggml-sycl/CMakeFiles/ggml-sycl.dir/template-instances/fattn-vec-instance-q8_0-q8_0.cpp.o
cd /home/jianyuzh/ws/llama.cpp/auto_ci/28725/aicss-genai_sycl-graph-record-replay/build/ggml/src/ggml-sycl && /opt/intel/oneapi/compiler/2026.1/bin/icpx -DGGML_BACKEND_BUILD -DGGML_BACKEND_SHARED -DGGML_SCHED_MAX_COPIES=4 -DGGML_SHARED -DGGML_SYCL_DNNL=1 -DGGML_SYCL_GRAPH -DGGML_SYCL_HOST_MEM_FALLBACK -DGGML_SYCL_SUPPORT_LEVEL_ZERO_API -DGGML_SYCL_WARP_SIZE=16 -D_GNU_SOURCE -D_XOPEN_SOURCE=600 -Dggml_sycl_EXPORTS -I/home/jianyuzh/ws/llama.cpp/auto_ci/28725/aicss-genai_sycl-graph-record-replay/ggml/src/ggml-sycl/.. -I/home/jianyuzh/ws/llama.cpp/auto_ci/28725/aicss-genai_sycl-graph-record-replay/ggml/src/../include -isystem /opt/intel/oneapi/compiler/2026.1/include -isystem /opt/intel/oneapi/mkl/2026.1/include -O3 -DNDEBUG -std=gnu++17 -fPIC -Xclang -fno-pch-timestamp -Wmissing-declarations -Wmissing-noreturn -Wall -Wextra -Wpedantic -Wcast-qual -Wno-unused-function -Wno-narrowing -fsycl -DMKL_ILP64 -MD -MT ggml/src/ggml-sycl/CMakeFiles/ggml-sycl.dir/template-instances/fattn-vec-instance-q8_0-q8_0.cpp.o -MF CMakeFiles/ggml-sycl.dir/template-instances/fattn-vec-instance-q8_0-q8_0.cpp.o.d -o CMakeFiles/ggml-sycl.dir/template-instances/fattn-vec-instance-q8_0-q8_0.cpp.o -c /home/jianyuzh/ws/llama.cpp/auto_ci/28725/aicss-genai_sycl-graph-record-replay/ggml/src/ggml-sycl/template-instances/fattn-vec-instance-q8_0-q8_0.cpp
[ 29%] Linking CXX shared library ../../../bin/libggml-sycl.so
cd /home/jianyuzh/ws/llama.cpp/auto_ci/28725/aicss-genai_sycl-graph-record-replay/build/ggml/src/ggml-sycl && /usr/bin/cmake -E cmake_link_script CMakeFiles/ggml-sycl.dir/link.txt --verbose=1
/opt/intel/oneapi/compiler/2026.1/bin/icpx -fPIC -O3 -DNDEBUG -shared -Xs -ze-intel-greater-than-4GB-buffer-required -fsycl -Wl,--dependency-file=CMakeFiles/ggml-sycl.dir/link.d -Wl,-soname,libggml-sycl.so.0 -o ../../../bin/libggml-sycl.so.0.24.0 "CMakeFiles/ggml-sycl.dir/ggml-sycl.cpp.o" "CMakeFiles/ggml-sycl.dir/add-id.cpp.o" "CMakeFiles/ggml-sycl.dir/binbcast.cpp.o" "CMakeFiles/ggml-sycl.dir/col2im-1d.cpp.o" "CMakeFiles/ggml-sycl.dir/common.cpp.o" "CMakeFiles/ggml-sycl.dir/concat.cpp.o" "CMakeFiles/ggml-sycl.dir/conv.cpp.o" "CMakeFiles/ggml-sycl.dir/conv2d-dw.cpp.o" "CMakeFiles/ggml-sycl.dir/conv2d-transpose.cpp.o" "CMakeFiles/ggml-sycl.dir/conv2d.cpp.o" "CMakeFiles/ggml-sycl.dir/conv3d.cpp.o" "CMakeFiles/ggml-sycl.dir/convert.cpp.o" "CMakeFiles/ggml-sycl.dir/count-equal.cpp.o" "CMakeFiles/ggml-sycl.dir/cpy.cpp.o" "CMakeFiles/ggml-sycl.dir/cross_entropy_loss.cpp.o" "CMakeFiles/ggml-sycl.dir/cumsum.cpp.o" "CMakeFiles/ggml-sycl.dir/diag.cpp.o" "CMakeFiles/ggml-sycl.dir/dmmv.cpp.o" "CMakeFiles/ggml-sycl.dir/dsv4-hc.cpp.o" "CMakeFiles/ggml-sycl.dir/element_wise.cpp.o" "CMakeFiles/ggml-sycl.dir/fattn-buffers.cpp.o" "CMakeFiles/ggml-sycl.dir/fattn-mkl.cpp.o" "CMakeFiles/ggml-sycl.dir/fattn-onednn.cpp.o" "CMakeFiles/ggml-sycl.dir/fattn-tile.cpp.o" "CMakeFiles/ggml-sycl.dir/fattn.cpp.o" "CMakeFiles/ggml-sycl.dir/fill.cpp.o" "CMakeFiles/ggml-sycl.dir/fusion.cpp.o" "CMakeFiles/ggml-sycl.dir/fwht.cpp.o" "CMakeFiles/ggml-sycl.dir/gated_delta_net.cpp.o" "CMakeFiles/ggml-sycl.dir/getrows.cpp.o" "CMakeFiles/ggml-sycl.dir/gla.cpp.o" "CMakeFiles/ggml-sycl.dir/im2col.cpp.o" "CMakeFiles/ggml-sycl.dir/lightning-indexer.cpp.o" "CMakeFiles/ggml-sycl.dir/mem.cpp.o" "CMakeFiles/ggml-sycl.dir/memtrace.cpp.o" "CMakeFiles/ggml-sycl.dir/mmq.cpp.o" "CMakeFiles/ggml-sycl.dir/mmvq.cpp.o" "CMakeFiles/ggml-sycl.dir/norm.cpp.o" "CMakeFiles/ggml-sycl.dir/opt-step.cpp.o" "CMakeFiles/ggml-sycl.dir/outprod.cpp.o" "CMakeFiles/ggml-sycl.dir/pad.cpp.o" "CMakeFiles/ggml-sycl.dir/pad_reflect_1d.cpp.o" "CMakeFiles/ggml-sycl.dir/pool.cpp.o" "CMakeFiles/ggml-sycl.dir/repeat_back.cpp.o" "CMakeFiles/ggml-sycl.dir/roll.cpp.o" "CMakeFiles/ggml-sycl.dir/rope.cpp.o" "CMakeFiles/ggml-sycl.dir/set.cpp.o" "CMakeFiles/ggml-sycl.dir/set_rows.cpp.o" "CMakeFiles/ggml-sycl.dir/softmax.cpp.o" "CMakeFiles/ggml-sycl.dir/solve_tri.cpp.o" "CMakeFiles/ggml-sycl.dir/ssm_conv.cpp.o" "CMakeFiles/ggml-sycl.dir/ssm_scan.cpp.o" "CMakeFiles/ggml-sycl.dir/sycl_hw.cpp.o" "CMakeFiles/ggml-sycl.dir/topk-moe.cpp.o" "CMakeFiles/ggml-sycl.dir/topk-radix.cpp.o" "CMakeFiles/ggml-sycl.dir/tsembd.cpp.o" "CMakeFiles/ggml-sycl.dir/upscale.cpp.o" "CMakeFiles/ggml-sycl.dir/wkv.cpp.o" "CMakeFiles/ggml-sycl.dir/template-instances/fattn-tile-instance-dkq112-dv112.cpp.o" "CMakeFiles/ggml-sycl.dir/template-instances/fattn-tile-instance-dkq128-dv128.cpp.o" "CMakeFiles/ggml-sycl.dir/template-instances/fattn-tile-instance-dkq256-dv256.cpp.o" "CMakeFiles/ggml-sycl.dir/template-instances/fattn-tile-instance-dkq40-dv40.cpp.o" "CMakeFiles/ggml-sycl.dir/template-instances/fattn-tile-instance-dkq512-dv512.cpp.o" "CMakeFiles/ggml-sycl.dir/template-instances/fattn-tile-instance-dkq576-dv512.cpp.o" "CMakeFiles/ggml-sycl.dir/template-instances/fattn-tile-instance-dkq64-dv64.cpp.o" "CMakeFiles/ggml-sycl.dir/template-instances/fattn-tile-instance-dkq72-dv72.cpp.o" "CMakeFiles/ggml-sycl.dir/template-instances/fattn-tile-instance-dkq80-dv80.cpp.o" "CMakeFiles/ggml-sycl.dir/template-instances/fattn-tile-instance-dkq96-dv96.cpp.o" "CMakeFiles/ggml-sycl.dir/template-instances/fattn-vec-instance-f16-f16.cpp.o" "CMakeFiles/ggml-sycl.dir/template-instances/fattn-vec-instance-f16-q4_0.cpp.o" "CMakeFiles/ggml-sycl.dir/template-instances/fattn-vec-instance-f16-q4_1.cpp.o" "CMakeFiles/ggml-sycl.dir/template-instances/fattn-vec-instance-f16-q5_0.cpp.o" "CMakeFiles/ggml-sycl.dir/template-instances/fattn-vec-instance-f16-q5_1.cpp.o" "CMakeFiles/ggml-sycl.dir/template-instances/fattn-vec-instance-f16-q8_0.cpp.o" "CMakeFiles/ggml-sycl.dir/template-instances/fattn-vec-instance-q4_0-f16.cpp.o" "CMakeFiles/ggml-sycl.dir/template-instances/fattn-vec-instance-q4_0-q4_0.cpp.o" "CMakeFiles/ggml-sycl.dir/template-instances/fattn-vec-instance-q4_0-q4_1.cpp.o" "CMakeFiles/ggml-sycl.dir/template-instances/fattn-vec-instance-q4_0-q5_0.cpp.o" "CMakeFiles/ggml-sycl.dir/template-instances/fattn-vec-instance-q4_0-q5_1.cpp.o" "CMakeFiles/ggml-sycl.dir/template-instances/fattn-vec-instance-q4_0-q8_0.cpp.o" "CMakeFiles/ggml-sycl.dir/template-instances/fattn-vec-instance-q4_1-f16.cpp.o" "CMakeFiles/ggml-sycl.dir/template-instances/fattn-vec-instance-q4_1-q4_0.cpp.o" "CMakeFiles/ggml-sycl.dir/template-instances/fattn-vec-instance-q4_1-q4_1.cpp.o" "CMakeFiles/ggml-sycl.dir/template-instances/fattn-vec-instance-q4_1-q5_0.cpp.o" "CMakeFiles/ggml-sycl.dir/template-instances/fattn-vec-instance-q4_1-q5_1.cpp.o" "CMakeFiles/ggml-sycl.dir/template-instances/fattn-vec-instance-q4_1-q8_0.cpp.o" "CMakeFiles/ggml-sycl.dir/template-instances/fattn-vec-instance-q5_0-f16.cpp.o" "CMakeFiles/ggml-sycl.dir/template-instances/fattn-vec-instance-q5_0-q4_0.cpp.o" "CMakeFiles/ggml-sycl.dir/template-instances/fattn-vec-instance-q5_0-q4_1.cpp.o" "CMakeFiles/ggml-sycl.dir/template-instances/fattn-vec-instance-q5_0-q5_0.cpp.o" "CMakeFiles/ggml-sycl.dir/template-instances/fattn-vec-instance-q5_0-q5_1.cpp.o" "CMakeFiles/ggml-sycl.dir/template-instances/fattn-vec-instance-q5_0-q8_0.cpp.o" "CMakeFiles/ggml-sycl.dir/template-instances/fattn-vec-instance-q5_1-f16.cpp.o" "CMakeFiles/ggml-sycl.dir/template-instances/fattn-vec-instance-q5_1-q4_0.cpp.o" "CMakeFiles/ggml-sycl.dir/template-instances/fattn-vec-instance-q5_1-q4_1.cpp.o" "CMakeFiles/ggml-sycl.dir/template-instances/fattn-vec-instance-q5_1-q5_0.cpp.o" "CMakeFiles/ggml-sycl.dir/template-instances/fattn-vec-instance-q5_1-q5_1.cpp.o" "CMakeFiles/ggml-sycl.dir/template-instances/fattn-vec-instance-q5_1-q8_0.cpp.o" "CMakeFiles/ggml-sycl.dir/template-instances/fattn-vec-instance-q8_0-f16.cpp.o" "CMakeFiles/ggml-sycl.dir/template-instances/fattn-vec-instance-q8_0-q4_0.cpp.o" "CMakeFiles/ggml-sycl.dir/template-instances/fattn-vec-instance-q8_0-q4_1.cpp.o" "CMakeFiles/ggml-sycl.dir/template-instances/fattn-vec-instance-q8_0-q5_0.cpp.o" "CMakeFiles/ggml-sycl.dir/template-instances/fattn-vec-instance-q8_0-q5_1.cpp.o" "CMakeFiles/ggml-sycl.dir/template-instances/fattn-vec-instance-q8_0-q8_0.cpp.o"  -Wl,-rpath,/home/jianyuzh/ws/llama.cpp/auto_ci/28725/aicss-genai_sycl-graph-record-replay/build/bin: ../../../bin/libggml-base.so.0.24.0 /usr/lib/x86_64-linux-gnu/libze_loader.so /opt/intel/oneapi/dnnl/2026.0/lib/libdnnl.so.3.11 /opt/intel/oneapi/compiler/2026.1/lib/libsycl.so /opt/intel/oneapi/tbb/2023.1/lib/intel64/gcc4.8/libtbb.so.12 -ldl -fsycl -fsycl-allow-device-image-dependencies -Wl,-rpath=/opt/intel/oneapi/mkl/2026.1/lib /opt/intel/oneapi/mkl/2026.1/lib/libmkl_sycl_blas.so /opt/intel/oneapi/mkl/2026.1/lib/libmkl_intel_ilp64.so /opt/intel/oneapi/mkl/2026.1/lib/libmkl_tbb_thread.so /opt/intel/oneapi/mkl/2026.1/lib/libmkl_core.so /opt/intel/oneapi/tbb/2023.1/lib/intel64/gcc4.8/libtbb.so.12 -Wl,-rpath,/opt/intel/oneapi/tbb/2023.1/lib/intel64/gcc4.8 -L/opt/intel/oneapi/tbb/2023.1/lib/intel64/gcc4.8 -ltbb -lm -ldl -lpthread
cd /home/jianyuzh/ws/llama.cpp/auto_ci/28725/aicss-genai_sycl-graph-record-replay/build/ggml/src/ggml-sycl && /usr/bin/cmake -E cmake_symlink_library ../../../bin/libggml-sycl.so.0.24.0 ../../../bin/libggml-sycl.so.0 ../../../bin/libggml-sycl.so
gmake[2]: Leaving directory '/home/jianyuzh/ws/llama.cpp/auto_ci/28725/aicss-genai_sycl-graph-record-replay/build'
[ 29%] Built target ggml-sycl
/usr/bin/gmake  -f ggml/src/CMakeFiles/ggml.dir/build.make ggml/src/CMakeFiles/ggml.dir/depend
gmake[2]: Entering directory '/home/jianyuzh/ws/llama.cpp/auto_ci/28725/aicss-genai_sycl-graph-record-replay/build'
cd /home/jianyuzh/ws/llama.cpp/auto_ci/28725/aicss-genai_sycl-graph-record-replay/build && /usr/bin/cmake -E cmake_depends "Unix Makefiles" /home/jianyuzh/ws/llama.cpp/auto_ci/28725/aicss-genai_sycl-graph-record-replay /home/jianyuzh/ws/llama.cpp/auto_ci/28725/aicss-genai_sycl-graph-record-replay/ggml/src /home/jianyuzh/ws/llama.cpp/auto_ci/28725/aicss-genai_sycl-graph-record-replay/build /home/jianyuzh/ws/llama.cpp/auto_ci/28725/aicss-genai_sycl-graph-record-replay/build/ggml/src /home/jianyuzh/ws/llama.cpp/auto_ci/28725/aicss-genai_sycl-graph-record-replay/build/ggml/src/CMakeFiles/ggml.dir/DependInfo.cmake "--color=" ggml
gmake[2]: Leaving directory '/home/jianyuzh/ws/llama.cpp/auto_ci/28725/aicss-genai_sycl-graph-record-replay/build'
/usr/bin/gmake  -f ggml/src/CMakeFiles/ggml.dir/build.make ggml/src/CMakeFiles/ggml.dir/build
gmake[2]: Entering directory '/home/jianyuzh/ws/llama.cpp/auto_ci/28725/aicss-genai_sycl-graph-record-replay/build'
[ 29%] Building CXX object ggml/src/CMakeFiles/ggml.dir/ggml-backend-dl.cpp.o
[ 29%] Building CXX object ggml/src/CMakeFiles/ggml.dir/ggml-backend-reg.cpp.o
cd /home/jianyuzh/ws/llama.cpp/auto_ci/28725/aicss-genai_sycl-graph-record-replay/build/ggml/src && /opt/intel/oneapi/compiler/2026.1/bin/icpx -DGGML_BACKEND_SHARED -DGGML_BUILD -DGGML_SCHED_MAX_COPIES=4 -DGGML_SHARED -DGGML_USE_CPU -DGGML_USE_SYCL -D_GNU_SOURCE -D_XOPEN_SOURCE=600 -Dggml_EXPORTS -I/home/jianyuzh/ws/llama.cpp/auto_ci/28725/aicss-genai_sycl-graph-record-replay/ggml/src/../include -O3 -DNDEBUG -std=gnu++17 -fPIC -Xclang -fno-pch-timestamp -Wmissing-declarations -Wmissing-noreturn -Wall -Wextra -Wpedantic -Wcast-qual -Wno-unused-function -MD -MT ggml/src/CMakeFiles/ggml.dir/ggml-backend-dl.cpp.o -MF CMakeFiles/ggml.dir/ggml-backend-dl.cpp.o.d -o CMakeFiles/ggml.dir/ggml-backend-dl.cpp.o -c /home/jianyuzh/ws/llama.cpp/auto_ci/28725/aicss-genai_sycl-graph-record-replay/ggml/src/ggml-backend-dl.cpp
cd /home/jianyuzh/ws/llama.cpp/auto_ci/28725/aicss-genai_sycl-graph-record-replay/build/ggml/src && /opt/intel/oneapi/compiler/2026.1/bin/icpx -DGGML_BACKEND_SHARED -DGGML_BUILD -DGGML_SCHED_MAX_COPIES=4 -DGGML_SHARED -DGGML_USE_CPU -DGGML_USE_SYCL -D_GNU_SOURCE -D_XOPEN_SOURCE=600 -Dggml_EXPORTS -I/home/jianyuzh/ws/llama.cpp/auto_ci/28725/aicss-genai_sycl-graph-record-replay/ggml/src/../include -O3 -DNDEBUG -std=gnu++17 -fPIC -Xclang -fno-pch-timestamp -Wmissing-declarations -Wmissing-noreturn -Wall -Wextra -Wpedantic -Wcast-qual -Wno-unused-function -MD -MT ggml/src/CMakeFiles/ggml.dir/ggml-backend-reg.cpp.o -MF CMakeFiles/ggml.dir/ggml-backend-reg.cpp.o.d -o CMakeFiles/ggml.dir/ggml-backend-reg.cpp.o -c /home/jianyuzh/ws/llama.cpp/auto_ci/28725/aicss-genai_sycl-graph-record-replay/ggml/src/ggml-backend-reg.cpp
[ 29%] Linking CXX shared library ../../bin/libggml.so
cd /home/jianyuzh/ws/llama.cpp/auto_ci/28725/aicss-genai_sycl-graph-record-replay/build/ggml/src && /usr/bin/cmake -E cmake_link_script CMakeFiles/ggml.dir/link.txt --verbose=1
/opt/intel/oneapi/compiler/2026.1/bin/icpx -fPIC -O3 -DNDEBUG -shared -Wl,--dependency-file=CMakeFiles/ggml.dir/link.d -Wl,-soname,libggml.so.0 -o ../../bin/libggml.so.0.24.0 "CMakeFiles/ggml.dir/ggml-backend-dl.cpp.o" "CMakeFiles/ggml.dir/ggml-backend-reg.cpp.o"  -Wl,-rpath,/home/jianyuzh/ws/llama.cpp/auto_ci/28725/aicss-genai_sycl-graph-record-replay/build/bin: -ldl ../../bin/libggml-cpu.so.0.24.0 ../../bin/libggml-sycl.so.0.24.0 ../../bin/libggml-base.so.0.24.0 -ldl
cd /home/jianyuzh/ws/llama.cpp/auto_ci/28725/aicss-genai_sycl-graph-record-replay/build/ggml/src && /usr/bin/cmake -E cmake_symlink_library ../../bin/libggml.so.0.24.0 ../../bin/libggml.so.0 ../../bin/libggml.so
gmake[2]: Leaving directory '/home/jianyuzh/ws/llama.cpp/auto_ci/28725/aicss-genai_sycl-graph-record-replay/build'
[ 29%] Built target ggml
/usr/bin/gmake  -f src/CMakeFiles/llama.dir/build.make src/CMakeFiles/llama.dir/depend
/usr/bin/gmake  -f examples/gguf-hash/CMakeFiles/llama-gguf-hash.dir/build.make examples/gguf-hash/CMakeFiles/llama-gguf-hash.dir/depend
/usr/bin/gmake  -f examples/gguf/CMakeFiles/llama-gguf.dir/build.make examples/gguf/CMakeFiles/llama-gguf.dir/depend
gmake[2]: Entering directory '/home/jianyuzh/ws/llama.cpp/auto_ci/28725/aicss-genai_sycl-graph-record-replay/build'
cd /home/jianyuzh/ws/llama.cpp/auto_ci/28725/aicss-genai_sycl-graph-record-replay/build && /usr/bin/cmake -E cmake_depends "Unix Makefiles" /home/jianyuzh/ws/llama.cpp/auto_ci/28725/aicss-genai_sycl-graph-record-replay /home/jianyuzh/ws/llama.cpp/auto_ci/28725/aicss-genai_sycl-graph-record-replay/examples/gguf-hash /home/jianyuzh/ws/llama.cpp/auto_ci/28725/aicss-genai_sycl-graph-record-replay/build /home/jianyuzh/ws/llama.cpp/auto_ci/28725/aicss-genai_sycl-graph-record-replay/build/examples/gguf-hash /home/jianyuzh/ws/llama.cpp/auto_ci/28725/aicss-genai_sycl-graph-record-replay/build/examples/gguf-hash/CMakeFiles/llama-gguf-hash.dir/DependInfo.cmake "--color=" llama-gguf-hash
gmake[2]: Entering directory '/home/jianyuzh/ws/llama.cpp/auto_ci/28725/aicss-genai_sycl-graph-record-replay/build'
cd /home/jianyuzh/ws/llama.cpp/auto_ci/28725/aicss-genai_sycl-graph-record-replay/build && /usr/bin/cmake -E cmake_depends "Unix Makefiles" /home/jianyuzh/ws/llama.cpp/auto_ci/28725/aicss-genai_sycl-graph-record-replay /home/jianyuzh/ws/llama.cpp/auto_ci/28725/aicss-genai_sycl-graph-record-replay/src /home/jianyuzh/ws/llama.cpp/auto_ci/28725/aicss-genai_sycl-graph-record-replay/build /home/jianyuzh/ws/llama.cpp/auto_ci/28725/aicss-genai_sycl-graph-record-replay/build/src /home/jianyuzh/ws/llama.cpp/auto_ci/28725/aicss-genai_sycl-graph-record-replay/build/src/CMakeFiles/llama.dir/DependInfo.cmake "--color=" llama
gmake[2]: Entering directory '/home/jianyuzh/ws/llama.cpp/auto_ci/28725/aicss-genai_sycl-graph-record-replay/build'
cd /home/jianyuzh/ws/llama.cpp/auto_ci/28725/aicss-genai_sycl-graph-record-replay/build && /usr/bin/cmake -E cmake_depends "Unix Makefiles" /home/jianyuzh/ws/llama.cpp/auto_ci/28725/aicss-genai_sycl-graph-record-replay /home/jianyuzh/ws/llama.cpp/auto_ci/28725/aicss-genai_sycl-graph-record-replay/examples/gguf /home/jianyuzh/ws/llama.cpp/auto_ci/28725/aicss-genai_sycl-graph-record-replay/build /home/jianyuzh/ws/llama.cpp/auto_ci/28725/aicss-genai_sycl-graph-record-replay/build/examples/gguf /home/jianyuzh/ws/llama.cpp/auto_ci/28725/aicss-genai_sycl-graph-record-replay/build/examples/gguf/CMakeFiles/llama-gguf.dir/DependInfo.cmake "--color=" llama-gguf
gmake[2]: Leaving directory '/home/jianyuzh/ws/llama.cpp/auto_ci/28725/aicss-genai_sycl-graph-record-replay/build'
/usr/bin/gmake  -f src/CMakeFiles/llama.dir/build.make src/CMakeFiles/llama.dir/build
gmake[2]: Leaving directory '/home/jianyuzh/ws/llama.cpp/auto_ci/28725/aicss-genai_sycl-graph-record-replay/build'
/usr/bin/gmake  -f examples/gguf-hash/CMakeFiles/llama-gguf-hash.dir/build.make examples/gguf-hash/CMakeFiles/llama-gguf-hash.dir/build
gmake[2]: Entering directory '/home/jianyuzh/ws/llama.cpp/auto_ci/28725/aicss-genai_sycl-graph-record-replay/build'
gmake[2]: Entering directory '/home/jianyuzh/ws/llama.cpp/auto_ci/28725/aicss-genai_sycl-graph-record-replay/build'
gmake[2]: Leaving directory '/home/jianyuzh/ws/llama.cpp/auto_ci/28725/aicss-genai_sycl-graph-record-replay/build'
/usr/bin/gmake  -f examples/gguf/CMakeFiles/llama-gguf.dir/build.make examples/gguf/CMakeFiles/llama-gguf.dir/build
gmake[2]: Entering directory '/home/jianyuzh/ws/llama.cpp/auto_ci/28725/aicss-genai_sycl-graph-record-replay/build'
[ 29%] Building CXX object examples/gguf-hash/CMakeFiles/llama-gguf-hash.dir/gguf-hash.cpp.o
[ 29%] Building CXX object src/CMakeFiles/llama.dir/Unity/unity_9_cxx.cxx.o
[ 29%] Building CXX object src/CMakeFiles/llama.dir/Unity/unity_8_cxx.cxx.o
cd /home/jianyuzh/ws/llama.cpp/auto_ci/28725/aicss-genai_sycl-graph-record-replay/build/examples/gguf-hash && /opt/intel/oneapi/compiler/2026.1/bin/icpx -DGGML_BACKEND_SHARED -DGGML_SHARED -DGGML_USE_CPU -DGGML_USE_SYCL -I/home/jianyuzh/ws/llama.cpp/auto_ci/28725/aicss-genai_sycl-graph-record-replay/vendor/hash/.. -I/home/jianyuzh/ws/llama.cpp/auto_ci/28725/aicss-genai_sycl-graph-record-replay/ggml/src/../include -O3 -DNDEBUG -Xclang -fno-pch-timestamp -Wmissing-declarations -Wmissing-noreturn -Wall -Wextra -Wpedantic -Wcast-qual -Wno-unused-function -MD -MT examples/gguf-hash/CMakeFiles/llama-gguf-hash.dir/gguf-hash.cpp.o -MF CMakeFiles/llama-gguf-hash.dir/gguf-hash.cpp.o.d -o CMakeFiles/llama-gguf-hash.dir/gguf-hash.cpp.o -c /home/jianyuzh/ws/llama.cpp/auto_ci/28725/aicss-genai_sycl-graph-record-replay/examples/gguf-hash/gguf-hash.cpp
[ 29%] Building CXX object src/CMakeFiles/llama.dir/Unity/unity_7_cxx.cxx.o
cd /home/jianyuzh/ws/llama.cpp/auto_ci/28725/aicss-genai_sycl-graph-record-replay/build/src && /opt/intel/oneapi/compiler/2026.1/bin/icpx -DGGML_BACKEND_SHARED -DGGML_SHARED -DGGML_USE_CPU -DGGML_USE_SYCL -DLLAMA_BUILD -DLLAMA_SHARED -Dllama_EXPORTS -I/home/jianyuzh/ws/llama.cpp/auto_ci/28725/aicss-genai_sycl-graph-record-replay/src/. -I/home/jianyuzh/ws/llama.cpp/auto_ci/28725/aicss-genai_sycl-graph-record-replay/build/src -I/home/jianyuzh/ws/llama.cpp/auto_ci/28725/aicss-genai_sycl-graph-record-replay/src/../include -I/home/jianyuzh/ws/llama.cpp/auto_ci/28725/aicss-genai_sycl-graph-record-replay/ggml/src/../include -O3 -DNDEBUG -fPIC -Xclang -fno-pch-timestamp -Wmissing-declarations -Wmissing-noreturn -Wall -Wextra -Wpedantic -Wcast-qual -Wno-unused-function -MD -MT src/CMakeFiles/llama.dir/Unity/unity_9_cxx.cxx.o -MF CMakeFiles/llama.dir/Unity/unity_9_cxx.cxx.o.d -o CMakeFiles/llama.dir/Unity/unity_9_cxx.cxx.o -c /home/jianyuzh/ws/llama.cpp/auto_ci/28725/aicss-genai_sycl-graph-record-replay/build/src/CMakeFiles/llama.dir/Unity/unity_9_cxx.cxx
[ 29%] Building CXX object src/CMakeFiles/llama.dir/Unity/unity_6_cxx.cxx.o
[ 29%] Building CXX object src/CMakeFiles/llama.dir/Unity/unity_2_cxx.cxx.o
cd /home/jianyuzh/ws/llama.cpp/auto_ci/28725/aicss-genai_sycl-graph-record-replay/build/src && /opt/intel/oneapi/compiler/2026.1/bin/icpx -DGGML_BACKEND_SHARED -DGGML_SHARED -DGGML_USE_CPU -DGGML_USE_SYCL -DLLAMA_BUILD -DLLAMA_SHARED -Dllama_EXPORTS -I/home/jianyuzh/ws/llama.cpp/auto_ci/28725/aicss-genai_sycl-graph-record-replay/src/. -I/home/jianyuzh/ws/llama.cpp/auto_ci/28725/aicss-genai_sycl-graph-record-replay/build/src -I/home/jianyuzh/ws/llama.cpp/auto_ci/28725/aicss-genai_sycl-graph-record-replay/src/../include -I/home/jianyuzh/ws/llama.cpp/auto_ci/28725/aicss-genai_sycl-graph-record-replay/ggml/src/../include -O3 -DNDEBUG -fPIC -Xclang -fno-pch-timestamp -Wmissing-declarations -Wmissing-noreturn -Wall -Wextra -Wpedantic -Wcast-qual -Wno-unused-function -MD -MT src/CMakeFiles/llama.dir/Unity/unity_8_cxx.cxx.o -MF CMakeFiles/llama.dir/Unity/unity_8_cxx.cxx.o.d -o CMakeFiles/llama.dir/Unity/unity_8_cxx.cxx.o -c /home/jianyuzh/ws/llama.cpp/auto_ci/28725/aicss-genai_sycl-graph-record-replay/build/src/CMakeFiles/llama.dir/Unity/unity_8_cxx.cxx
[ 30%] Building CXX object src/CMakeFiles/llama.dir/Unity/unity_0_cxx.cxx.o
[ 30%] Building CXX object src/CMakeFiles/llama.dir/Unity/unity_1_cxx.cxx.o
cd /home/jianyuzh/ws/llama.cpp/auto_ci/28725/aicss-genai_sycl-graph-record-replay/build/src && /opt/intel/oneapi/compiler/2026.1/bin/icpx -DGGML_BACKEND_SHARED -DGGML_SHARED -DGGML_USE_CPU -DGGML_USE_SYCL -DLLAMA_BUILD -DLLAMA_SHARED -Dllama_EXPORTS -I/home/jianyuzh/ws/llama.cpp/auto_ci/28725/aicss-genai_sycl-graph-record-replay/src/. -I/home/jianyuzh/ws/llama.cpp/auto_ci/28725/aicss-genai_sycl-graph-record-replay/build/src -I/home/jianyuzh/ws/llama.cpp/auto_ci/28725/aicss-genai_sycl-graph-record-replay/src/../include -I/home/jianyuzh/ws/llama.cpp/auto_ci/28725/aicss-genai_sycl-graph-record-replay/ggml/src/../include -O3 -DNDEBUG -fPIC -Xclang -fno-pch-timestamp -Wmissing-declarations -Wmissing-noreturn -Wall -Wextra -Wpedantic -Wcast-qual -Wno-unused-function -MD -MT src/CMakeFiles/llama.dir/Unity/unity_7_cxx.cxx.o -MF CMakeFiles/llama.dir/Unity/unity_7_cxx.cxx.o.d -o CMakeFiles/llama.dir/Unity/unity_7_cxx.cxx.o -c /home/jianyuzh/ws/llama.cpp/auto_ci/28725/aicss-genai_sycl-graph-record-replay/build/src/CMakeFiles/llama.dir/Unity/unity_7_cxx.cxx
[ 30%] Building CXX object src/CMakeFiles/llama.dir/Unity/unity_4_cxx.cxx.o
[ 30%] Building CXX object src/CMakeFiles/llama.dir/llama-arch.cpp.o
[ 30%] Building CXX object src/CMakeFiles/llama.dir/llama-adapter.cpp.o
[ 31%] Building CXX object src/CMakeFiles/llama.dir/Unity/unity_5_cxx.cxx.o
cd /home/jianyuzh/ws/llama.cpp/auto_ci/28725/aicss-genai_sycl-graph-record-replay/build/src && /opt/intel/oneapi/compiler/2026.1/bin/icpx -DGGML_BACKEND_SHARED -DGGML_SHARED -DGGML_USE_CPU -DGGML_USE_SYCL -DLLAMA_BUILD -DLLAMA_SHARED -Dllama_EXPORTS -I/home/jianyuzh/ws/llama.cpp/auto_ci/28725/aicss-genai_sycl-graph-record-replay/src/. -I/home/jianyuzh/ws/llama.cpp/auto_ci/28725/aicss-genai_sycl-graph-record-replay/build/src -I/home/jianyuzh/ws/llama.cpp/auto_ci/28725/aicss-genai_sycl-graph-record-replay/src/../include -I/home/jianyuzh/ws/llama.cpp/auto_ci/28725/aicss-genai_sycl-graph-record-replay/ggml/src/../include -O3 -DNDEBUG -fPIC -Xclang -fno-pch-timestamp -Wmissing-declarations -Wmissing-noreturn -Wall -Wextra -Wpedantic -Wcast-qual -Wno-unused-function -MD -MT src/CMakeFiles/llama.dir/Unity/unity_6_cxx.cxx.o -MF CMakeFiles/llama.dir/Unity/unity_6_cxx.cxx.o.d -o CMakeFiles/llama.dir/Unity/unity_6_cxx.cxx.o -c /home/jianyuzh/ws/llama.cpp/auto_ci/28725/aicss-genai_sycl-graph-record-replay/build/src/CMakeFiles/llama.dir/Unity/unity_6_cxx.cxx
cd /home/jianyuzh/ws/llama.cpp/auto_ci/28725/aicss-genai_sycl-graph-record-replay/build/src && /opt/intel/oneapi/compiler/2026.1/bin/icpx -DGGML_BACKEND_SHARED -DGGML_SHARED -DGGML_USE_CPU -DGGML_USE_SYCL -DLLAMA_BUILD -DLLAMA_SHARED -Dllama_EXPORTS -I/home/jianyuzh/ws/llama.cpp/auto_ci/28725/aicss-genai_sycl-graph-record-replay/src/. -I/home/jianyuzh/ws/llama.cpp/auto_ci/28725/aicss-genai_sycl-graph-record-replay/build/src -I/home/jianyuzh/ws/llama.cpp/auto_ci/28725/aicss-genai_sycl-graph-record-replay/src/../include -I/home/jianyuzh/ws/llama.cpp/auto_ci/28725/aicss-genai_sycl-graph-record-replay/ggml/src/../include -O3 -DNDEBUG -fPIC -Xclang -fno-pch-timestamp -Wmissing-declarations -Wmissing-noreturn -Wall -Wextra -Wpedantic -Wcast-qual -Wno-unused-function -MD -MT src/CMakeFiles/llama.dir/Unity/unity_2_cxx.cxx.o -MF CMakeFiles/llama.dir/Unity/unity_2_cxx.cxx.o.d -o CMakeFiles/llama.dir/Unity/unity_2_cxx.cxx.o -c /home/jianyuzh/ws/llama.cpp/auto_ci/28725/aicss-genai_sycl-graph-record-replay/build/src/CMakeFiles/llama.dir/Unity/unity_2_cxx.cxx
[ 31%] Building CXX object src/CMakeFiles/llama.dir/llama.cpp.o
[ 31%] Building CXX object src/CMakeFiles/llama.dir/Unity/unity_3_cxx.cxx.o
cd /home/jianyuzh/ws/llama.cpp/auto_ci/28725/aicss-genai_sycl-graph-record-replay/build/src && /opt/intel/oneapi/compiler/2026.1/bin/icpx -DGGML_BACKEND_SHARED -DGGML_SHARED -DGGML_USE_CPU -DGGML_USE_SYCL -DLLAMA_BUILD -DLLAMA_SHARED -Dllama_EXPORTS -I/home/jianyuzh/ws/llama.cpp/auto_ci/28725/aicss-genai_sycl-graph-record-replay/src/. -I/home/jianyuzh/ws/llama.cpp/auto_ci/28725/aicss-genai_sycl-graph-record-replay/build/src -I/home/jianyuzh/ws/llama.cpp/auto_ci/28725/aicss-genai_sycl-graph-record-replay/src/../include -I/home/jianyuzh/ws/llama.cpp/auto_ci/28725/aicss-genai_sycl-graph-record-replay/ggml/src/../include -O3 -DNDEBUG -fPIC -Xclang -fno-pch-timestamp -Wmissing-declarations -Wmissing-noreturn -Wall -Wextra -Wpedantic -Wcast-qual -Wno-unused-function -MD -MT src/CMakeFiles/llama.dir/Unity/unity_1_cxx.cxx.o -MF CMakeFiles/llama.dir/Unity/unity_1_cxx.cxx.o.d -o CMakeFiles/llama.dir/Unity/unity_1_cxx.cxx.o -c /home/jianyuzh/ws/llama.cpp/auto_ci/28725/aicss-genai_sycl-graph-record-replay/build/src/CMakeFiles/llama.dir/Unity/unity_1_cxx.cxx
cd /home/jianyuzh/ws/llama.cpp/auto_ci/28725/aicss-genai_sycl-graph-record-replay/build/src && /opt/intel/oneapi/compiler/2026.1/bin/icpx -DGGML_BACKEND_SHARED -DGGML_SHARED -DGGML_USE_CPU -DGGML_USE_SYCL -DLLAMA_BUILD -DLLAMA_SHARED -Dllama_EXPORTS -I/home/jianyuzh/ws/llama.cpp/auto_ci/28725/aicss-genai_sycl-graph-record-replay/src/. -I/home/jianyuzh/ws/llama.cpp/auto_ci/28725/aicss-genai_sycl-graph-record-replay/build/src -I/home/jianyuzh/ws/llama.cpp/auto_ci/28725/aicss-genai_sycl-graph-record-replay/src/../include -I/home/jianyuzh/ws/llama.cpp/auto_ci/28725/aicss-genai_sycl-graph-record-replay/ggml/src/../include -O3 -DNDEBUG -fPIC -Xclang -fno-pch-timestamp -Wmissing-declarations -Wmissing-noreturn -Wall -Wextra -Wpedantic -Wcast-qual -Wno-unused-function -MD -MT src/CMakeFiles/llama.dir/Unity/unity_5_cxx.cxx.o -MF CMakeFiles/llama.dir/Unity/unity_5_cxx.cxx.o.d -o CMakeFiles/llama.dir/Unity/unity_5_cxx.cxx.o -c /home/jianyuzh/ws/llama.cpp/auto_ci/28725/aicss-genai_sycl-graph-record-replay/build/src/CMakeFiles/llama.dir/Unity/unity_5_cxx.cxx
cd /home/jianyuzh/ws/llama.cpp/auto_ci/28725/aicss-genai_sycl-graph-record-replay/build/src && /opt/intel/oneapi/compiler/2026.1/bin/icpx -DGGML_BACKEND_SHARED -DGGML_SHARED -DGGML_USE_CPU -DGGML_USE_SYCL -DLLAMA_BUILD -DLLAMA_SHARED -Dllama_EXPORTS -I/home/jianyuzh/ws/llama.cpp/auto_ci/28725/aicss-genai_sycl-graph-record-replay/src/. -I/home/jianyuzh/ws/llama.cpp/auto_ci/28725/aicss-genai_sycl-graph-record-replay/build/src -I/home/jianyuzh/ws/llama.cpp/auto_ci/28725/aicss-genai_sycl-graph-record-replay/src/../include -I/home/jianyuzh/ws/llama.cpp/auto_ci/28725/aicss-genai_sycl-graph-record-replay/ggml/src/../include -O3 -DNDEBUG -fPIC -Xclang -fno-pch-timestamp -Wmissing-declarations -Wmissing-noreturn -Wall -Wextra -Wpedantic -Wcast-qual -Wno-unused-function -MD -MT src/CMakeFiles/llama.dir/Unity/unity_4_cxx.cxx.o -MF CMakeFiles/llama.dir/Unity/unity_4_cxx.cxx.o.d -o CMakeFiles/llama.dir/Unity/unity_4_cxx.cxx.o -c /home/jianyuzh/ws/llama.cpp/auto_ci/28725/aicss-genai_sycl-graph-record-replay/build/src/CMakeFiles/llama.dir/Unity/unity_4_cxx.cxx
[ 31%] Building CXX object src/CMakeFiles/llama.dir/llama-batch.cpp.o
cd /home/jianyuzh/ws/llama.cpp/auto_ci/28725/aicss-genai_sycl-graph-record-replay/build/src && /opt/intel/oneapi/compiler/2026.1/bin/icpx -DGGML_BACKEND_SHARED -DGGML_SHARED -DGGML_USE_CPU -DGGML_USE_SYCL -DLLAMA_BUILD -DLLAMA_SHARED -Dllama_EXPORTS -I/home/jianyuzh/ws/llama.cpp/auto_ci/28725/aicss-genai_sycl-graph-record-replay/src/. -I/home/jianyuzh/ws/llama.cpp/auto_ci/28725/aicss-genai_sycl-graph-record-replay/build/src -I/home/jianyuzh/ws/llama.cpp/auto_ci/28725/aicss-genai_sycl-graph-record-replay/src/../include -I/home/jianyuzh/ws/llama.cpp/auto_ci/28725/aicss-genai_sycl-graph-record-replay/ggml/src/../include -O3 -DNDEBUG -fPIC -Xclang -fno-pch-timestamp -Wmissing-declarations -Wmissing-noreturn -Wall -Wextra -Wpedantic -Wcast-qual -Wno-unused-function -MD -MT src/CMakeFiles/llama.dir/Unity/unity_0_cxx.cxx.o -MF CMakeFiles/llama.dir/Unity/unity_0_cxx.cxx.o.d -o CMakeFiles/llama.dir/Unity/unity_0_cxx.cxx.o -c /home/jianyuzh/ws/llama.cpp/auto_ci/28725/aicss-genai_sycl-graph-record-replay/build/src/CMakeFiles/llama.dir/Unity/unity_0_cxx.cxx
[ 32%] Building CXX object src/CMakeFiles/llama.dir/llama-hparams.cpp.o
cd /home/jianyuzh/ws/llama.cpp/auto_ci/28725/aicss-genai_sycl-graph-record-replay/build/src && /opt/intel/oneapi/compiler/2026.1/bin/icpx -DGGML_BACKEND_SHARED -DGGML_SHARED -DGGML_USE_CPU -DGGML_USE_SYCL -DLLAMA_BUILD -DLLAMA_SHARED -Dllama_EXPORTS -I/home/jianyuzh/ws/llama.cpp/auto_ci/28725/aicss-genai_sycl-graph-record-replay/src/. -I/home/jianyuzh/ws/llama.cpp/auto_ci/28725/aicss-genai_sycl-graph-record-replay/build/src -I/home/jianyuzh/ws/llama.cpp/auto_ci/28725/aicss-genai_sycl-graph-record-replay/src/../include -I/home/jianyuzh/ws/llama.cpp/auto_ci/28725/aicss-genai_sycl-graph-record-replay/ggml/src/../include -O3 -DNDEBUG -fPIC -Xclang -fno-pch-timestamp -Wmissing-declarations -Wmissing-noreturn -Wall -Wextra -Wpedantic -Wcast-qual -Wno-unused-function -MD -MT src/CMakeFiles/llama.dir/llama-adapter.cpp.o -MF CMakeFiles/llama.dir/llama-adapter.cpp.o.d -o CMakeFiles/llama.dir/llama-adapter.cpp.o -c /home/jianyuzh/ws/llama.cpp/auto_ci/28725/aicss-genai_sycl-graph-record-replay/src/llama-adapter.cpp
[ 32%] Building CXX object examples/gguf/CMakeFiles/llama-gguf.dir/gguf.cpp.o
[ 32%] Building CXX object src/CMakeFiles/llama.dir/llama-context.cpp.o
cd /home/jianyuzh/ws/llama.cpp/auto_ci/28725/aicss-genai_sycl-graph-record-replay/build/src && /opt/intel/oneapi/compiler/2026.1/bin/icpx -DGGML_BACKEND_SHARED -DGGML_SHARED -DGGML_USE_CPU -DGGML_USE_SYCL -DLLAMA_BUILD -DLLAMA_SHARED -Dllama_EXPORTS -I/home/jianyuzh/ws/llama.cpp/auto_ci/28725/aicss-genai_sycl-graph-record-replay/src/. -I/home/jianyuzh/ws/llama.cpp/auto_ci/28725/aicss-genai_sycl-graph-record-replay/build/src -I/home/jianyuzh/ws/llama.cpp/auto_ci/28725/aicss-genai_sycl-graph-record-replay/src/../include -I/home/jianyuzh/ws/llama.cpp/auto_ci/28725/aicss-genai_sycl-graph-record-replay/ggml/src/../include -O3 -DNDEBUG -fPIC -Xclang -fno-pch-timestamp -Wmissing-declarations -Wmissing-noreturn -Wall -Wextra -Wpedantic -Wcast-qual -Wno-unused-function -MD -MT src/CMakeFiles/llama.dir/llama.cpp.o -MF CMakeFiles/llama.dir/llama.cpp.o.d -o CMakeFiles/llama.dir/llama.cpp.o -c /home/jianyuzh/ws/llama.cpp/auto_ci/28725/aicss-genai_sycl-graph-record-replay/src/llama.cpp
cd /home/jianyuzh/ws/llama.cpp/auto_ci/28725/aicss-genai_sycl-graph-record-replay/build/src && /opt/intel/oneapi/compiler/2026.1/bin/icpx -DGGML_BACKEND_SHARED -DGGML_SHARED -DGGML_USE_CPU -DGGML_USE_SYCL -DLLAMA_BUILD -DLLAMA_SHARED -Dllama_EXPORTS -I/home/jianyuzh/ws/llama.cpp/auto_ci/28725/aicss-genai_sycl-graph-record-replay/src/. -I/home/jianyuzh/ws/llama.cpp/auto_ci/28725/aicss-genai_sycl-graph-record-replay/build/src -I/home/jianyuzh/ws/llama.cpp/auto_ci/28725/aicss-genai_sycl-graph-record-replay/src/../include -I/home/jianyuzh/ws/llama.cpp/auto_ci/28725/aicss-genai_sycl-graph-record-replay/ggml/src/../include -O3 -DNDEBUG -fPIC -Xclang -fno-pch-timestamp -Wmissing-declarations -Wmissing-noreturn -Wall -Wextra -Wpedantic -Wcast-qual -Wno-unused-function -MD -MT src/CMakeFiles/llama.dir/Unity/unity_3_cxx.cxx.o -MF CMakeFiles/llama.dir/Unity/unity_3_cxx.cxx.o.d -o CMakeFiles/llama.dir/Unity/unity_3_cxx.cxx.o -c /home/jianyuzh/ws/llama.cpp/auto_ci/28725/aicss-genai_sycl-graph-record-replay/build/src/CMakeFiles/llama.dir/Unity/unity_3_cxx.cxx
cd /home/jianyuzh/ws/llama.cpp/auto_ci/28725/aicss-genai_sycl-graph-record-replay/build/src && /opt/intel/oneapi/compiler/2026.1/bin/icpx -DGGML_BACKEND_SHARED -DGGML_SHARED -DGGML_USE_CPU -DGGML_USE_SYCL -DLLAMA_BUILD -DLLAMA_SHARED -Dllama_EXPORTS -I/home/jianyuzh/ws/llama.cpp/auto_ci/28725/aicss-genai_sycl-graph-record-replay/src/. -I/home/jianyuzh/ws/llama.cpp/auto_ci/28725/aicss-genai_sycl-graph-record-replay/build/src -I/home/jianyuzh/ws/llama.cpp/auto_ci/28725/aicss-genai_sycl-graph-record-replay/src/../include -I/home/jianyuzh/ws/llama.cpp/auto_ci/28725/aicss-genai_sycl-graph-record-replay/ggml/src/../include -O3 -DNDEBUG -fPIC -Xclang -fno-pch-timestamp -Wmissing-declarations -Wmissing-noreturn -Wall -Wextra -Wpedantic -Wcast-qual -Wno-unused-function -MD -MT src/CMakeFiles/llama.dir/llama-arch.cpp.o -MF CMakeFiles/llama.dir/llama-arch.cpp.o.d -o CMakeFiles/llama.dir/llama-arch.cpp.o -c /home/jianyuzh/ws/llama.cpp/auto_ci/28725/aicss-genai_sycl-graph-record-replay/src/llama-arch.cpp
[ 32%] Building CXX object src/CMakeFiles/llama.dir/llama-grammar.cpp.o
cd /home/jianyuzh/ws/llama.cpp/auto_ci/28725/aicss-genai_sycl-graph-record-replay/build/src && /opt/intel/oneapi/compiler/2026.1/bin/icpx -DGGML_BACKEND_SHARED -DGGML_SHARED -DGGML_USE_CPU -DGGML_USE_SYCL -DLLAMA_BUILD -DLLAMA_SHARED -Dllama_EXPORTS -I/home/jianyuzh/ws/llama.cpp/auto_ci/28725/aicss-genai_sycl-graph-record-replay/src/. -I/home/jianyuzh/ws/llama.cpp/auto_ci/28725/aicss-genai_sycl-graph-record-replay/build/src -I/home/jianyuzh/ws/llama.cpp/auto_ci/28725/aicss-genai_sycl-graph-record-replay/src/../include -I/home/jianyuzh/ws/llama.cpp/auto_ci/28725/aicss-genai_sycl-graph-record-replay/ggml/src/../include -O3 -DNDEBUG -fPIC -Xclang -fno-pch-timestamp -Wmissing-declarations -Wmissing-noreturn -Wall -Wextra -Wpedantic -Wcast-qual -Wno-unused-function -MD -MT src/CMakeFiles/llama.dir/llama-batch.cpp.o -MF CMakeFiles/llama.dir/llama-batch.cpp.o.d -o CMakeFiles/llama.dir/llama-batch.cpp.o -c /home/jianyuzh/ws/llama.cpp/auto_ci/28725/aicss-genai_sycl-graph-record-replay/src/llama-batch.cpp
[ 33%] Building CXX object src/CMakeFiles/llama.dir/llama-chat.cpp.o
cd /home/jianyuzh/ws/llama.cpp/auto_ci/28725/aicss-genai_sycl-graph-record-replay/build/examples/gguf && /opt/intel/oneapi/compiler/2026.1/bin/icpx -DGGML_BACKEND_SHARED -DGGML_SHARED -DGGML_USE_CPU -DGGML_USE_SYCL -I/home/jianyuzh/ws/llama.cpp/auto_ci/28725/aicss-genai_sycl-graph-record-replay/ggml/src/../include -O3 -DNDEBUG -Xclang -fno-pch-timestamp -Wmissing-declarations -Wmissing-noreturn -Wall -Wextra -Wpedantic -Wcast-qual -Wno-unused-function -MD -MT examples/gguf/CMakeFiles/llama-gguf.dir/gguf.cpp.o -MF CMakeFiles/llama-gguf.dir/gguf.cpp.o.d -o CMakeFiles/llama-gguf.dir/gguf.cpp.o -c /home/jianyuzh/ws/llama.cpp/auto_ci/28725/aicss-genai_sycl-graph-record-replay/examples/gguf/gguf.cpp
cd /home/jianyuzh/ws/llama.cpp/auto_ci/28725/aicss-genai_sycl-graph-record-replay/build/src && /opt/intel/oneapi/compiler/2026.1/bin/icpx -DGGML_BACKEND_SHARED -DGGML_SHARED -DGGML_USE_CPU -DGGML_USE_SYCL -DLLAMA_BUILD -DLLAMA_SHARED -Dllama_EXPORTS -I/home/jianyuzh/ws/llama.cpp/auto_ci/28725/aicss-genai_sycl-graph-record-replay/src/. -I/home/jianyuzh/ws/llama.cpp/auto_ci/28725/aicss-genai_sycl-graph-record-replay/build/src -I/home/jianyuzh/ws/llama.cpp/auto_ci/28725/aicss-genai_sycl-graph-record-replay/src/../include -I/home/jianyuzh/ws/llama.cpp/auto_ci/28725/aicss-genai_sycl-graph-record-replay/ggml/src/../include -O3 -DNDEBUG -fPIC -Xclang -fno-pch-timestamp -Wmissing-declarations -Wmissing-noreturn -Wall -Wextra -Wpedantic -Wcast-qual -Wno-unused-function -MD -MT src/CMakeFiles/llama.dir/llama-hparams.cpp.o -MF CMakeFiles/llama.dir/llama-hparams.cpp.o.d -o CMakeFiles/llama.dir/llama-hparams.cpp.o -c /home/jianyuzh/ws/llama.cpp/auto_ci/28725/aicss-genai_sycl-graph-record-replay/src/llama-hparams.cpp
cd /home/jianyuzh/ws/llama.cpp/auto_ci/28725/aicss-genai_sycl-graph-record-replay/build/src && /opt/intel/oneapi/compiler/2026.1/bin/icpx -DGGML_BACKEND_SHARED -DGGML_SHARED -DGGML_USE_CPU -DGGML_USE_SYCL -DLLAMA_BUILD -DLLAMA_SHARED -Dllama_EXPORTS -I/home/jianyuzh/ws/llama.cpp/auto_ci/28725/aicss-genai_sycl-graph-record-replay/src/. -I/home/jianyuzh/ws/llama.cpp/auto_ci/28725/aicss-genai_sycl-graph-record-replay/build/src -I/home/jianyuzh/ws/llama.cpp/auto_ci/28725/aicss-genai_sycl-graph-record-replay/src/../include -I/home/jianyuzh/ws/llama.cpp/auto_ci/28725/aicss-genai_sycl-graph-record-replay/ggml/src/../include -O3 -DNDEBUG -fPIC -Xclang -fno-pch-timestamp -Wmissing-declarations -Wmissing-noreturn -Wall -Wextra -Wpedantic -Wcast-qual -Wno-unused-function -MD -MT src/CMakeFiles/llama.dir/llama-context.cpp.o -MF CMakeFiles/llama.dir/llama-context.cpp.o.d -o CMakeFiles/llama.dir/llama-context.cpp.o -c /home/jianyuzh/ws/llama.cpp/auto_ci/28725/aicss-genai_sycl-graph-record-replay/src/llama-context.cpp
[ 33%] Building CXX object src/CMakeFiles/llama.dir/llama-io.cpp.o
[ 33%] Building CXX object src/CMakeFiles/llama.dir/llama-cparams.cpp.o
[ 34%] Building CXX object src/CMakeFiles/llama.dir/llama-kv-cache-dsa-iswa.cpp.o
[ 34%] Building CXX object src/CMakeFiles/llama.dir/llama-kv-cache-msa.cpp.o
cd /home/jianyuzh/ws/llama.cpp/auto_ci/28725/aicss-genai_sycl-graph-record-replay/build/src && /opt/intel/oneapi/compiler/2026.1/bin/icpx -DGGML_BACKEND_SHARED -DGGML_SHARED -DGGML_USE_CPU -DGGML_USE_SYCL -DLLAMA_BUILD -DLLAMA_SHARED -Dllama_EXPORTS -I/home/jianyuzh/ws/llama.cpp/auto_ci/28725/aicss-genai_sycl-graph-record-replay/src/. -I/home/jianyuzh/ws/llama.cpp/auto_ci/28725/aicss-genai_sycl-graph-record-replay/build/src -I/home/jianyuzh/ws/llama.cpp/auto_ci/28725/aicss-genai_sycl-graph-record-replay/src/../include -I/home/jianyuzh/ws/llama.cpp/auto_ci/28725/aicss-genai_sycl-graph-record-replay/ggml/src/../include -O3 -DNDEBUG -fPIC -Xclang -fno-pch-timestamp -Wmissing-declarations -Wmissing-noreturn -Wall -Wextra -Wpedantic -Wcast-qual -Wno-unused-function -MD -MT src/CMakeFiles/llama.dir/llama-grammar.cpp.o -MF CMakeFiles/llama.dir/llama-grammar.cpp.o.d -o CMakeFiles/llama.dir/llama-grammar.cpp.o -c /home/jianyuzh/ws/llama.cpp/auto_ci/28725/aicss-genai_sycl-graph-record-replay/src/llama-grammar.cpp
[ 34%] Building CXX object src/CMakeFiles/llama.dir/llama-graph.cpp.o
[ 34%] Building CXX object src/CMakeFiles/llama.dir/llama-kv-cache-iswa.cpp.o
[ 34%] Building CXX object src/CMakeFiles/llama.dir/llama-kv-cache-dsa.cpp.o
cd /home/jianyuzh/ws/llama.cpp/auto_ci/28725/aicss-genai_sycl-graph-record-replay/build/src && /opt/intel/oneapi/compiler/2026.1/bin/icpx -DGGML_BACKEND_SHARED -DGGML_SHARED -DGGML_USE_CPU -DGGML_USE_SYCL -DLLAMA_BUILD -DLLAMA_SHARED -Dllama_EXPORTS -I/home/jianyuzh/ws/llama.cpp/auto_ci/28725/aicss-genai_sycl-graph-record-replay/src/. -I/home/jianyuzh/ws/llama.cpp/auto_ci/28725/aicss-genai_sycl-graph-record-replay/build/src -I/home/jianyuzh/ws/llama.cpp/auto_ci/28725/aicss-genai_sycl-graph-record-replay/src/../include -I/home/jianyuzh/ws/llama.cpp/auto_ci/28725/aicss-genai_sycl-graph-record-replay/ggml/src/../include -O3 -DNDEBUG -fPIC -Xclang -fno-pch-timestamp -Wmissing-declarations -Wmissing-noreturn -Wall -Wextra -Wpedantic -Wcast-qual -Wno-unused-function -MD -MT src/CMakeFiles/llama.dir/llama-chat.cpp.o -MF CMakeFiles/llama.dir/llama-chat.cpp.o.d -o CMakeFiles/llama.dir/llama-chat.cpp.o -c /home/jianyuzh/ws/llama.cpp/auto_ci/28725/aicss-genai_sycl-graph-record-replay/src/llama-chat.cpp
[ 34%] Building CXX object src/CMakeFiles/llama.dir/llama-kv-cache-dsv4.cpp.o
cd /home/jianyuzh/ws/llama.cpp/auto_ci/28725/aicss-genai_sycl-graph-record-replay/build/src && /opt/intel/oneapi/compiler/2026.1/bin/icpx -DGGML_BACKEND_SHARED -DGGML_SHARED -DGGML_USE_CPU -DGGML_USE_SYCL -DLLAMA_BUILD -DLLAMA_SHARED -Dllama_EXPORTS -I/home/jianyuzh/ws/llama.cpp/auto_ci/28725/aicss-genai_sycl-graph-record-replay/src/. -I/home/jianyuzh/ws/llama.cpp/auto_ci/28725/aicss-genai_sycl-graph-record-replay/build/src -I/home/jianyuzh/ws/llama.cpp/auto_ci/28725/aicss-genai_sycl-graph-record-replay/src/../include -I/home/jianyuzh/ws/llama.cpp/auto_ci/28725/aicss-genai_sycl-graph-record-replay/ggml/src/../include -O3 -DNDEBUG -fPIC -Xclang -fno-pch-timestamp -Wmissing-declarations -Wmissing-noreturn -Wall -Wextra -Wpedantic -Wcast-qual -Wno-unused-function -MD -MT src/CMakeFiles/llama.dir/llama-io.cpp.o -MF CMakeFiles/llama.dir/llama-io.cpp.o.d -o CMakeFiles/llama.dir/llama-io.cpp.o -c /home/jianyuzh/ws/llama.cpp/auto_ci/28725/aicss-genai_sycl-graph-record-replay/src/llama-io.cpp
cd /home/jianyuzh/ws/llama.cpp/auto_ci/28725/aicss-genai_sycl-graph-record-replay/build/src && /opt/intel/oneapi/compiler/2026.1/bin/icpx -DGGML_BACKEND_SHARED -DGGML_SHARED -DGGML_USE_CPU -DGGML_USE_SYCL -DLLAMA_BUILD -DLLAMA_SHARED -Dllama_EXPORTS -I/home/jianyuzh/ws/llama.cpp/auto_ci/28725/aicss-genai_sycl-graph-record-replay/src/. -I/home/jianyuzh/ws/llama.cpp/auto_ci/28725/aicss-genai_sycl-graph-record-replay/build/src -I/home/jianyuzh/ws/llama.cpp/auto_ci/28725/aicss-genai_sycl-graph-record-replay/src/../include -I/home/jianyuzh/ws/llama.cpp/auto_ci/28725/aicss-genai_sycl-graph-record-replay/ggml/src/../include -O3 -DNDEBUG -fPIC -Xclang -fno-pch-timestamp -Wmissing-declarations -Wmissing-noreturn -Wall -Wextra -Wpedantic -Wcast-qual -Wno-unused-function -MD -MT src/CMakeFiles/llama.dir/llama-cparams.cpp.o -MF CMakeFiles/llama.dir/llama-cparams.cpp.o.d -o CMakeFiles/llama.dir/llama-cparams.cpp.o -c /home/jianyuzh/ws/llama.cpp/auto_ci/28725/aicss-genai_sycl-graph-record-replay/src/llama-cparams.cpp
[ 34%] Building CXX object src/CMakeFiles/llama.dir/llama-kv-cache.cpp.o
cd /home/jianyuzh/ws/llama.cpp/auto_ci/28725/aicss-genai_sycl-graph-record-replay/build/src && /opt/intel/oneapi/compiler/2026.1/bin/icpx -DGGML_BACKEND_SHARED -DGGML_SHARED -DGGML_USE_CPU -DGGML_USE_SYCL -DLLAMA_BUILD -DLLAMA_SHARED -Dllama_EXPORTS -I/home/jianyuzh/ws/llama.cpp/auto_ci/28725/aicss-genai_sycl-graph-record-replay/src/. -I/home/jianyuzh/ws/llama.cpp/auto_ci/28725/aicss-genai_sycl-graph-record-replay/build/src -I/home/jianyuzh/ws/llama.cpp/auto_ci/28725/aicss-genai_sycl-graph-record-replay/src/../include -I/home/jianyuzh/ws/llama.cpp/auto_ci/28725/aicss-genai_sycl-graph-record-replay/ggml/src/../include -O3 -DNDEBUG -fPIC -Xclang -fno-pch-timestamp -Wmissing-declarations -Wmissing-noreturn -Wall -Wextra -Wpedantic -Wcast-qual -Wno-unused-function -MD -MT src/CMakeFiles/llama.dir/llama-kv-cache-dsa-iswa.cpp.o -MF CMakeFiles/llama.dir/llama-kv-cache-dsa-iswa.cpp.o.d -o CMakeFiles/llama.dir/llama-kv-cache-dsa-iswa.cpp.o -c /home/jianyuzh/ws/llama.cpp/auto_ci/28725/aicss-genai_sycl-graph-record-replay/src/llama-kv-cache-dsa-iswa.cpp
[ 34%] Building CXX object src/CMakeFiles/llama.dir/llama-impl.cpp.o
cd /home/jianyuzh/ws/llama.cpp/auto_ci/28725/aicss-genai_sycl-graph-record-replay/build/src && /opt/intel/oneapi/compiler/2026.1/bin/icpx -DGGML_BACKEND_SHARED -DGGML_SHARED -DGGML_USE_CPU -DGGML_USE_SYCL -DLLAMA_BUILD -DLLAMA_SHARED -Dllama_EXPORTS -I/home/jianyuzh/ws/llama.cpp/auto_ci/28725/aicss-genai_sycl-graph-record-replay/src/. -I/home/jianyuzh/ws/llama.cpp/auto_ci/28725/aicss-genai_sycl-graph-record-replay/build/src -I/home/jianyuzh/ws/llama.cpp/auto_ci/28725/aicss-genai_sycl-graph-record-replay/src/../include -I/home/jianyuzh/ws/llama.cpp/auto_ci/28725/aicss-genai_sycl-graph-record-replay/ggml/src/../include -O3 -DNDEBUG -fPIC -Xclang -fno-pch-timestamp -Wmissing-declarations -Wmissing-noreturn -Wall -Wextra -Wpedantic -Wcast-qual -Wno-unused-function -MD -MT src/CMakeFiles/llama.dir/llama-kv-cache-msa.cpp.o -MF CMakeFiles/llama.dir/llama-kv-cache-msa.cpp.o.d -o CMakeFiles/llama.dir/llama-kv-cache-msa.cpp.o -c /home/jianyuzh/ws/llama.cpp/auto_ci/28725/aicss-genai_sycl-graph-record-replay/src/llama-kv-cache-msa.cpp
[ 34%] Building CXX object src/CMakeFiles/llama.dir/llama-memory.cpp.o
cd /home/jianyuzh/ws/llama.cpp/auto_ci/28725/aicss-genai_sycl-graph-record-replay/build/src && /opt/intel/oneapi/compiler/2026.1/bin/icpx -DGGML_BACKEND_SHARED -DGGML_SHARED -DGGML_USE_CPU -DGGML_USE_SYCL -DLLAMA_BUILD -DLLAMA_SHARED -Dllama_EXPORTS -I/home/jianyuzh/ws/llama.cpp/auto_ci/28725/aicss-genai_sycl-graph-record-replay/src/. -I/home/jianyuzh/ws/llama.cpp/auto_ci/28725/aicss-genai_sycl-graph-record-replay/build/src -I/home/jianyuzh/ws/llama.cpp/auto_ci/28725/aicss-genai_sycl-graph-record-replay/src/../include -I/home/jianyuzh/ws/llama.cpp/auto_ci/28725/aicss-genai_sycl-graph-record-replay/ggml/src/../include -O3 -DNDEBUG -fPIC -Xclang -fno-pch-timestamp -Wmissing-declarations -Wmissing-noreturn -Wall -Wextra -Wpedantic -Wcast-qual -Wno-unused-function -MD -MT src/CMakeFiles/llama.dir/llama-graph.cpp.o -MF CMakeFiles/llama.dir/llama-graph.cpp.o.d -o CMakeFiles/llama.dir/llama-graph.cpp.o -c /home/jianyuzh/ws/llama.cpp/auto_ci/28725/aicss-genai_sycl-graph-record-replay/src/llama-graph.cpp
cd /home/jianyuzh/ws/llama.cpp/auto_ci/28725/aicss-genai_sycl-graph-record-replay/build/src && /opt/intel/oneapi/compiler/2026.1/bin/icpx -DGGML_BACKEND_SHARED -DGGML_SHARED -DGGML_USE_CPU -DGGML_USE_SYCL -DLLAMA_BUILD -DLLAMA_SHARED -Dllama_EXPORTS -I/home/jianyuzh/ws/llama.cpp/auto_ci/28725/aicss-genai_sycl-graph-record-replay/src/. -I/home/jianyuzh/ws/llama.cpp/auto_ci/28725/aicss-genai_sycl-graph-record-replay/build/src -I/home/jianyuzh/ws/llama.cpp/auto_ci/28725/aicss-genai_sycl-graph-record-replay/src/../include -I/home/jianyuzh/ws/llama.cpp/auto_ci/28725/aicss-genai_sycl-graph-record-replay/ggml/src/../include -O3 -DNDEBUG -fPIC -Xclang -fno-pch-timestamp -Wmissing-declarations -Wmissing-noreturn -Wall -Wextra -Wpedantic -Wcast-qual -Wno-unused-function -MD -MT src/CMakeFiles/llama.dir/llama-kv-cache-iswa.cpp.o -MF CMakeFiles/llama.dir/llama-kv-cache-iswa.cpp.o.d -o CMakeFiles/llama.dir/llama-kv-cache-iswa.cpp.o -c /home/jianyuzh/ws/llama.cpp/auto_ci/28725/aicss-genai_sycl-graph-record-replay/src/llama-kv-cache-iswa.cpp
[ 34%] Building CXX object src/CMakeFiles/llama.dir/llama-memory-hybrid-idx.cpp.o
cd /home/jianyuzh/ws/llama.cpp/auto_ci/28725/aicss-genai_sycl-graph-record-replay/build/src && /opt/intel/oneapi/compiler/2026.1/bin/icpx -DGGML_BACKEND_SHARED -DGGML_SHARED -DGGML_USE_CPU -DGGML_USE_SYCL -DLLAMA_BUILD -DLLAMA_SHARED -Dllama_EXPORTS -I/home/jianyuzh/ws/llama.cpp/auto_ci/28725/aicss-genai_sycl-graph-record-replay/src/. -I/home/jianyuzh/ws/llama.cpp/auto_ci/28725/aicss-genai_sycl-graph-record-replay/build/src -I/home/jianyuzh/ws/llama.cpp/auto_ci/28725/aicss-genai_sycl-graph-record-replay/src/../include -I/home/jianyuzh/ws/llama.cpp/auto_ci/28725/aicss-genai_sycl-graph-record-replay/ggml/src/../include -O3 -DNDEBUG -fPIC -Xclang -fno-pch-timestamp -Wmissing-declarations -Wmissing-noreturn -Wall -Wextra -Wpedantic -Wcast-qual -Wno-unused-function -MD -MT src/CMakeFiles/llama.dir/llama-kv-cache-dsa.cpp.o -MF CMakeFiles/llama.dir/llama-kv-cache-dsa.cpp.o.d -o CMakeFiles/llama.dir/llama-kv-cache-dsa.cpp.o -c /home/jianyuzh/ws/llama.cpp/auto_ci/28725/aicss-genai_sycl-graph-record-replay/src/llama-kv-cache-dsa.cpp
[ 35%] Building CXX object src/CMakeFiles/llama.dir/llama-memory-hybrid-iswa.cpp.o
cd /home/jianyuzh/ws/llama.cpp/auto_ci/28725/aicss-genai_sycl-graph-record-replay/build/src && /opt/intel/oneapi/compiler/2026.1/bin/icpx -DGGML_BACKEND_SHARED -DGGML_SHARED -DGGML_USE_CPU -DGGML_USE_SYCL -DLLAMA_BUILD -DLLAMA_SHARED -Dllama_EXPORTS -I/home/jianyuzh/ws/llama.cpp/auto_ci/28725/aicss-genai_sycl-graph-record-replay/src/. -I/home/jianyuzh/ws/llama.cpp/auto_ci/28725/aicss-genai_sycl-graph-record-replay/build/src -I/home/jianyuzh/ws/llama.cpp/auto_ci/28725/aicss-genai_sycl-graph-record-replay/src/../include -I/home/jianyuzh/ws/llama.cpp/auto_ci/28725/aicss-genai_sycl-graph-record-replay/ggml/src/../include -O3 -DNDEBUG -fPIC -Xclang -fno-pch-timestamp -Wmissing-declarations -Wmissing-noreturn -Wall -Wextra -Wpedantic -Wcast-qual -Wno-unused-function -MD -MT src/CMakeFiles/llama.dir/llama-kv-cache.cpp.o -MF CMakeFiles/llama.dir/llama-kv-cache.cpp.o.d -o CMakeFiles/llama.dir/llama-kv-cache.cpp.o -c /home/jianyuzh/ws/llama.cpp/auto_ci/28725/aicss-genai_sycl-graph-record-replay/src/llama-kv-cache.cpp
cd /home/jianyuzh/ws/llama.cpp/auto_ci/28725/aicss-genai_sycl-graph-record-replay/build/src && /opt/intel/oneapi/compiler/2026.1/bin/icpx -DGGML_BACKEND_SHARED -DGGML_SHARED -DGGML_USE_CPU -DGGML_USE_SYCL -DLLAMA_BUILD -DLLAMA_SHARED -Dllama_EXPORTS -I/home/jianyuzh/ws/llama.cpp/auto_ci/28725/aicss-genai_sycl-graph-record-replay/src/. -I/home/jianyuzh/ws/llama.cpp/auto_ci/28725/aicss-genai_sycl-graph-record-replay/build/src -I/home/jianyuzh/ws/llama.cpp/auto_ci/28725/aicss-genai_sycl-graph-record-replay/src/../include -I/home/jianyuzh/ws/llama.cpp/auto_ci/28725/aicss-genai_sycl-graph-record-replay/ggml/src/../include -O3 -DNDEBUG -fPIC -Xclang -fno-pch-timestamp -Wmissing-declarations -Wmissing-noreturn -Wall -Wextra -Wpedantic -Wcast-qual -Wno-unused-function -MD -MT src/CMakeFiles/llama.dir/llama-impl.cpp.o -MF CMakeFiles/llama.dir/llama-impl.cpp.o.d -o CMakeFiles/llama.dir/llama-impl.cpp.o -c /home/jianyuzh/ws/llama.cpp/auto_ci/28725/aicss-genai_sycl-graph-record-replay/src/llama-impl.cpp
cd /home/jianyuzh/ws/llama.cpp/auto_ci/28725/aicss-genai_sycl-graph-record-replay/build/src && /opt/intel/oneapi/compiler/2026.1/bin/icpx -DGGML_BACKEND_SHARED -DGGML_SHARED -DGGML_USE_CPU -DGGML_USE_SYCL -DLLAMA_BUILD -DLLAMA_SHARED -Dllama_EXPORTS -I/home/jianyuzh/ws/llama.cpp/auto_ci/28725/aicss-genai_sycl-graph-record-replay/src/. -I/home/jianyuzh/ws/llama.cpp/auto_ci/28725/aicss-genai_sycl-graph-record-replay/build/src -I/home/jianyuzh/ws/llama.cpp/auto_ci/28725/aicss-genai_sycl-graph-record-replay/src/../include -I/home/jianyuzh/ws/llama.cpp/auto_ci/28725/aicss-genai_sycl-graph-record-replay/ggml/src/../include -O3 -DNDEBUG -fPIC -Xclang -fno-pch-timestamp -Wmissing-declarations -Wmissing-noreturn -Wall -Wextra -Wpedantic -Wcast-qual -Wno-unused-function -MD -MT src/CMakeFiles/llama.dir/llama-kv-cache-dsv4.cpp.o -MF CMakeFiles/llama.dir/llama-kv-cache-dsv4.cpp.o.d -o CMakeFiles/llama.dir/llama-kv-cache-dsv4.cpp.o -c /home/jianyuzh/ws/llama.cpp/auto_ci/28725/aicss-genai_sycl-graph-record-replay/src/llama-kv-cache-dsv4.cpp
[ 35%] Building CXX object src/CMakeFiles/llama.dir/llama-memory-hybrid.cpp.o
cd /home/jianyuzh/ws/llama.cpp/auto_ci/28725/aicss-genai_sycl-graph-record-replay/build/src && /opt/intel/oneapi/compiler/2026.1/bin/icpx -DGGML_BACKEND_SHARED -DGGML_SHARED -DGGML_USE_CPU -DGGML_USE_SYCL -DLLAMA_BUILD -DLLAMA_SHARED -Dllama_EXPORTS -I/home/jianyuzh/ws/llama.cpp/auto_ci/28725/aicss-genai_sycl-graph-record-replay/src/. -I/home/jianyuzh/ws/llama.cpp/auto_ci/28725/aicss-genai_sycl-graph-record-replay/build/src -I/home/jianyuzh/ws/llama.cpp/auto_ci/28725/aicss-genai_sycl-graph-record-replay/src/../include -I/home/jianyuzh/ws/llama.cpp/auto_ci/28725/aicss-genai_sycl-graph-record-replay/ggml/src/../include -O3 -DNDEBUG -fPIC -Xclang -fno-pch-timestamp -Wmissing-declarations -Wmissing-noreturn -Wall -Wextra -Wpedantic -Wcast-qual -Wno-unused-function -MD -MT src/CMakeFiles/llama.dir/llama-memory.cpp.o -MF CMakeFiles/llama.dir/llama-memory.cpp.o.d -o CMakeFiles/llama.dir/llama-memory.cpp.o -c /home/jianyuzh/ws/llama.cpp/auto_ci/28725/aicss-genai_sycl-graph-record-replay/src/llama-memory.cpp
[ 35%] Building CXX object src/CMakeFiles/llama.dir/llama-memory-recurrent.cpp.o
[ 35%] Building CXX object src/CMakeFiles/llama.dir/llama-model-loader.cpp.o
cd /home/jianyuzh/ws/llama.cpp/auto_ci/28725/aicss-genai_sycl-graph-record-replay/build/src && /opt/intel/oneapi/compiler/2026.1/bin/icpx -DGGML_BACKEND_SHARED -DGGML_SHARED -DGGML_USE_CPU -DGGML_USE_SYCL -DLLAMA_BUILD -DLLAMA_SHARED -Dllama_EXPORTS -I/home/jianyuzh/ws/llama.cpp/auto_ci/28725/aicss-genai_sycl-graph-record-replay/src/. -I/home/jianyuzh/ws/llama.cpp/auto_ci/28725/aicss-genai_sycl-graph-record-replay/build/src -I/home/jianyuzh/ws/llama.cpp/auto_ci/28725/aicss-genai_sycl-graph-record-replay/src/../include -I/home/jianyuzh/ws/llama.cpp/auto_ci/28725/aicss-genai_sycl-graph-record-replay/ggml/src/../include -O3 -DNDEBUG -fPIC -Xclang -fno-pch-timestamp -Wmissing-declarations -Wmissing-noreturn -Wall -Wextra -Wpedantic -Wcast-qual -Wno-unused-function -MD -MT src/CMakeFiles/llama.dir/llama-memory-hybrid-idx.cpp.o -MF CMakeFiles/llama.dir/llama-memory-hybrid-idx.cpp.o.d -o CMakeFiles/llama.dir/llama-memory-hybrid-idx.cpp.o -c /home/jianyuzh/ws/llama.cpp/auto_ci/28725/aicss-genai_sycl-graph-record-replay/src/llama-memory-hybrid-idx.cpp
cd /home/jianyuzh/ws/llama.cpp/auto_ci/28725/aicss-genai_sycl-graph-record-replay/build/src && /opt/intel/oneapi/compiler/2026.1/bin/icpx -DGGML_BACKEND_SHARED -DGGML_SHARED -DGGML_USE_CPU -DGGML_USE_SYCL -DLLAMA_BUILD -DLLAMA_SHARED -Dllama_EXPORTS -I/home/jianyuzh/ws/llama.cpp/auto_ci/28725/aicss-genai_sycl-graph-record-replay/src/. -I/home/jianyuzh/ws/llama.cpp/auto_ci/28725/aicss-genai_sycl-graph-record-replay/build/src -I/home/jianyuzh/ws/llama.cpp/auto_ci/28725/aicss-genai_sycl-graph-record-replay/src/../include -I/home/jianyuzh/ws/llama.cpp/auto_ci/28725/aicss-genai_sycl-graph-record-replay/ggml/src/../include -O3 -DNDEBUG -fPIC -Xclang -fno-pch-timestamp -Wmissing-declarations -Wmissing-noreturn -Wall -Wextra -Wpedantic -Wcast-qual -Wno-unused-function -MD -MT src/CMakeFiles/llama.dir/llama-memory-hybrid-iswa.cpp.o -MF CMakeFiles/llama.dir/llama-memory-hybrid-iswa.cpp.o.d -o CMakeFiles/llama.dir/llama-memory-hybrid-iswa.cpp.o -c /home/jianyuzh/ws/llama.cpp/auto_ci/28725/aicss-genai_sycl-graph-record-replay/src/llama-memory-hybrid-iswa.cpp
[ 36%] Building CXX object src/CMakeFiles/llama.dir/llama-mmap.cpp.o
[ 36%] Building CXX object src/CMakeFiles/llama.dir/llama-model-saver.cpp.o
cd /home/jianyuzh/ws/llama.cpp/auto_ci/28725/aicss-genai_sycl-graph-record-replay/build/src && /opt/intel/oneapi/compiler/2026.1/bin/icpx -DGGML_BACKEND_SHARED -DGGML_SHARED -DGGML_USE_CPU -DGGML_USE_SYCL -DLLAMA_BUILD -DLLAMA_SHARED -Dllama_EXPORTS -I/home/jianyuzh/ws/llama.cpp/auto_ci/28725/aicss-genai_sycl-graph-record-replay/src/. -I/home/jianyuzh/ws/llama.cpp/auto_ci/28725/aicss-genai_sycl-graph-record-replay/build/src -I/home/jianyuzh/ws/llama.cpp/auto_ci/28725/aicss-genai_sycl-graph-record-replay/src/../include -I/home/jianyuzh/ws/llama.cpp/auto_ci/28725/aicss-genai_sycl-graph-record-replay/ggml/src/../include -O3 -DNDEBUG -fPIC -Xclang -fno-pch-timestamp -Wmissing-declarations -Wmissing-noreturn -Wall -Wextra -Wpedantic -Wcast-qual -Wno-unused-function -MD -MT src/CMakeFiles/llama.dir/llama-memory-hybrid.cpp.o -MF CMakeFiles/llama.dir/llama-memory-hybrid.cpp.o.d -o CMakeFiles/llama.dir/llama-memory-hybrid.cpp.o -c /home/jianyuzh/ws/llama.cpp/auto_ci/28725/aicss-genai_sycl-graph-record-replay/src/llama-memory-hybrid.cpp
cd /home/jianyuzh/ws/llama.cpp/auto_ci/28725/aicss-genai_sycl-graph-record-replay/build/src && /opt/intel/oneapi/compiler/2026.1/bin/icpx -DGGML_BACKEND_SHARED -DGGML_SHARED -DGGML_USE_CPU -DGGML_USE_SYCL -DLLAMA_BUILD -DLLAMA_SHARED -Dllama_EXPORTS -I/home/jianyuzh/ws/llama.cpp/auto_ci/28725/aicss-genai_sycl-graph-record-replay/src/. -I/home/jianyuzh/ws/llama.cpp/auto_ci/28725/aicss-genai_sycl-graph-record-replay/build/src -I/home/jianyuzh/ws/llama.cpp/auto_ci/28725/aicss-genai_sycl-graph-record-replay/src/../include -I/home/jianyuzh/ws/llama.cpp/auto_ci/28725/aicss-genai_sycl-graph-record-replay/ggml/src/../include -O3 -DNDEBUG -fPIC -Xclang -fno-pch-timestamp -Wmissing-declarations -Wmissing-noreturn -Wall -Wextra -Wpedantic -Wcast-qual -Wno-unused-function -MD -MT src/CMakeFiles/llama.dir/llama-memory-recurrent.cpp.o -MF CMakeFiles/llama.dir/llama-memory-recurrent.cpp.o.d -o CMakeFiles/llama.dir/llama-memory-recurrent.cpp.o -c /home/jianyuzh/ws/llama.cpp/auto_ci/28725/aicss-genai_sycl-graph-record-replay/src/llama-memory-recurrent.cpp
cd /home/jianyuzh/ws/llama.cpp/auto_ci/28725/aicss-genai_sycl-graph-record-replay/build/src && /opt/intel/oneapi/compiler/2026.1/bin/icpx -DGGML_BACKEND_SHARED -DGGML_SHARED -DGGML_USE_CPU -DGGML_USE_SYCL -DLLAMA_BUILD -DLLAMA_SHARED -Dllama_EXPORTS -I/home/jianyuzh/ws/llama.cpp/auto_ci/28725/aicss-genai_sycl-graph-record-replay/src/. -I/home/jianyuzh/ws/llama.cpp/auto_ci/28725/aicss-genai_sycl-graph-record-replay/build/src -I/home/jianyuzh/ws/llama.cpp/auto_ci/28725/aicss-genai_sycl-graph-record-replay/src/../include -I/home/jianyuzh/ws/llama.cpp/auto_ci/28725/aicss-genai_sycl-graph-record-replay/ggml/src/../include -O3 -DNDEBUG -fPIC -Xclang -fno-pch-timestamp -Wmissing-declarations -Wmissing-noreturn -Wall -Wextra -Wpedantic -Wcast-qual -Wno-unused-function -MD -MT src/CMakeFiles/llama.dir/llama-model-loader.cpp.o -MF CMakeFiles/llama.dir/llama-model-loader.cpp.o.d -o CMakeFiles/llama.dir/llama-model-loader.cpp.o -c /home/jianyuzh/ws/llama.cpp/auto_ci/28725/aicss-genai_sycl-graph-record-replay/src/llama-model-loader.cpp
cd /home/jianyuzh/ws/llama.cpp/auto_ci/28725/aicss-genai_sycl-graph-record-replay/build/src && /opt/intel/oneapi/compiler/2026.1/bin/icpx -DGGML_BACKEND_SHARED -DGGML_SHARED -DGGML_USE_CPU -DGGML_USE_SYCL -DLLAMA_BUILD -DLLAMA_SHARED -Dllama_EXPORTS -I/home/jianyuzh/ws/llama.cpp/auto_ci/28725/aicss-genai_sycl-graph-record-replay/src/. -I/home/jianyuzh/ws/llama.cpp/auto_ci/28725/aicss-genai_sycl-graph-record-replay/build/src -I/home/jianyuzh/ws/llama.cpp/auto_ci/28725/aicss-genai_sycl-graph-record-replay/src/../include -I/home/jianyuzh/ws/llama.cpp/auto_ci/28725/aicss-genai_sycl-graph-record-replay/ggml/src/../include -O3 -DNDEBUG -fPIC -Xclang -fno-pch-timestamp -Wmissing-declarations -Wmissing-noreturn -Wall -Wextra -Wpedantic -Wcast-qual -Wno-unused-function -MD -MT src/CMakeFiles/llama.dir/llama-model-saver.cpp.o -MF CMakeFiles/llama.dir/llama-model-saver.cpp.o.d -o CMakeFiles/llama.dir/llama-model-saver.cpp.o -c /home/jianyuzh/ws/llama.cpp/auto_ci/28725/aicss-genai_sycl-graph-record-replay/src/llama-model-saver.cpp
cd /home/jianyuzh/ws/llama.cpp/auto_ci/28725/aicss-genai_sycl-graph-record-replay/build/src && /opt/intel/oneapi/compiler/2026.1/bin/icpx -DGGML_BACKEND_SHARED -DGGML_SHARED -DGGML_USE_CPU -DGGML_USE_SYCL -DLLAMA_BUILD -DLLAMA_SHARED -Dllama_EXPORTS -I/home/jianyuzh/ws/llama.cpp/auto_ci/28725/aicss-genai_sycl-graph-record-replay/src/. -I/home/jianyuzh/ws/llama.cpp/auto_ci/28725/aicss-genai_sycl-graph-record-replay/build/src -I/home/jianyuzh/ws/llama.cpp/auto_ci/28725/aicss-genai_sycl-graph-record-replay/src/../include -I/home/jianyuzh/ws/llama.cpp/auto_ci/28725/aicss-genai_sycl-graph-record-replay/ggml/src/../include -O3 -DNDEBUG -fPIC -Xclang -fno-pch-timestamp -Wmissing-declarations -Wmissing-noreturn -Wall -Wextra -Wpedantic -Wcast-qual -Wno-unused-function -MD -MT src/CMakeFiles/llama.dir/llama-mmap.cpp.o -MF CMakeFiles/llama.dir/llama-mmap.cpp.o.d -o CMakeFiles/llama.dir/llama-mmap.cpp.o -c /home/jianyuzh/ws/llama.cpp/auto_ci/28725/aicss-genai_sycl-graph-record-replay/src/llama-mmap.cpp
[ 36%] Building CXX object src/CMakeFiles/llama.dir/llama-model.cpp.o
[ 37%] Building CXX object src/CMakeFiles/llama.dir/llama-vocab.cpp.o
[ 37%] Building CXX object src/CMakeFiles/llama.dir/unicode-data.cpp.o
[ 37%] Building CXX object src/CMakeFiles/llama.dir/llama-quant.cpp.o
[ 37%] Building CXX object src/CMakeFiles/llama.dir/llama-sampler.cpp.o
cd /home/jianyuzh/ws/llama.cpp/auto_ci/28725/aicss-genai_sycl-graph-record-replay/build/src && /opt/intel/oneapi/compiler/2026.1/bin/icpx -DGGML_BACKEND_SHARED -DGGML_SHARED -DGGML_USE_CPU -DGGML_USE_SYCL -DLLAMA_BUILD -DLLAMA_SHARED -Dllama_EXPORTS -I/home/jianyuzh/ws/llama.cpp/auto_ci/28725/aicss-genai_sycl-graph-record-replay/src/. -I/home/jianyuzh/ws/llama.cpp/auto_ci/28725/aicss-genai_sycl-graph-record-replay/build/src -I/home/jianyuzh/ws/llama.cpp/auto_ci/28725/aicss-genai_sycl-graph-record-replay/src/../include -I/home/jianyuzh/ws/llama.cpp/auto_ci/28725/aicss-genai_sycl-graph-record-replay/ggml/src/../include -O3 -DNDEBUG -fPIC -Xclang -fno-pch-timestamp -Wmissing-declarations -Wmissing-noreturn -Wall -Wextra -Wpedantic -Wcast-qual -Wno-unused-function -MD -MT src/CMakeFiles/llama.dir/llama-model.cpp.o -MF CMakeFiles/llama.dir/llama-model.cpp.o.d -o CMakeFiles/llama.dir/llama-model.cpp.o -c /home/jianyuzh/ws/llama.cpp/auto_ci/28725/aicss-genai_sycl-graph-record-replay/src/llama-model.cpp
cd /home/jianyuzh/ws/llama.cpp/auto_ci/28725/aicss-genai_sycl-graph-record-replay/build/src && /opt/intel/oneapi/compiler/2026.1/bin/icpx -DGGML_BACKEND_SHARED -DGGML_SHARED -DGGML_USE_CPU -DGGML_USE_SYCL -DLLAMA_BUILD -DLLAMA_SHARED -Dllama_EXPORTS -I/home/jianyuzh/ws/llama.cpp/auto_ci/28725/aicss-genai_sycl-graph-record-replay/src/. -I/home/jianyuzh/ws/llama.cpp/auto_ci/28725/aicss-genai_sycl-graph-record-replay/build/src -I/home/jianyuzh/ws/llama.cpp/auto_ci/28725/aicss-genai_sycl-graph-record-replay/src/../include -I/home/jianyuzh/ws/llama.cpp/auto_ci/28725/aicss-genai_sycl-graph-record-replay/ggml/src/../include -O3 -DNDEBUG -fPIC -Xclang -fno-pch-timestamp -Wmissing-declarations -Wmissing-noreturn -Wall -Wextra -Wpedantic -Wcast-qual -Wno-unused-function -MD -MT src/CMakeFiles/llama.dir/llama-sampler.cpp.o -MF CMakeFiles/llama.dir/llama-sampler.cpp.o.d -o CMakeFiles/llama.dir/llama-sampler.cpp.o -c /home/jianyuzh/ws/llama.cpp/auto_ci/28725/aicss-genai_sycl-graph-record-replay/src/llama-sampler.cpp
cd /home/jianyuzh/ws/llama.cpp/auto_ci/28725/aicss-genai_sycl-graph-record-replay/build/src && /opt/intel/oneapi/compiler/2026.1/bin/icpx -DGGML_BACKEND_SHARED -DGGML_SHARED -DGGML_USE_CPU -DGGML_USE_SYCL -DLLAMA_BUILD -DLLAMA_SHARED -Dllama_EXPORTS -I/home/jianyuzh/ws/llama.cpp/auto_ci/28725/aicss-genai_sycl-graph-record-replay/src/. -I/home/jianyuzh/ws/llama.cpp/auto_ci/28725/aicss-genai_sycl-graph-record-replay/build/src -I/home/jianyuzh/ws/llama.cpp/auto_ci/28725/aicss-genai_sycl-graph-record-replay/src/../include -I/home/jianyuzh/ws/llama.cpp/auto_ci/28725/aicss-genai_sycl-graph-record-replay/ggml/src/../include -O3 -DNDEBUG -fPIC -Xclang -fno-pch-timestamp -Wmissing-declarations -Wmissing-noreturn -Wall -Wextra -Wpedantic -Wcast-qual -Wno-unused-function -MD -MT src/CMakeFiles/llama.dir/llama-quant.cpp.o -MF CMakeFiles/llama.dir/llama-quant.cpp.o.d -o CMakeFiles/llama.dir/llama-quant.cpp.o -c /home/jianyuzh/ws/llama.cpp/auto_ci/28725/aicss-genai_sycl-graph-record-replay/src/llama-quant.cpp
cd /home/jianyuzh/ws/llama.cpp/auto_ci/28725/aicss-genai_sycl-graph-record-replay/build/src && /opt/intel/oneapi/compiler/2026.1/bin/icpx -DGGML_BACKEND_SHARED -DGGML_SHARED -DGGML_USE_CPU -DGGML_USE_SYCL -DLLAMA_BUILD -DLLAMA_SHARED -Dllama_EXPORTS -I/home/jianyuzh/ws/llama.cpp/auto_ci/28725/aicss-genai_sycl-graph-record-replay/src/. -I/home/jianyuzh/ws/llama.cpp/auto_ci/28725/aicss-genai_sycl-graph-record-replay/build/src -I/home/jianyuzh/ws/llama.cpp/auto_ci/28725/aicss-genai_sycl-graph-record-replay/src/../include -I/home/jianyuzh/ws/llama.cpp/auto_ci/28725/aicss-genai_sycl-graph-record-replay/ggml/src/../include -O3 -DNDEBUG -fPIC -Xclang -fno-pch-timestamp -Wmissing-declarations -Wmissing-noreturn -Wall -Wextra -Wpedantic -Wcast-qual -Wno-unused-function -MD -MT src/CMakeFiles/llama.dir/llama-vocab.cpp.o -MF CMakeFiles/llama.dir/llama-vocab.cpp.o.d -o CMakeFiles/llama.dir/llama-vocab.cpp.o -c /home/jianyuzh/ws/llama.cpp/auto_ci/28725/aicss-genai_sycl-graph-record-replay/src/llama-vocab.cpp
cd /home/jianyuzh/ws/llama.cpp/auto_ci/28725/aicss-genai_sycl-graph-record-replay/build/src && /opt/intel/oneapi/compiler/2026.1/bin/icpx -DGGML_BACKEND_SHARED -DGGML_SHARED -DGGML_USE_CPU -DGGML_USE_SYCL -DLLAMA_BUILD -DLLAMA_SHARED -Dllama_EXPORTS -I/home/jianyuzh/ws/llama.cpp/auto_ci/28725/aicss-genai_sycl-graph-record-replay/src/. -I/home/jianyuzh/ws/llama.cpp/auto_ci/28725/aicss-genai_sycl-graph-record-replay/build/src -I/home/jianyuzh/ws/llama.cpp/auto_ci/28725/aicss-genai_sycl-graph-record-replay/src/../include -I/home/jianyuzh/ws/llama.cpp/auto_ci/28725/aicss-genai_sycl-graph-record-replay/ggml/src/../include -O3 -DNDEBUG -fPIC -Xclang -fno-pch-timestamp -Wmissing-declarations -Wmissing-noreturn -Wall -Wextra -Wpedantic -Wcast-qual -Wno-unused-function -MD -MT src/CMakeFiles/llama.dir/unicode-data.cpp.o -MF CMakeFiles/llama.dir/unicode-data.cpp.o.d -o CMakeFiles/llama.dir/unicode-data.cpp.o -c /home/jianyuzh/ws/llama.cpp/auto_ci/28725/aicss-genai_sycl-graph-record-replay/src/unicode-data.cpp
[ 37%] Building CXX object src/CMakeFiles/llama.dir/unicode.cpp.o
cd /home/jianyuzh/ws/llama.cpp/auto_ci/28725/aicss-genai_sycl-graph-record-replay/build/src && /opt/intel/oneapi/compiler/2026.1/bin/icpx -DGGML_BACKEND_SHARED -DGGML_SHARED -DGGML_USE_CPU -DGGML_USE_SYCL -DLLAMA_BUILD -DLLAMA_SHARED -Dllama_EXPORTS -I/home/jianyuzh/ws/llama.cpp/auto_ci/28725/aicss-genai_sycl-graph-record-replay/src/. -I/home/jianyuzh/ws/llama.cpp/auto_ci/28725/aicss-genai_sycl-graph-record-replay/build/src -I/home/jianyuzh/ws/llama.cpp/auto_ci/28725/aicss-genai_sycl-graph-record-replay/src/../include -I/home/jianyuzh/ws/llama.cpp/auto_ci/28725/aicss-genai_sycl-graph-record-replay/ggml/src/../include -O3 -DNDEBUG -fPIC -Xclang -fno-pch-timestamp -Wmissing-declarations -Wmissing-noreturn -Wall -Wextra -Wpedantic -Wcast-qual -Wno-unused-function -MD -MT src/CMakeFiles/llama.dir/unicode.cpp.o -MF CMakeFiles/llama.dir/unicode.cpp.o.d -o CMakeFiles/llama.dir/unicode.cpp.o -c /home/jianyuzh/ws/llama.cpp/auto_ci/28725/aicss-genai_sycl-graph-record-replay/src/unicode.cpp
[ 37%] Linking CXX executable ../../bin/llama-gguf
cd /home/jianyuzh/ws/llama.cpp/auto_ci/28725/aicss-genai_sycl-graph-record-replay/build/examples/gguf && /usr/bin/cmake -E cmake_link_script CMakeFiles/llama-gguf.dir/link.txt --verbose=1
[ 38%] Linking CXX executable ../../bin/llama-gguf-hash
cd /home/jianyuzh/ws/llama.cpp/auto_ci/28725/aicss-genai_sycl-graph-record-replay/build/examples/gguf-hash && /usr/bin/cmake -E cmake_link_script CMakeFiles/llama-gguf-hash.dir/link.txt --verbose=1
/opt/intel/oneapi/compiler/2026.1/bin/icpx -O3 -DNDEBUG -Wl,--dependency-file=CMakeFiles/llama-gguf.dir/link.d "CMakeFiles/llama-gguf.dir/gguf.cpp.o" -o ../../bin/llama-gguf  -Wl,-rpath,/home/jianyuzh/ws/llama.cpp/auto_ci/28725/aicss-genai_sycl-graph-record-replay/build/bin: ../../bin/libggml.so.0.24.0 ../../bin/libggml-cpu.so.0.24.0 ../../bin/libggml-sycl.so.0.24.0 ../../bin/libggml-base.so.0.24.0
gmake[2]: Leaving directory '/home/jianyuzh/ws/llama.cpp/auto_ci/28725/aicss-genai_sycl-graph-record-replay/build'
[ 38%] Built target llama-gguf
/opt/intel/oneapi/compiler/2026.1/bin/icpx -O3 -DNDEBUG -Wl,--dependency-file=CMakeFiles/llama-gguf-hash.dir/link.d "CMakeFiles/llama-gguf-hash.dir/gguf-hash.cpp.o" -o ../../bin/llama-gguf-hash  -Wl,-rpath,/home/jianyuzh/ws/llama.cpp/auto_ci/28725/aicss-genai_sycl-graph-record-replay/build/bin: ../../vendor/hash/libvendor-hash.a ../../bin/libggml.so.0.24.0 ../../bin/libggml-cpu.so.0.24.0 ../../bin/libggml-sycl.so.0.24.0 ../../bin/libggml-base.so.0.24.0
gmake[2]: Leaving directory '/home/jianyuzh/ws/llama.cpp/auto_ci/28725/aicss-genai_sycl-graph-record-replay/build'
[ 38%] Built target llama-gguf-hash
[ 38%] Linking CXX shared library ../bin/libllama.so
cd /home/jianyuzh/ws/llama.cpp/auto_ci/28725/aicss-genai_sycl-graph-record-replay/build/src && /usr/bin/cmake -E cmake_link_script CMakeFiles/llama.dir/link.txt --verbose=1
/opt/intel/oneapi/compiler/2026.1/bin/icpx -fPIC -O3 -DNDEBUG -shared -Wl,--dependency-file=CMakeFiles/llama.dir/link.d -Wl,-soname,libllama.so.0 -o ../bin/libllama.so.0.4.1 CMakeFiles/llama.dir/Unity/unity_9_cxx.cxx.o CMakeFiles/llama.dir/Unity/unity_8_cxx.cxx.o CMakeFiles/llama.dir/Unity/unity_7_cxx.cxx.o CMakeFiles/llama.dir/Unity/unity_6_cxx.cxx.o CMakeFiles/llama.dir/Unity/unity_5_cxx.cxx.o CMakeFiles/llama.dir/Unity/unity_4_cxx.cxx.o CMakeFiles/llama.dir/Unity/unity_3_cxx.cxx.o CMakeFiles/llama.dir/Unity/unity_2_cxx.cxx.o CMakeFiles/llama.dir/Unity/unity_1_cxx.cxx.o CMakeFiles/llama.dir/Unity/unity_0_cxx.cxx.o CMakeFiles/llama.dir/llama.cpp.o "CMakeFiles/llama.dir/llama-adapter.cpp.o" "CMakeFiles/llama.dir/llama-arch.cpp.o" "CMakeFiles/llama.dir/llama-batch.cpp.o" "CMakeFiles/llama.dir/llama-chat.cpp.o" "CMakeFiles/llama.dir/llama-context.cpp.o" "CMakeFiles/llama.dir/llama-cparams.cpp.o" "CMakeFiles/llama.dir/llama-grammar.cpp.o" "CMakeFiles/llama.dir/llama-graph.cpp.o" "CMakeFiles/llama.dir/llama-hparams.cpp.o" "CMakeFiles/llama.dir/llama-impl.cpp.o" "CMakeFiles/llama.dir/llama-io.cpp.o" "CMakeFiles/llama.dir/llama-kv-cache.cpp.o" "CMakeFiles/llama.dir/llama-kv-cache-iswa.cpp.o" "CMakeFiles/llama.dir/llama-kv-cache-dsa.cpp.o" "CMakeFiles/llama.dir/llama-kv-cache-dsa-iswa.cpp.o" "CMakeFiles/llama.dir/llama-kv-cache-msa.cpp.o" "CMakeFiles/llama.dir/llama-kv-cache-dsv4.cpp.o" "CMakeFiles/llama.dir/llama-memory.cpp.o" "CMakeFiles/llama.dir/llama-memory-hybrid.cpp.o" "CMakeFiles/llama.dir/llama-memory-hybrid-iswa.cpp.o" "CMakeFiles/llama.dir/llama-memory-hybrid-idx.cpp.o" "CMakeFiles/llama.dir/llama-memory-recurrent.cpp.o" "CMakeFiles/llama.dir/llama-mmap.cpp.o" "CMakeFiles/llama.dir/llama-model-loader.cpp.o" "CMakeFiles/llama.dir/llama-model-saver.cpp.o" "CMakeFiles/llama.dir/llama-model.cpp.o" "CMakeFiles/llama.dir/llama-quant.cpp.o" "CMakeFiles/llama.dir/llama-sampler.cpp.o" "CMakeFiles/llama.dir/llama-vocab.cpp.o" "CMakeFiles/llama.dir/unicode-data.cpp.o" CMakeFiles/llama.dir/unicode.cpp.o  -Wl,-rpath,/home/jianyuzh/ws/llama.cpp/auto_ci/28725/aicss-genai_sycl-graph-record-replay/build/bin: ../bin/libggml.so.0.24.0 ../bin/libggml-cpu.so.0.24.0 ../bin/libggml-sycl.so.0.24.0 ../bin/libggml-base.so.0.24.0
cd /home/jianyuzh/ws/llama.cpp/auto_ci/28725/aicss-genai_sycl-graph-record-replay/build/src && /usr/bin/cmake -E cmake_symlink_library ../bin/libllama.so.0.4.1 ../bin/libllama.so.0 ../bin/libllama.so
gmake[2]: Leaving directory '/home/jianyuzh/ws/llama.cpp/auto_ci/28725/aicss-genai_sycl-graph-record-replay/build'
[ 38%] Built target llama
/usr/bin/gmake  -f common/CMakeFiles/llama-common.dir/build.make common/CMakeFiles/llama-common.dir/depend
/usr/bin/gmake  -f tools/mtmd/CMakeFiles/mtmd.dir/build.make tools/mtmd/CMakeFiles/mtmd.dir/depend
/usr/bin/gmake  -f tests/CMakeFiles/test-c.dir/build.make tests/CMakeFiles/test-c.dir/depend
/usr/bin/gmake  -f examples/simple/CMakeFiles/llama-simple.dir/build.make examples/simple/CMakeFiles/llama-simple.dir/depend
/usr/bin/gmake  -f examples/simple-chat/CMakeFiles/llama-simple-chat.dir/build.make examples/simple-chat/CMakeFiles/llama-simple-chat.dir/depend
gmake[2]: Entering directory '/home/jianyuzh/ws/llama.cpp/auto_ci/28725/aicss-genai_sycl-graph-record-replay/build'
cd /home/jianyuzh/ws/llama.cpp/auto_ci/28725/aicss-genai_sycl-graph-record-replay/build && /usr/bin/cmake -E cmake_depends "Unix Makefiles" /home/jianyuzh/ws/llama.cpp/auto_ci/28725/aicss-genai_sycl-graph-record-replay /home/jianyuzh/ws/llama.cpp/auto_ci/28725/aicss-genai_sycl-graph-record-replay/common /home/jianyuzh/ws/llama.cpp/auto_ci/28725/aicss-genai_sycl-graph-record-replay/build /home/jianyuzh/ws/llama.cpp/auto_ci/28725/aicss-genai_sycl-graph-record-replay/build/common /home/jianyuzh/ws/llama.cpp/auto_ci/28725/aicss-genai_sycl-graph-record-replay/build/common/CMakeFiles/llama-common.dir/DependInfo.cmake "--color=" llama-common
gmake[2]: Entering directory '/home/jianyuzh/ws/llama.cpp/auto_ci/28725/aicss-genai_sycl-graph-record-replay/build'
cd /home/jianyuzh/ws/llama.cpp/auto_ci/28725/aicss-genai_sycl-graph-record-replay/build && /usr/bin/cmake -E cmake_depends "Unix Makefiles" /home/jianyuzh/ws/llama.cpp/auto_ci/28725/aicss-genai_sycl-graph-record-replay /home/jianyuzh/ws/llama.cpp/auto_ci/28725/aicss-genai_sycl-graph-record-replay/tools/mtmd /home/jianyuzh/ws/llama.cpp/auto_ci/28725/aicss-genai_sycl-graph-record-replay/build /home/jianyuzh/ws/llama.cpp/auto_ci/28725/aicss-genai_sycl-graph-record-replay/build/tools/mtmd /home/jianyuzh/ws/llama.cpp/auto_ci/28725/aicss-genai_sycl-graph-record-replay/build/tools/mtmd/CMakeFiles/mtmd.dir/DependInfo.cmake "--color=" mtmd
gmake[2]: Entering directory '/home/jianyuzh/ws/llama.cpp/auto_ci/28725/aicss-genai_sycl-graph-record-replay/build'
cd /home/jianyuzh/ws/llama.cpp/auto_ci/28725/aicss-genai_sycl-graph-record-replay/build && /usr/bin/cmake -E cmake_depends "Unix Makefiles" /home/jianyuzh/ws/llama.cpp/auto_ci/28725/aicss-genai_sycl-graph-record-replay /home/jianyuzh/ws/llama.cpp/auto_ci/28725/aicss-genai_sycl-graph-record-replay/examples/simple /home/jianyuzh/ws/llama.cpp/auto_ci/28725/aicss-genai_sycl-graph-record-replay/build /home/jianyuzh/ws/llama.cpp/auto_ci/28725/aicss-genai_sycl-graph-record-replay/build/examples/simple /home/jianyuzh/ws/llama.cpp/auto_ci/28725/aicss-genai_sycl-graph-record-replay/build/examples/simple/CMakeFiles/llama-simple.dir/DependInfo.cmake "--color=" llama-simple
gmake[2]: Entering directory '/home/jianyuzh/ws/llama.cpp/auto_ci/28725/aicss-genai_sycl-graph-record-replay/build'
cd /home/jianyuzh/ws/llama.cpp/auto_ci/28725/aicss-genai_sycl-graph-record-replay/build && /usr/bin/cmake -E cmake_depends "Unix Makefiles" /home/jianyuzh/ws/llama.cpp/auto_ci/28725/aicss-genai_sycl-graph-record-replay /home/jianyuzh/ws/llama.cpp/auto_ci/28725/aicss-genai_sycl-graph-record-replay/tests /home/jianyuzh/ws/llama.cpp/auto_ci/28725/aicss-genai_sycl-graph-record-replay/build /home/jianyuzh/ws/llama.cpp/auto_ci/28725/aicss-genai_sycl-graph-record-replay/build/tests /home/jianyuzh/ws/llama.cpp/auto_ci/28725/aicss-genai_sycl-graph-record-replay/build/tests/CMakeFiles/test-c.dir/DependInfo.cmake "--color=" test-c
gmake[2]: Entering directory '/home/jianyuzh/ws/llama.cpp/auto_ci/28725/aicss-genai_sycl-graph-record-replay/build'
cd /home/jianyuzh/ws/llama.cpp/auto_ci/28725/aicss-genai_sycl-graph-record-replay/build && /usr/bin/cmake -E cmake_depends "Unix Makefiles" /home/jianyuzh/ws/llama.cpp/auto_ci/28725/aicss-genai_sycl-graph-record-replay /home/jianyuzh/ws/llama.cpp/auto_ci/28725/aicss-genai_sycl-graph-record-replay/examples/simple-chat /home/jianyuzh/ws/llama.cpp/auto_ci/28725/aicss-genai_sycl-graph-record-replay/build /home/jianyuzh/ws/llama.cpp/auto_ci/28725/aicss-genai_sycl-graph-record-replay/build/examples/simple-chat /home/jianyuzh/ws/llama.cpp/auto_ci/28725/aicss-genai_sycl-graph-record-replay/build/examples/simple-chat/CMakeFiles/llama-simple-chat.dir/DependInfo.cmake "--color=" llama-simple-chat
gmake[2]: Leaving directory '/home/jianyuzh/ws/llama.cpp/auto_ci/28725/aicss-genai_sycl-graph-record-replay/build'
/usr/bin/gmake  -f examples/simple/CMakeFiles/llama-simple.dir/build.make examples/simple/CMakeFiles/llama-simple.dir/build
gmake[2]: Leaving directory '/home/jianyuzh/ws/llama.cpp/auto_ci/28725/aicss-genai_sycl-graph-record-replay/build'
/usr/bin/gmake  -f tools/mtmd/CMakeFiles/mtmd.dir/build.make tools/mtmd/CMakeFiles/mtmd.dir/build
gmake[2]: Entering directory '/home/jianyuzh/ws/llama.cpp/auto_ci/28725/aicss-genai_sycl-graph-record-replay/build'
gmake[2]: Leaving directory '/home/jianyuzh/ws/llama.cpp/auto_ci/28725/aicss-genai_sycl-graph-record-replay/build'
/usr/bin/gmake  -f common/CMakeFiles/llama-common.dir/build.make common/CMakeFiles/llama-common.dir/build
gmake[2]: Entering directory '/home/jianyuzh/ws/llama.cpp/auto_ci/28725/aicss-genai_sycl-graph-record-replay/build'
gmake[2]: Entering directory '/home/jianyuzh/ws/llama.cpp/auto_ci/28725/aicss-genai_sycl-graph-record-replay/build'
gmake[2]: Leaving directory '/home/jianyuzh/ws/llama.cpp/auto_ci/28725/aicss-genai_sycl-graph-record-replay/build'
gmake[2]: Leaving directory '/home/jianyuzh/ws/llama.cpp/auto_ci/28725/aicss-genai_sycl-graph-record-replay/build'
/usr/bin/gmake  -f tests/CMakeFiles/test-c.dir/build.make tests/CMakeFiles/test-c.dir/build
/usr/bin/gmake  -f examples/simple-chat/CMakeFiles/llama-simple-chat.dir/build.make examples/simple-chat/CMakeFiles/llama-simple-chat.dir/build
gmake[2]: Entering directory '/home/jianyuzh/ws/llama.cpp/auto_ci/28725/aicss-genai_sycl-graph-record-replay/build'
[ 38%] Building CXX object examples/simple/CMakeFiles/llama-simple.dir/simple.cpp.o
gmake[2]: Entering directory '/home/jianyuzh/ws/llama.cpp/auto_ci/28725/aicss-genai_sycl-graph-record-replay/build'
cd /home/jianyuzh/ws/llama.cpp/auto_ci/28725/aicss-genai_sycl-graph-record-replay/build/examples/simple && /opt/intel/oneapi/compiler/2026.1/bin/icpx -DGGML_BACKEND_SHARED -DGGML_SHARED -DGGML_USE_CPU -DGGML_USE_SYCL -DLLAMA_SHARED -I/home/jianyuzh/ws/llama.cpp/auto_ci/28725/aicss-genai_sycl-graph-record-replay/src/../include -I/home/jianyuzh/ws/llama.cpp/auto_ci/28725/aicss-genai_sycl-graph-record-replay/ggml/src/../include -O3 -DNDEBUG -Xclang -fno-pch-timestamp -Wmissing-declarations -Wmissing-noreturn -Wall -Wextra -Wpedantic -Wcast-qual -Wno-unused-function -MD -MT examples/simple/CMakeFiles/llama-simple.dir/simple.cpp.o -MF CMakeFiles/llama-simple.dir/simple.cpp.o.d -o CMakeFiles/llama-simple.dir/simple.cpp.o -c /home/jianyuzh/ws/llama.cpp/auto_ci/28725/aicss-genai_sycl-graph-record-replay/examples/simple/simple.cpp
[ 38%] Building CXX object tools/mtmd/CMakeFiles/mtmd.dir/mtmd-audio.cpp.o
[ 38%] Building CXX object common/CMakeFiles/llama-common.dir/parsers/cohere2moe.cpp.o
[ 38%] Building CXX object tools/mtmd/CMakeFiles/mtmd.dir/mtmd-image.cpp.o
[ 38%] Building CXX object tools/mtmd/CMakeFiles/mtmd.dir/mtmd.cpp.o
[ 38%] Building CXX object tools/mtmd/CMakeFiles/mtmd.dir/clip.cpp.o
[ 39%] Building CXX object common/CMakeFiles/llama-common.dir/parsers/functionary-v3-2.cpp.o
cd /home/jianyuzh/ws/llama.cpp/auto_ci/28725/aicss-genai_sycl-graph-record-replay/build/tools/mtmd && /opt/intel/oneapi/compiler/2026.1/bin/icpx -DGGML_BACKEND_SHARED -DGGML_SHARED -DGGML_USE_CPU -DGGML_USE_SYCL -DLLAMA_BUILD -DLLAMA_SHARED -DMTMD_VIDEO -Dmtmd_EXPORTS -I/home/jianyuzh/ws/llama.cpp/auto_ci/28725/aicss-genai_sycl-graph-record-replay/tools/mtmd/. -I/home/jianyuzh/ws/llama.cpp/auto_ci/28725/aicss-genai_sycl-graph-record-replay/ggml/src/../include -I/home/jianyuzh/ws/llama.cpp/auto_ci/28725/aicss-genai_sycl-graph-record-replay/src/../include -I/home/jianyuzh/ws/llama.cpp/auto_ci/28725/aicss-genai_sycl-graph-record-replay/vendor/hash/.. -I/home/jianyuzh/ws/llama.cpp/auto_ci/28725/aicss-genai_sycl-graph-record-replay/vendor/miniaudio/.. -I/home/jianyuzh/ws/llama.cpp/auto_ci/28725/aicss-genai_sycl-graph-record-replay/vendor/stb/.. -I/home/jianyuzh/ws/llama.cpp/auto_ci/28725/aicss-genai_sycl-graph-record-replay/vendor/sheredom/.. -O3 -DNDEBUG -fPIC -Xclang -fno-pch-timestamp -Wmissing-declarations -Wmissing-noreturn -Wall -Wextra -Wpedantic -Wcast-qual -Wno-unused-function -Wno-cast-qual -MD -MT tools/mtmd/CMakeFiles/mtmd.dir/mtmd-audio.cpp.o -MF CMakeFiles/mtmd.dir/mtmd-audio.cpp.o.d -o CMakeFiles/mtmd.dir/mtmd-audio.cpp.o -c /home/jianyuzh/ws/llama.cpp/auto_ci/28725/aicss-genai_sycl-graph-record-replay/tools/mtmd/mtmd-audio.cpp
[ 40%] Building CXX object common/CMakeFiles/llama-common.dir/parsers/parsers.cpp.o
[ 40%] Building CXX object tools/mtmd/CMakeFiles/mtmd.dir/mtmd-helper.cpp.o
cd /home/jianyuzh/ws/llama.cpp/auto_ci/28725/aicss-genai_sycl-graph-record-replay/build/common && /opt/intel/oneapi/compiler/2026.1/bin/icpx -DGGML_BACKEND_SHARED -DGGML_SHARED -DGGML_USE_CPU -DGGML_USE_SYCL -DLLAMA_SHARED -DLLAMA_SUBPROCESS -Dllama_common_EXPORTS -I/home/jianyuzh/ws/llama.cpp/auto_ci/28725/aicss-genai_sycl-graph-record-replay/common/. -I/home/jianyuzh/ws/llama.cpp/auto_ci/28725/aicss-genai_sycl-graph-record-replay/vendor/nlohmann/.. -I/home/jianyuzh/ws/llama.cpp/auto_ci/28725/aicss-genai_sycl-graph-record-replay/vendor/sheredom/.. -I/home/jianyuzh/ws/llama.cpp/auto_ci/28725/aicss-genai_sycl-graph-record-replay/src/../include -I/home/jianyuzh/ws/llama.cpp/auto_ci/28725/aicss-genai_sycl-graph-record-replay/ggml/src/../include -O3 -DNDEBUG -fPIC -Xclang -fno-pch-timestamp -Wmissing-declarations -Wmissing-noreturn -Wall -Wextra -Wpedantic -Wcast-qual -Wno-unused-function -MD -MT common/CMakeFiles/llama-common.dir/parsers/cohere2moe.cpp.o -MF CMakeFiles/llama-common.dir/parsers/cohere2moe.cpp.o.d -o CMakeFiles/llama-common.dir/parsers/cohere2moe.cpp.o -c /home/jianyuzh/ws/llama.cpp/auto_ci/28725/aicss-genai_sycl-graph-record-replay/common/parsers/cohere2moe.cpp
[ 40%] Building CXX object common/CMakeFiles/llama-common.dir/parsers/deepseek.cpp.o
[ 40%] Building CXX object tools/mtmd/CMakeFiles/mtmd.dir/models/conformer.cpp.o
[ 41%] Building CXX object tools/mtmd/CMakeFiles/mtmd.dir/models/exaone4_5.cpp.o
[ 41%] Building CXX object common/CMakeFiles/llama-common.dir/parsers/ling3.cpp.o
cd /home/jianyuzh/ws/llama.cpp/auto_ci/28725/aicss-genai_sycl-graph-record-replay/build/tools/mtmd && /opt/intel/oneapi/compiler/2026.1/bin/icpx -DGGML_BACKEND_SHARED -DGGML_SHARED -DGGML_USE_CPU -DGGML_USE_SYCL -DLLAMA_BUILD -DLLAMA_SHARED -DMTMD_VIDEO -Dmtmd_EXPORTS -I/home/jianyuzh/ws/llama.cpp/auto_ci/28725/aicss-genai_sycl-graph-record-replay/tools/mtmd/. -I/home/jianyuzh/ws/llama.cpp/auto_ci/28725/aicss-genai_sycl-graph-record-replay/ggml/src/../include -I/home/jianyuzh/ws/llama.cpp/auto_ci/28725/aicss-genai_sycl-graph-record-replay/src/../include -I/home/jianyuzh/ws/llama.cpp/auto_ci/28725/aicss-genai_sycl-graph-record-replay/vendor/hash/.. -I/home/jianyuzh/ws/llama.cpp/auto_ci/28725/aicss-genai_sycl-graph-record-replay/vendor/miniaudio/.. -I/home/jianyuzh/ws/llama.cpp/auto_ci/28725/aicss-genai_sycl-graph-record-replay/vendor/stb/.. -I/home/jianyuzh/ws/llama.cpp/auto_ci/28725/aicss-genai_sycl-graph-record-replay/vendor/sheredom/.. -O3 -DNDEBUG -fPIC -Xclang -fno-pch-timestamp -Wmissing-declarations -Wmissing-noreturn -Wall -Wextra -Wpedantic -Wcast-qual -Wno-unused-function -Wno-cast-qual -MD -MT tools/mtmd/CMakeFiles/mtmd.dir/mtmd-image.cpp.o -MF CMakeFiles/mtmd.dir/mtmd-image.cpp.o.d -o CMakeFiles/mtmd.dir/mtmd-image.cpp.o -c /home/jianyuzh/ws/llama.cpp/auto_ci/28725/aicss-genai_sycl-graph-record-replay/tools/mtmd/mtmd-image.cpp
[ 41%] Building CXX object tools/mtmd/CMakeFiles/mtmd.dir/mtmd-helper-gen.cpp.o
[ 41%] Building CXX object common/CMakeFiles/llama-common.dir/parsers/gpt-oss.cpp.o
cd /home/jianyuzh/ws/llama.cpp/auto_ci/28725/aicss-genai_sycl-graph-record-replay/build/common && /opt/intel/oneapi/compiler/2026.1/bin/icpx -DGGML_BACKEND_SHARED -DGGML_SHARED -DGGML_USE_CPU -DGGML_USE_SYCL -DLLAMA_SHARED -DLLAMA_SUBPROCESS -Dllama_common_EXPORTS -I/home/jianyuzh/ws/llama.cpp/auto_ci/28725/aicss-genai_sycl-graph-record-replay/common/. -I/home/jianyuzh/ws/llama.cpp/auto_ci/28725/aicss-genai_sycl-graph-record-replay/vendor/nlohmann/.. -I/home/jianyuzh/ws/llama.cpp/auto_ci/28725/aicss-genai_sycl-graph-record-replay/vendor/sheredom/.. -I/home/jianyuzh/ws/llama.cpp/auto_ci/28725/aicss-genai_sycl-graph-record-replay/src/../include -I/home/jianyuzh/ws/llama.cpp/auto_ci/28725/aicss-genai_sycl-graph-record-replay/ggml/src/../include -O3 -DNDEBUG -fPIC -Xclang -fno-pch-timestamp -Wmissing-declarations -Wmissing-noreturn -Wall -Wextra -Wpedantic -Wcast-qual -Wno-unused-function -MD -MT common/CMakeFiles/llama-common.dir/parsers/functionary-v3-2.cpp.o -MF CMakeFiles/llama-common.dir/parsers/functionary-v3-2.cpp.o.d -o CMakeFiles/llama-common.dir/parsers/functionary-v3-2.cpp.o -c /home/jianyuzh/ws/llama.cpp/auto_ci/28725/aicss-genai_sycl-graph-record-replay/common/parsers/functionary-v3-2.cpp
cd /home/jianyuzh/ws/llama.cpp/auto_ci/28725/aicss-genai_sycl-graph-record-replay/build/tools/mtmd && /opt/intel/oneapi/compiler/2026.1/bin/icpx -DGGML_BACKEND_SHARED -DGGML_SHARED -DGGML_USE_CPU -DGGML_USE_SYCL -DLLAMA_BUILD -DLLAMA_SHARED -DMTMD_VIDEO -Dmtmd_EXPORTS -I/home/jianyuzh/ws/llama.cpp/auto_ci/28725/aicss-genai_sycl-graph-record-replay/tools/mtmd/. -I/home/jianyuzh/ws/llama.cpp/auto_ci/28725/aicss-genai_sycl-graph-record-replay/ggml/src/../include -I/home/jianyuzh/ws/llama.cpp/auto_ci/28725/aicss-genai_sycl-graph-record-replay/src/../include -I/home/jianyuzh/ws/llama.cpp/auto_ci/28725/aicss-genai_sycl-graph-record-replay/vendor/hash/.. -I/home/jianyuzh/ws/llama.cpp/auto_ci/28725/aicss-genai_sycl-graph-record-replay/vendor/miniaudio/.. -I/home/jianyuzh/ws/llama.cpp/auto_ci/28725/aicss-genai_sycl-graph-record-replay/vendor/stb/.. -I/home/jianyuzh/ws/llama.cpp/auto_ci/28725/aicss-genai_sycl-graph-record-replay/vendor/sheredom/.. -O3 -DNDEBUG -fPIC -Xclang -fno-pch-timestamp -Wmissing-declarations -Wmissing-noreturn -Wall -Wextra -Wpedantic -Wcast-qual -Wno-unused-function -Wno-cast-qual -MD -MT tools/mtmd/CMakeFiles/mtmd.dir/mtmd.cpp.o -MF CMakeFiles/mtmd.dir/mtmd.cpp.o.d -o CMakeFiles/mtmd.dir/mtmd.cpp.o -c /home/jianyuzh/ws/llama.cpp/auto_ci/28725/aicss-genai_sycl-graph-record-replay/tools/mtmd/mtmd.cpp
[ 42%] Building CXX object tools/mtmd/CMakeFiles/mtmd.dir/models/gemma4ua.cpp.o
cd /home/jianyuzh/ws/llama.cpp/auto_ci/28725/aicss-genai_sycl-graph-record-replay/build/tools/mtmd && /opt/intel/oneapi/compiler/2026.1/bin/icpx -DGGML_BACKEND_SHARED -DGGML_SHARED -DGGML_USE_CPU -DGGML_USE_SYCL -DLLAMA_BUILD -DLLAMA_SHARED -DMTMD_VIDEO -Dmtmd_EXPORTS -I/home/jianyuzh/ws/llama.cpp/auto_ci/28725/aicss-genai_sycl-graph-record-replay/tools/mtmd/. -I/home/jianyuzh/ws/llama.cpp/auto_ci/28725/aicss-genai_sycl-graph-record-replay/ggml/src/../include -I/home/jianyuzh/ws/llama.cpp/auto_ci/28725/aicss-genai_sycl-graph-record-replay/src/../include -I/home/jianyuzh/ws/llama.cpp/auto_ci/28725/aicss-genai_sycl-graph-record-replay/vendor/hash/.. -I/home/jianyuzh/ws/llama.cpp/auto_ci/28725/aicss-genai_sycl-graph-record-replay/vendor/miniaudio/.. -I/home/jianyuzh/ws/llama.cpp/auto_ci/28725/aicss-genai_sycl-graph-record-replay/vendor/stb/.. -I/home/jianyuzh/ws/llama.cpp/auto_ci/28725/aicss-genai_sycl-graph-record-replay/vendor/sheredom/.. -O3 -DNDEBUG -fPIC -Xclang -fno-pch-timestamp -Wmissing-declarations -Wmissing-noreturn -Wall -Wextra -Wpedantic -Wcast-qual -Wno-unused-function -Wno-cast-qual -MD -MT tools/mtmd/CMakeFiles/mtmd.dir/clip.cpp.o -MF CMakeFiles/mtmd.dir/clip.cpp.o.d -o CMakeFiles/mtmd.dir/clip.cpp.o -c /home/jianyuzh/ws/llama.cpp/auto_ci/28725/aicss-genai_sycl-graph-record-replay/tools/mtmd/clip.cpp
cd /home/jianyuzh/ws/llama.cpp/auto_ci/28725/aicss-genai_sycl-graph-record-replay/build/common && /opt/intel/oneapi/compiler/2026.1/bin/icpx -DGGML_BACKEND_SHARED -DGGML_SHARED -DGGML_USE_CPU -DGGML_USE_SYCL -DLLAMA_SHARED -DLLAMA_SUBPROCESS -Dllama_common_EXPORTS -I/home/jianyuzh/ws/llama.cpp/auto_ci/28725/aicss-genai_sycl-graph-record-replay/common/. -I/home/jianyuzh/ws/llama.cpp/auto_ci/28725/aicss-genai_sycl-graph-record-replay/vendor/nlohmann/.. -I/home/jianyuzh/ws/llama.cpp/auto_ci/28725/aicss-genai_sycl-graph-record-replay/vendor/sheredom/.. -I/home/jianyuzh/ws/llama.cpp/auto_ci/28725/aicss-genai_sycl-graph-record-replay/src/../include -I/home/jianyuzh/ws/llama.cpp/auto_ci/28725/aicss-genai_sycl-graph-record-replay/ggml/src/../include -O3 -DNDEBUG -fPIC -Xclang -fno-pch-timestamp -Wmissing-declarations -Wmissing-noreturn -Wall -Wextra -Wpedantic -Wcast-qual -Wno-unused-function -MD -MT common/CMakeFiles/llama-common.dir/parsers/parsers.cpp.o -MF CMakeFiles/llama-common.dir/parsers/parsers.cpp.o.d -o CMakeFiles/llama-common.dir/parsers/parsers.cpp.o -c /home/jianyuzh/ws/llama.cpp/auto_ci/28725/aicss-genai_sycl-graph-record-replay/common/parsers/parsers.cpp
[ 42%] Building CXX object tools/mtmd/CMakeFiles/mtmd.dir/models/cogvlm.cpp.o
[ 42%] Building CXX object tools/mtmd/CMakeFiles/mtmd.dir/models/deepseek4v.cpp.o
cd /home/jianyuzh/ws/llama.cpp/auto_ci/28725/aicss-genai_sycl-graph-record-replay/build/tools/mtmd && /opt/intel/oneapi/compiler/2026.1/bin/icpx -DGGML_BACKEND_SHARED -DGGML_SHARED -DGGML_USE_CPU -DGGML_USE_SYCL -DLLAMA_BUILD -DLLAMA_SHARED -DMTMD_VIDEO -Dmtmd_EXPORTS -I/home/jianyuzh/ws/llama.cpp/auto_ci/28725/aicss-genai_sycl-graph-record-replay/tools/mtmd/. -I/home/jianyuzh/ws/llama.cpp/auto_ci/28725/aicss-genai_sycl-graph-record-replay/ggml/src/../include -I/home/jianyuzh/ws/llama.cpp/auto_ci/28725/aicss-genai_sycl-graph-record-replay/src/../include -I/home/jianyuzh/ws/llama.cpp/auto_ci/28725/aicss-genai_sycl-graph-record-replay/vendor/hash/.. -I/home/jianyuzh/ws/llama.cpp/auto_ci/28725/aicss-genai_sycl-graph-record-replay/vendor/miniaudio/.. -I/home/jianyuzh/ws/llama.cpp/auto_ci/28725/aicss-genai_sycl-graph-record-replay/vendor/stb/.. -I/home/jianyuzh/ws/llama.cpp/auto_ci/28725/aicss-genai_sycl-graph-record-replay/vendor/sheredom/.. -O3 -DNDEBUG -fPIC -Xclang -fno-pch-timestamp -Wmissing-declarations -Wmissing-noreturn -Wall -Wextra -Wpedantic -Wcast-qual -Wno-unused-function -Wno-cast-qual -MD -MT tools/mtmd/CMakeFiles/mtmd.dir/mtmd-helper.cpp.o -MF CMakeFiles/mtmd.dir/mtmd-helper.cpp.o.d -o CMakeFiles/mtmd.dir/mtmd-helper.cpp.o -c /home/jianyuzh/ws/llama.cpp/auto_ci/28725/aicss-genai_sycl-graph-record-replay/tools/mtmd/mtmd-helper.cpp
cd /home/jianyuzh/ws/llama.cpp/auto_ci/28725/aicss-genai_sycl-graph-record-replay/build/common && /opt/intel/oneapi/compiler/2026.1/bin/icpx -DGGML_BACKEND_SHARED -DGGML_SHARED -DGGML_USE_CPU -DGGML_USE_SYCL -DLLAMA_SHARED -DLLAMA_SUBPROCESS -Dllama_common_EXPORTS -I/home/jianyuzh/ws/llama.cpp/auto_ci/28725/aicss-genai_sycl-graph-record-replay/common/. -I/home/jianyuzh/ws/llama.cpp/auto_ci/28725/aicss-genai_sycl-graph-record-replay/vendor/nlohmann/.. -I/home/jianyuzh/ws/llama.cpp/auto_ci/28725/aicss-genai_sycl-graph-record-replay/vendor/sheredom/.. -I/home/jianyuzh/ws/llama.cpp/auto_ci/28725/aicss-genai_sycl-graph-record-replay/src/../include -I/home/jianyuzh/ws/llama.cpp/auto_ci/28725/aicss-genai_sycl-graph-record-replay/ggml/src/../include -O3 -DNDEBUG -fPIC -Xclang -fno-pch-timestamp -Wmissing-declarations -Wmissing-noreturn -Wall -Wextra -Wpedantic -Wcast-qual -Wno-unused-function -MD -MT common/CMakeFiles/llama-common.dir/parsers/deepseek.cpp.o -MF CMakeFiles/llama-common.dir/parsers/deepseek.cpp.o.d -o CMakeFiles/llama-common.dir/parsers/deepseek.cpp.o -c /home/jianyuzh/ws/llama.cpp/auto_ci/28725/aicss-genai_sycl-graph-record-replay/common/parsers/deepseek.cpp
[ 42%] Building CXX object common/CMakeFiles/llama-common.dir/parsers/kimi-k3.cpp.o
[ 42%] Building CXX object common/CMakeFiles/llama-common.dir/parsers/kimi-k2.cpp.o
[ 42%] Building CXX object common/CMakeFiles/llama-common.dir/parsers/gemma4.cpp.o
cd /home/jianyuzh/ws/llama.cpp/auto_ci/28725/aicss-genai_sycl-graph-record-replay/build/tools/mtmd && /opt/intel/oneapi/compiler/2026.1/bin/icpx -DGGML_BACKEND_SHARED -DGGML_SHARED -DGGML_USE_CPU -DGGML_USE_SYCL -DLLAMA_BUILD -DLLAMA_SHARED -DMTMD_VIDEO -Dmtmd_EXPORTS -I/home/jianyuzh/ws/llama.cpp/auto_ci/28725/aicss-genai_sycl-graph-record-replay/tools/mtmd/. -I/home/jianyuzh/ws/llama.cpp/auto_ci/28725/aicss-genai_sycl-graph-record-replay/ggml/src/../include -I/home/jianyuzh/ws/llama.cpp/auto_ci/28725/aicss-genai_sycl-graph-record-replay/src/../include -I/home/jianyuzh/ws/llama.cpp/auto_ci/28725/aicss-genai_sycl-graph-record-replay/vendor/hash/.. -I/home/jianyuzh/ws/llama.cpp/auto_ci/28725/aicss-genai_sycl-graph-record-replay/vendor/miniaudio/.. -I/home/jianyuzh/ws/llama.cpp/auto_ci/28725/aicss-genai_sycl-graph-record-replay/vendor/stb/.. -I/home/jianyuzh/ws/llama.cpp/auto_ci/28725/aicss-genai_sycl-graph-record-replay/vendor/sheredom/.. -O3 -DNDEBUG -fPIC -Xclang -fno-pch-timestamp -Wmissing-declarations -Wmissing-noreturn -Wall -Wextra -Wpedantic -Wcast-qual -Wno-unused-function -Wno-cast-qual -MD -MT tools/mtmd/CMakeFiles/mtmd.dir/models/exaone4_5.cpp.o -MF CMakeFiles/mtmd.dir/models/exaone4_5.cpp.o.d -o CMakeFiles/mtmd.dir/models/exaone4_5.cpp.o -c /home/jianyuzh/ws/llama.cpp/auto_ci/28725/aicss-genai_sycl-graph-record-replay/tools/mtmd/models/exaone4_5.cpp
cd /home/jianyuzh/ws/llama.cpp/auto_ci/28725/aicss-genai_sycl-graph-record-replay/build/common && /opt/intel/oneapi/compiler/2026.1/bin/icpx -DGGML_BACKEND_SHARED -DGGML_SHARED -DGGML_USE_CPU -DGGML_USE_SYCL -DLLAMA_SHARED -DLLAMA_SUBPROCESS -Dllama_common_EXPORTS -I/home/jianyuzh/ws/llama.cpp/auto_ci/28725/aicss-genai_sycl-graph-record-replay/common/. -I/home/jianyuzh/ws/llama.cpp/auto_ci/28725/aicss-genai_sycl-graph-record-replay/vendor/nlohmann/.. -I/home/jianyuzh/ws/llama.cpp/auto_ci/28725/aicss-genai_sycl-graph-record-replay/vendor/sheredom/.. -I/home/jianyuzh/ws/llama.cpp/auto_ci/28725/aicss-genai_sycl-graph-record-replay/src/../include -I/home/jianyuzh/ws/llama.cpp/auto_ci/28725/aicss-genai_sycl-graph-record-replay/ggml/src/../include -O3 -DNDEBUG -fPIC -Xclang -fno-pch-timestamp -Wmissing-declarations -Wmissing-noreturn -Wall -Wextra -Wpedantic -Wcast-qual -Wno-unused-function -MD -MT common/CMakeFiles/llama-common.dir/parsers/ling3.cpp.o -MF CMakeFiles/llama-common.dir/parsers/ling3.cpp.o.d -o CMakeFiles/llama-common.dir/parsers/ling3.cpp.o -c /home/jianyuzh/ws/llama.cpp/auto_ci/28725/aicss-genai_sycl-graph-record-replay/common/parsers/ling3.cpp
[ 42%] Building CXX object common/CMakeFiles/llama-common.dir/parsers/lfm2.cpp.o
cd /home/jianyuzh/ws/llama.cpp/auto_ci/28725/aicss-genai_sycl-graph-record-replay/build/tools/mtmd && /opt/intel/oneapi/compiler/2026.1/bin/icpx -DGGML_BACKEND_SHARED -DGGML_SHARED -DGGML_USE_CPU -DGGML_USE_SYCL -DLLAMA_BUILD -DLLAMA_SHARED -DMTMD_VIDEO -Dmtmd_EXPORTS -I/home/jianyuzh/ws/llama.cpp/auto_ci/28725/aicss-genai_sycl-graph-record-replay/tools/mtmd/. -I/home/jianyuzh/ws/llama.cpp/auto_ci/28725/aicss-genai_sycl-graph-record-replay/ggml/src/../include -I/home/jianyuzh/ws/llama.cpp/auto_ci/28725/aicss-genai_sycl-graph-record-replay/src/../include -I/home/jianyuzh/ws/llama.cpp/auto_ci/28725/aicss-genai_sycl-graph-record-replay/vendor/hash/.. -I/home/jianyuzh/ws/llama.cpp/auto_ci/28725/aicss-genai_sycl-graph-record-replay/vendor/miniaudio/.. -I/home/jianyuzh/ws/llama.cpp/auto_ci/28725/aicss-genai_sycl-graph-record-replay/vendor/stb/.. -I/home/jianyuzh/ws/llama.cpp/auto_ci/28725/aicss-genai_sycl-graph-record-replay/vendor/sheredom/.. -O3 -DNDEBUG -fPIC -Xclang -fno-pch-timestamp -Wmissing-declarations -Wmissing-noreturn -Wall -Wextra -Wpedantic -Wcast-qual -Wno-unused-function -Wno-cast-qual -MD -MT tools/mtmd/CMakeFiles/mtmd.dir/mtmd-helper-gen.cpp.o -MF CMakeFiles/mtmd.dir/mtmd-helper-gen.cpp.o.d -o CMakeFiles/mtmd.dir/mtmd-helper-gen.cpp.o -c /home/jianyuzh/ws/llama.cpp/auto_ci/28725/aicss-genai_sycl-graph-record-replay/tools/mtmd/mtmd-helper-gen.cpp
cd /home/jianyuzh/ws/llama.cpp/auto_ci/28725/aicss-genai_sycl-graph-record-replay/build/common && /opt/intel/oneapi/compiler/2026.1/bin/icpx -DGGML_BACKEND_SHARED -DGGML_SHARED -DGGML_USE_CPU -DGGML_USE_SYCL -DLLAMA_SHARED -DLLAMA_SUBPROCESS -Dllama_common_EXPORTS -I/home/jianyuzh/ws/llama.cpp/auto_ci/28725/aicss-genai_sycl-graph-record-replay/common/. -I/home/jianyuzh/ws/llama.cpp/auto_ci/28725/aicss-genai_sycl-graph-record-replay/vendor/nlohmann/.. -I/home/jianyuzh/ws/llama.cpp/auto_ci/28725/aicss-genai_sycl-graph-record-replay/vendor/sheredom/.. -I/home/jianyuzh/ws/llama.cpp/auto_ci/28725/aicss-genai_sycl-graph-record-replay/src/../include -I/home/jianyuzh/ws/llama.cpp/auto_ci/28725/aicss-genai_sycl-graph-record-replay/ggml/src/../include -O3 -DNDEBUG -fPIC -Xclang -fno-pch-timestamp -Wmissing-declarations -Wmissing-noreturn -Wall -Wextra -Wpedantic -Wcast-qual -Wno-unused-function -MD -MT common/CMakeFiles/llama-common.dir/parsers/gpt-oss.cpp.o -MF CMakeFiles/llama-common.dir/parsers/gpt-oss.cpp.o.d -o CMakeFiles/llama-common.dir/parsers/gpt-oss.cpp.o -c /home/jianyuzh/ws/llama.cpp/auto_ci/28725/aicss-genai_sycl-graph-record-replay/common/parsers/gpt-oss.cpp
[ 42%] Building CXX object common/CMakeFiles/llama-common.dir/parsers/gigachat-v3.cpp.o
cd /home/jianyuzh/ws/llama.cpp/auto_ci/28725/aicss-genai_sycl-graph-record-replay/build/tools/mtmd && /opt/intel/oneapi/compiler/2026.1/bin/icpx -DGGML_BACKEND_SHARED -DGGML_SHARED -DGGML_USE_CPU -DGGML_USE_SYCL -DLLAMA_BUILD -DLLAMA_SHARED -DMTMD_VIDEO -Dmtmd_EXPORTS -I/home/jianyuzh/ws/llama.cpp/auto_ci/28725/aicss-genai_sycl-graph-record-replay/tools/mtmd/. -I/home/jianyuzh/ws/llama.cpp/auto_ci/28725/aicss-genai_sycl-graph-record-replay/ggml/src/../include -I/home/jianyuzh/ws/llama.cpp/auto_ci/28725/aicss-genai_sycl-graph-record-replay/src/../include -I/home/jianyuzh/ws/llama.cpp/auto_ci/28725/aicss-genai_sycl-graph-record-replay/vendor/hash/.. -I/home/jianyuzh/ws/llama.cpp/auto_ci/28725/aicss-genai_sycl-graph-record-replay/vendor/miniaudio/.. -I/home/jianyuzh/ws/llama.cpp/auto_ci/28725/aicss-genai_sycl-graph-record-replay/vendor/stb/.. -I/home/jianyuzh/ws/llama.cpp/auto_ci/28725/aicss-genai_sycl-graph-record-replay/vendor/sheredom/.. -O3 -DNDEBUG -fPIC -Xclang -fno-pch-timestamp -Wmissing-declarations -Wmissing-noreturn -Wall -Wextra -Wpedantic -Wcast-qual -Wno-unused-function -Wno-cast-qual -MD -MT tools/mtmd/CMakeFiles/mtmd.dir/models/conformer.cpp.o -MF CMakeFiles/mtmd.dir/models/conformer.cpp.o.d -o CMakeFiles/mtmd.dir/models/conformer.cpp.o -c /home/jianyuzh/ws/llama.cpp/auto_ci/28725/aicss-genai_sycl-graph-record-replay/tools/mtmd/models/conformer.cpp
[ 42%] Building CXX object tools/mtmd/CMakeFiles/mtmd.dir/models/granite4-vision.cpp.o
cd /home/jianyuzh/ws/llama.cpp/auto_ci/28725/aicss-genai_sycl-graph-record-replay/build/tools/mtmd && /opt/intel/oneapi/compiler/2026.1/bin/icpx -DGGML_BACKEND_SHARED -DGGML_SHARED -DGGML_USE_CPU -DGGML_USE_SYCL -DLLAMA_BUILD -DLLAMA_SHARED -DMTMD_VIDEO -Dmtmd_EXPORTS -I/home/jianyuzh/ws/llama.cpp/auto_ci/28725/aicss-genai_sycl-graph-record-replay/tools/mtmd/. -I/home/jianyuzh/ws/llama.cpp/auto_ci/28725/aicss-genai_sycl-graph-record-replay/ggml/src/../include -I/home/jianyuzh/ws/llama.cpp/auto_ci/28725/aicss-genai_sycl-graph-record-replay/src/../include -I/home/jianyuzh/ws/llama.cpp/auto_ci/28725/aicss-genai_sycl-graph-record-replay/vendor/hash/.. -I/home/jianyuzh/ws/llama.cpp/auto_ci/28725/aicss-genai_sycl-graph-record-replay/vendor/miniaudio/.. -I/home/jianyuzh/ws/llama.cpp/auto_ci/28725/aicss-genai_sycl-graph-record-replay/vendor/stb/.. -I/home/jianyuzh/ws/llama.cpp/auto_ci/28725/aicss-genai_sycl-graph-record-replay/vendor/sheredom/.. -O3 -DNDEBUG -fPIC -Xclang -fno-pch-timestamp -Wmissing-declarations -Wmissing-noreturn -Wall -Wextra -Wpedantic -Wcast-qual -Wno-unused-function -Wno-cast-qual -MD -MT tools/mtmd/CMakeFiles/mtmd.dir/models/gemma4ua.cpp.o -MF CMakeFiles/mtmd.dir/models/gemma4ua.cpp.o.d -o CMakeFiles/mtmd.dir/models/gemma4ua.cpp.o -c /home/jianyuzh/ws/llama.cpp/auto_ci/28725/aicss-genai_sycl-graph-record-replay/tools/mtmd/models/gemma4ua.cpp
[ 42%] Building CXX object common/CMakeFiles/llama-common.dir/parsers/minimax-m3.cpp.o
[ 42%] Building CXX object common/CMakeFiles/llama-common.dir/parsers/minicpm5.cpp.o
cd /home/jianyuzh/ws/llama.cpp/auto_ci/28725/aicss-genai_sycl-graph-record-replay/build/tools/mtmd && /opt/intel/oneapi/compiler/2026.1/bin/icpx -DGGML_BACKEND_SHARED -DGGML_SHARED -DGGML_USE_CPU -DGGML_USE_SYCL -DLLAMA_BUILD -DLLAMA_SHARED -DMTMD_VIDEO -Dmtmd_EXPORTS -I/home/jianyuzh/ws/llama.cpp/auto_ci/28725/aicss-genai_sycl-graph-record-replay/tools/mtmd/. -I/home/jianyuzh/ws/llama.cpp/auto_ci/28725/aicss-genai_sycl-graph-record-replay/ggml/src/../include -I/home/jianyuzh/ws/llama.cpp/auto_ci/28725/aicss-genai_sycl-graph-record-replay/src/../include -I/home/jianyuzh/ws/llama.cpp/auto_ci/28725/aicss-genai_sycl-graph-record-replay/vendor/hash/.. -I/home/jianyuzh/ws/llama.cpp/auto_ci/28725/aicss-genai_sycl-graph-record-replay/vendor/miniaudio/.. -I/home/jianyuzh/ws/llama.cpp/auto_ci/28725/aicss-genai_sycl-graph-record-replay/vendor/stb/.. -I/home/jianyuzh/ws/llama.cpp/auto_ci/28725/aicss-genai_sycl-graph-record-replay/vendor/sheredom/.. -O3 -DNDEBUG -fPIC -Xclang -fno-pch-timestamp -Wmissing-declarations -Wmissing-noreturn -Wall -Wextra -Wpedantic -Wcast-qual -Wno-unused-function -Wno-cast-qual -MD -MT tools/mtmd/CMakeFiles/mtmd.dir/models/deepseek4v.cpp.o -MF CMakeFiles/mtmd.dir/models/deepseek4v.cpp.o.d -o CMakeFiles/mtmd.dir/models/deepseek4v.cpp.o -c /home/jianyuzh/ws/llama.cpp/auto_ci/28725/aicss-genai_sycl-graph-record-replay/tools/mtmd/models/deepseek4v.cpp
[ 42%] Building CXX object tools/mtmd/CMakeFiles/mtmd.dir/models/gemma4uv.cpp.o
cd /home/jianyuzh/ws/llama.cpp/auto_ci/28725/aicss-genai_sycl-graph-record-replay/build/common && /opt/intel/oneapi/compiler/2026.1/bin/icpx -DGGML_BACKEND_SHARED -DGGML_SHARED -DGGML_USE_CPU -DGGML_USE_SYCL -DLLAMA_SHARED -DLLAMA_SUBPROCESS -Dllama_common_EXPORTS -I/home/jianyuzh/ws/llama.cpp/auto_ci/28725/aicss-genai_sycl-graph-record-replay/common/. -I/home/jianyuzh/ws/llama.cpp/auto_ci/28725/aicss-genai_sycl-graph-record-replay/vendor/nlohmann/.. -I/home/jianyuzh/ws/llama.cpp/auto_ci/28725/aicss-genai_sycl-graph-record-replay/vendor/sheredom/.. -I/home/jianyuzh/ws/llama.cpp/auto_ci/28725/aicss-genai_sycl-graph-record-replay/src/../include -I/home/jianyuzh/ws/llama.cpp/auto_ci/28725/aicss-genai_sycl-graph-record-replay/ggml/src/../include -O3 -DNDEBUG -fPIC -Xclang -fno-pch-timestamp -Wmissing-declarations -Wmissing-noreturn -Wall -Wextra -Wpedantic -Wcast-qual -Wno-unused-function -MD -MT common/CMakeFiles/llama-common.dir/parsers/kimi-k3.cpp.o -MF CMakeFiles/llama-common.dir/parsers/kimi-k3.cpp.o.d -o CMakeFiles/llama-common.dir/parsers/kimi-k3.cpp.o -c /home/jianyuzh/ws/llama.cpp/auto_ci/28725/aicss-genai_sycl-graph-record-replay/common/parsers/kimi-k3.cpp
[ 42%] Building CXX object tools/mtmd/CMakeFiles/mtmd.dir/models/granite-speech.cpp.o
cd /home/jianyuzh/ws/llama.cpp/auto_ci/28725/aicss-genai_sycl-graph-record-replay/build/tools/mtmd && /opt/intel/oneapi/compiler/2026.1/bin/icpx -DGGML_BACKEND_SHARED -DGGML_SHARED -DGGML_USE_CPU -DGGML_USE_SYCL -DLLAMA_BUILD -DLLAMA_SHARED -DMTMD_VIDEO -Dmtmd_EXPORTS -I/home/jianyuzh/ws/llama.cpp/auto_ci/28725/aicss-genai_sycl-graph-record-replay/tools/mtmd/. -I/home/jianyuzh/ws/llama.cpp/auto_ci/28725/aicss-genai_sycl-graph-record-replay/ggml/src/../include -I/home/jianyuzh/ws/llama.cpp/auto_ci/28725/aicss-genai_sycl-graph-record-replay/src/../include -I/home/jianyuzh/ws/llama.cpp/auto_ci/28725/aicss-genai_sycl-graph-record-replay/vendor/hash/.. -I/home/jianyuzh/ws/llama.cpp/auto_ci/28725/aicss-genai_sycl-graph-record-replay/vendor/miniaudio/.. -I/home/jianyuzh/ws/llama.cpp/auto_ci/28725/aicss-genai_sycl-graph-record-replay/vendor/stb/.. -I/home/jianyuzh/ws/llama.cpp/auto_ci/28725/aicss-genai_sycl-graph-record-replay/vendor/sheredom/.. -O3 -DNDEBUG -fPIC -Xclang -fno-pch-timestamp -Wmissing-declarations -Wmissing-noreturn -Wall -Wextra -Wpedantic -Wcast-qual -Wno-unused-function -Wno-cast-qual -MD -MT tools/mtmd/CMakeFiles/mtmd.dir/models/cogvlm.cpp.o -MF CMakeFiles/mtmd.dir/models/cogvlm.cpp.o.d -o CMakeFiles/mtmd.dir/models/cogvlm.cpp.o -c /home/jianyuzh/ws/llama.cpp/auto_ci/28725/aicss-genai_sycl-graph-record-replay/tools/mtmd/models/cogvlm.cpp
[ 42%] Building CXX object tools/mtmd/CMakeFiles/mtmd.dir/models/glm4v.cpp.o
cd /home/jianyuzh/ws/llama.cpp/auto_ci/28725/aicss-genai_sycl-graph-record-replay/build/common && /opt/intel/oneapi/compiler/2026.1/bin/icpx -DGGML_BACKEND_SHARED -DGGML_SHARED -DGGML_USE_CPU -DGGML_USE_SYCL -DLLAMA_SHARED -DLLAMA_SUBPROCESS -Dllama_common_EXPORTS -I/home/jianyuzh/ws/llama.cpp/auto_ci/28725/aicss-genai_sycl-graph-record-replay/common/. -I/home/jianyuzh/ws/llama.cpp/auto_ci/28725/aicss-genai_sycl-graph-record-replay/vendor/nlohmann/.. -I/home/jianyuzh/ws/llama.cpp/auto_ci/28725/aicss-genai_sycl-graph-record-replay/vendor/sheredom/.. -I/home/jianyuzh/ws/llama.cpp/auto_ci/28725/aicss-genai_sycl-graph-record-replay/src/../include -I/home/jianyuzh/ws/llama.cpp/auto_ci/28725/aicss-genai_sycl-graph-record-replay/ggml/src/../include -O3 -DNDEBUG -fPIC -Xclang -fno-pch-timestamp -Wmissing-declarations -Wmissing-noreturn -Wall -Wextra -Wpedantic -Wcast-qual -Wno-unused-function -MD -MT common/CMakeFiles/llama-common.dir/parsers/gemma4.cpp.o -MF CMakeFiles/llama-common.dir/parsers/gemma4.cpp.o.d -o CMakeFiles/llama-common.dir/parsers/gemma4.cpp.o -c /home/jianyuzh/ws/llama.cpp/auto_ci/28725/aicss-genai_sycl-graph-record-replay/common/parsers/gemma4.cpp
[ 42%] Building CXX object tools/mtmd/CMakeFiles/mtmd.dir/models/gemma4a.cpp.o
[ 42%] Building CXX object common/CMakeFiles/llama-common.dir/parsers/qwen3-coder.cpp.o
cd /home/jianyuzh/ws/llama.cpp/auto_ci/28725/aicss-genai_sycl-graph-record-replay/build/common && /opt/intel/oneapi/compiler/2026.1/bin/icpx -DGGML_BACKEND_SHARED -DGGML_SHARED -DGGML_USE_CPU -DGGML_USE_SYCL -DLLAMA_SHARED -DLLAMA_SUBPROCESS -Dllama_common_EXPORTS -I/home/jianyuzh/ws/llama.cpp/auto_ci/28725/aicss-genai_sycl-graph-record-replay/common/. -I/home/jianyuzh/ws/llama.cpp/auto_ci/28725/aicss-genai_sycl-graph-record-replay/vendor/nlohmann/.. -I/home/jianyuzh/ws/llama.cpp/auto_ci/28725/aicss-genai_sycl-graph-record-replay/vendor/sheredom/.. -I/home/jianyuzh/ws/llama.cpp/auto_ci/28725/aicss-genai_sycl-graph-record-replay/src/../include -I/home/jianyuzh/ws/llama.cpp/auto_ci/28725/aicss-genai_sycl-graph-record-replay/ggml/src/../include -O3 -DNDEBUG -fPIC -Xclang -fno-pch-timestamp -Wmissing-declarations -Wmissing-noreturn -Wall -Wextra -Wpedantic -Wcast-qual -Wno-unused-function -MD -MT common/CMakeFiles/llama-common.dir/parsers/kimi-k2.cpp.o -MF CMakeFiles/llama-common.dir/parsers/kimi-k2.cpp.o.d -o CMakeFiles/llama-common.dir/parsers/kimi-k2.cpp.o -c /home/jianyuzh/ws/llama.cpp/auto_ci/28725/aicss-genai_sycl-graph-record-replay/common/parsers/kimi-k2.cpp
[ 43%] Building CXX object tools/mtmd/CMakeFiles/mtmd.dir/models/dots3note.cpp.o
cd /home/jianyuzh/ws/llama.cpp/auto_ci/28725/aicss-genai_sycl-graph-record-replay/build/common && /opt/intel/oneapi/compiler/2026.1/bin/icpx -DGGML_BACKEND_SHARED -DGGML_SHARED -DGGML_USE_CPU -DGGML_USE_SYCL -DLLAMA_SHARED -DLLAMA_SUBPROCESS -Dllama_common_EXPORTS -I/home/jianyuzh/ws/llama.cpp/auto_ci/28725/aicss-genai_sycl-graph-record-replay/common/. -I/home/jianyuzh/ws/llama.cpp/auto_ci/28725/aicss-genai_sycl-graph-record-replay/vendor/nlohmann/.. -I/home/jianyuzh/ws/llama.cpp/auto_ci/28725/aicss-genai_sycl-graph-record-replay/vendor/sheredom/.. -I/home/jianyuzh/ws/llama.cpp/auto_ci/28725/aicss-genai_sycl-graph-record-replay/src/../include -I/home/jianyuzh/ws/llama.cpp/auto_ci/28725/aicss-genai_sycl-graph-record-replay/ggml/src/../include -O3 -DNDEBUG -fPIC -Xclang -fno-pch-timestamp -Wmissing-declarations -Wmissing-noreturn -Wall -Wextra -Wpedantic -Wcast-qual -Wno-unused-function -MD -MT common/CMakeFiles/llama-common.dir/parsers/lfm2.cpp.o -MF CMakeFiles/llama-common.dir/parsers/lfm2.cpp.o.d -o CMakeFiles/llama-common.dir/parsers/lfm2.cpp.o -c /home/jianyuzh/ws/llama.cpp/auto_ci/28725/aicss-genai_sycl-graph-record-replay/common/parsers/lfm2.cpp
[ 43%] Building CXX object common/CMakeFiles/llama-common.dir/chat-peg-parser.cpp.o
[ 43%] Building CXX object tools/mtmd/CMakeFiles/mtmd.dir/models/kimivl.cpp.o
[ 43%] Building CXX object examples/simple-chat/CMakeFiles/llama-simple-chat.dir/simple-chat.cpp.o
cd /home/jianyuzh/ws/llama.cpp/auto_ci/28725/aicss-genai_sycl-graph-record-replay/build/tools/mtmd && /opt/intel/oneapi/compiler/2026.1/bin/icpx -DGGML_BACKEND_SHARED -DGGML_SHARED -DGGML_USE_CPU -DGGML_USE_SYCL -DLLAMA_BUILD -DLLAMA_SHARED -DMTMD_VIDEO -Dmtmd_EXPORTS -I/home/jianyuzh/ws/llama.cpp/auto_ci/28725/aicss-genai_sycl-graph-record-replay/tools/mtmd/. -I/home/jianyuzh/ws/llama.cpp/auto_ci/28725/aicss-genai_sycl-graph-record-replay/ggml/src/../include -I/home/jianyuzh/ws/llama.cpp/auto_ci/28725/aicss-genai_sycl-graph-record-replay/src/../include -I/home/jianyuzh/ws/llama.cpp/auto_ci/28725/aicss-genai_sycl-graph-record-replay/vendor/hash/.. -I/home/jianyuzh/ws/llama.cpp/auto_ci/28725/aicss-genai_sycl-graph-record-replay/vendor/miniaudio/.. -I/home/jianyuzh/ws/llama.cpp/auto_ci/28725/aicss-genai_sycl-graph-record-replay/vendor/stb/.. -I/home/jianyuzh/ws/llama.cpp/auto_ci/28725/aicss-genai_sycl-graph-record-replay/vendor/sheredom/.. -O3 -DNDEBUG -fPIC -Xclang -fno-pch-timestamp -Wmissing-declarations -Wmissing-noreturn -Wall -Wextra -Wpedantic -Wcast-qual -Wno-unused-function -Wno-cast-qual -MD -MT tools/mtmd/CMakeFiles/mtmd.dir/models/granite4-vision.cpp.o -MF CMakeFiles/mtmd.dir/models/granite4-vision.cpp.o.d -o CMakeFiles/mtmd.dir/models/granite4-vision.cpp.o -c /home/jianyuzh/ws/llama.cpp/auto_ci/28725/aicss-genai_sycl-graph-record-replay/tools/mtmd/models/granite4-vision.cpp
cd /home/jianyuzh/ws/llama.cpp/auto_ci/28725/aicss-genai_sycl-graph-record-replay/build/common && /opt/intel/oneapi/compiler/2026.1/bin/icpx -DGGML_BACKEND_SHARED -DGGML_SHARED -DGGML_USE_CPU -DGGML_USE_SYCL -DLLAMA_SHARED -DLLAMA_SUBPROCESS -Dllama_common_EXPORTS -I/home/jianyuzh/ws/llama.cpp/auto_ci/28725/aicss-genai_sycl-graph-record-replay/common/. -I/home/jianyuzh/ws/llama.cpp/auto_ci/28725/aicss-genai_sycl-graph-record-replay/vendor/nlohmann/.. -I/home/jianyuzh/ws/llama.cpp/auto_ci/28725/aicss-genai_sycl-graph-record-replay/vendor/sheredom/.. -I/home/jianyuzh/ws/llama.cpp/auto_ci/28725/aicss-genai_sycl-graph-record-replay/src/../include -I/home/jianyuzh/ws/llama.cpp/auto_ci/28725/aicss-genai_sycl-graph-record-replay/ggml/src/../include -O3 -DNDEBUG -fPIC -Xclang -fno-pch-timestamp -Wmissing-declarations -Wmissing-noreturn -Wall -Wextra -Wpedantic -Wcast-qual -Wno-unused-function -MD -MT common/CMakeFiles/llama-common.dir/parsers/gigachat-v3.cpp.o -MF CMakeFiles/llama-common.dir/parsers/gigachat-v3.cpp.o.d -o CMakeFiles/llama-common.dir/parsers/gigachat-v3.cpp.o -c /home/jianyuzh/ws/llama.cpp/auto_ci/28725/aicss-genai_sycl-graph-record-replay/common/parsers/gigachat-v3.cpp
[ 44%] Building CXX object common/CMakeFiles/llama-common.dir/arg.cpp.o
[ 44%] Building CXX object common/CMakeFiles/llama-common.dir/parsers/muse-glimmer.cpp.o
[ 44%] Building CXX object tools/mtmd/CMakeFiles/mtmd.dir/models/dotsocr.cpp.o
[ 44%] Building CXX object common/CMakeFiles/llama-common.dir/chat.cpp.o
cd /home/jianyuzh/ws/llama.cpp/auto_ci/28725/aicss-genai_sycl-graph-record-replay/build/common && /opt/intel/oneapi/compiler/2026.1/bin/icpx -DGGML_BACKEND_SHARED -DGGML_SHARED -DGGML_USE_CPU -DGGML_USE_SYCL -DLLAMA_SHARED -DLLAMA_SUBPROCESS -Dllama_common_EXPORTS -I/home/jianyuzh/ws/llama.cpp/auto_ci/28725/aicss-genai_sycl-graph-record-replay/common/. -I/home/jianyuzh/ws/llama.cpp/auto_ci/28725/aicss-genai_sycl-graph-record-replay/vendor/nlohmann/.. -I/home/jianyuzh/ws/llama.cpp/auto_ci/28725/aicss-genai_sycl-graph-record-replay/vendor/sheredom/.. -I/home/jianyuzh/ws/llama.cpp/auto_ci/28725/aicss-genai_sycl-graph-record-replay/src/../include -I/home/jianyuzh/ws/llama.cpp/auto_ci/28725/aicss-genai_sycl-graph-record-replay/ggml/src/../include -O3 -DNDEBUG -fPIC -Xclang -fno-pch-timestamp -Wmissing-declarations -Wmissing-noreturn -Wall -Wextra -Wpedantic -Wcast-qual -Wno-unused-function -MD -MT common/CMakeFiles/llama-common.dir/parsers/minimax-m3.cpp.o -MF CMakeFiles/llama-common.dir/parsers/minimax-m3.cpp.o.d -o CMakeFiles/llama-common.dir/parsers/minimax-m3.cpp.o -c /home/jianyuzh/ws/llama.cpp/auto_ci/28725/aicss-genai_sycl-graph-record-replay/common/parsers/minimax-m3.cpp
[ 44%] Building CXX object common/CMakeFiles/llama-common.dir/parsers/ministral3.cpp.o
[ 44%] Building CXX object tools/mtmd/CMakeFiles/mtmd.dir/models/gemma4v.cpp.o
[ 44%] Building CXX object tools/mtmd/CMakeFiles/mtmd.dir/models/internvl.cpp.o
[ 44%] Building C object tests/CMakeFiles/test-c.dir/test-c.c.o
[ 44%] Building CXX object tools/mtmd/CMakeFiles/mtmd.dir/models/kimik25.cpp.o
[ 45%] Building CXX object common/CMakeFiles/llama-common.dir/chat-diff-analyzer.cpp.o
[ 45%] Building CXX object common/CMakeFiles/llama-common.dir/chat-auto-parser-generator.cpp.o
[ 45%] Building CXX object common/CMakeFiles/llama-common.dir/chat-auto-parser-helpers.cpp.o
cd /home/jianyuzh/ws/llama.cpp/auto_ci/28725/aicss-genai_sycl-graph-record-replay/build/examples/simple-chat && /opt/intel/oneapi/compiler/2026.1/bin/icpx -DGGML_BACKEND_SHARED -DGGML_SHARED -DGGML_USE_CPU -DGGML_USE_SYCL -DLLAMA_SHARED -I/home/jianyuzh/ws/llama.cpp/auto_ci/28725/aicss-genai_sycl-graph-record-replay/src/../include -I/home/jianyuzh/ws/llama.cpp/auto_ci/28725/aicss-genai_sycl-graph-record-replay/ggml/src/../include -O3 -DNDEBUG -Xclang -fno-pch-timestamp -Wmissing-declarations -Wmissing-noreturn -Wall -Wextra -Wpedantic -Wcast-qual -Wno-unused-function -MD -MT examples/simple-chat/CMakeFiles/llama-simple-chat.dir/simple-chat.cpp.o -MF CMakeFiles/llama-simple-chat.dir/simple-chat.cpp.o.d -o CMakeFiles/llama-simple-chat.dir/simple-chat.cpp.o -c /home/jianyuzh/ws/llama.cpp/auto_ci/28725/aicss-genai_sycl-graph-record-replay/examples/simple-chat/simple-chat.cpp
cd /home/jianyuzh/ws/llama.cpp/auto_ci/28725/aicss-genai_sycl-graph-record-replay/build/common && /opt/intel/oneapi/compiler/2026.1/bin/icpx -DGGML_BACKEND_SHARED -DGGML_SHARED -DGGML_USE_CPU -DGGML_USE_SYCL -DLLAMA_SHARED -DLLAMA_SUBPROCESS -Dllama_common_EXPORTS -I/home/jianyuzh/ws/llama.cpp/auto_ci/28725/aicss-genai_sycl-graph-record-replay/common/. -I/home/jianyuzh/ws/llama.cpp/auto_ci/28725/aicss-genai_sycl-graph-record-replay/vendor/nlohmann/.. -I/home/jianyuzh/ws/llama.cpp/auto_ci/28725/aicss-genai_sycl-graph-record-replay/vendor/sheredom/.. -I/home/jianyuzh/ws/llama.cpp/auto_ci/28725/aicss-genai_sycl-graph-record-replay/src/../include -I/home/jianyuzh/ws/llama.cpp/auto_ci/28725/aicss-genai_sycl-graph-record-replay/ggml/src/../include -O3 -DNDEBUG -fPIC -Xclang -fno-pch-timestamp -Wmissing-declarations -Wmissing-noreturn -Wall -Wextra -Wpedantic -Wcast-qual -Wno-unused-function -MD -MT common/CMakeFiles/llama-common.dir/parsers/minicpm5.cpp.o -MF CMakeFiles/llama-common.dir/parsers/minicpm5.cpp.o.d -o CMakeFiles/llama-common.dir/parsers/minicpm5.cpp.o -c /home/jianyuzh/ws/llama.cpp/auto_ci/28725/aicss-genai_sycl-graph-record-replay/common/parsers/minicpm5.cpp
cd /home/jianyuzh/ws/llama.cpp/auto_ci/28725/aicss-genai_sycl-graph-record-replay/build/tools/mtmd && /opt/intel/oneapi/compiler/2026.1/bin/icpx -DGGML_BACKEND_SHARED -DGGML_SHARED -DGGML_USE_CPU -DGGML_USE_SYCL -DLLAMA_BUILD -DLLAMA_SHARED -DMTMD_VIDEO -Dmtmd_EXPORTS -I/home/jianyuzh/ws/llama.cpp/auto_ci/28725/aicss-genai_sycl-graph-record-replay/tools/mtmd/. -I/home/jianyuzh/ws/llama.cpp/auto_ci/28725/aicss-genai_sycl-graph-record-replay/ggml/src/../include -I/home/jianyuzh/ws/llama.cpp/auto_ci/28725/aicss-genai_sycl-graph-record-replay/src/../include -I/home/jianyuzh/ws/llama.cpp/auto_ci/28725/aicss-genai_sycl-graph-record-replay/vendor/hash/.. -I/home/jianyuzh/ws/llama.cpp/auto_ci/28725/aicss-genai_sycl-graph-record-replay/vendor/miniaudio/.. -I/home/jianyuzh/ws/llama.cpp/auto_ci/28725/aicss-genai_sycl-graph-record-replay/vendor/stb/.. -I/home/jianyuzh/ws/llama.cpp/auto_ci/28725/aicss-genai_sycl-graph-record-replay/vendor/sheredom/.. -O3 -DNDEBUG -fPIC -Xclang -fno-pch-timestamp -Wmissing-declarations -Wmissing-noreturn -Wall -Wextra -Wpedantic -Wcast-qual -Wno-unused-function -Wno-cast-qual -MD -MT tools/mtmd/CMakeFiles/mtmd.dir/models/dots3note.cpp.o -MF CMakeFiles/mtmd.dir/models/dots3note.cpp.o.d -o CMakeFiles/mtmd.dir/models/dots3note.cpp.o -c /home/jianyuzh/ws/llama.cpp/auto_ci/28725/aicss-genai_sycl-graph-record-replay/tools/mtmd/models/dots3note.cpp
cd /home/jianyuzh/ws/llama.cpp/auto_ci/28725/aicss-genai_sycl-graph-record-replay/build/common && /opt/intel/oneapi/compiler/2026.1/bin/icpx -DGGML_BACKEND_SHARED -DGGML_SHARED -DGGML_USE_CPU -DGGML_USE_SYCL -DLLAMA_SHARED -DLLAMA_SUBPROCESS -Dllama_common_EXPORTS -I/home/jianyuzh/ws/llama.cpp/auto_ci/28725/aicss-genai_sycl-graph-record-replay/common/. -I/home/jianyuzh/ws/llama.cpp/auto_ci/28725/aicss-genai_sycl-graph-record-replay/vendor/nlohmann/.. -I/home/jianyuzh/ws/llama.cpp/auto_ci/28725/aicss-genai_sycl-graph-record-replay/vendor/sheredom/.. -I/home/jianyuzh/ws/llama.cpp/auto_ci/28725/aicss-genai_sycl-graph-record-replay/src/../include -I/home/jianyuzh/ws/llama.cpp/auto_ci/28725/aicss-genai_sycl-graph-record-replay/ggml/src/../include -O3 -DNDEBUG -fPIC -Xclang -fno-pch-timestamp -Wmissing-declarations -Wmissing-noreturn -Wall -Wextra -Wpedantic -Wcast-qual -Wno-unused-function -MD -MT common/CMakeFiles/llama-common.dir/parsers/muse-glimmer.cpp.o -MF CMakeFiles/llama-common.dir/parsers/muse-glimmer.cpp.o.d -o CMakeFiles/llama-common.dir/parsers/muse-glimmer.cpp.o -c /home/jianyuzh/ws/llama.cpp/auto_ci/28725/aicss-genai_sycl-graph-record-replay/common/parsers/muse-glimmer.cpp
cd /home/jianyuzh/ws/llama.cpp/auto_ci/28725/aicss-genai_sycl-graph-record-replay/build/tests && /opt/intel/oneapi/compiler/2026.1/bin/icx -DGGML_BACKEND_SHARED -DGGML_SHARED -DGGML_USE_CPU -DGGML_USE_SYCL -DLLAMA_SHARED -I/home/jianyuzh/ws/llama.cpp/auto_ci/28725/aicss-genai_sycl-graph-record-replay/src/../include -I/home/jianyuzh/ws/llama.cpp/auto_ci/28725/aicss-genai_sycl-graph-record-replay/ggml/src/../include -O3 -DNDEBUG -Xclang -fno-pch-timestamp -Wshadow -Wstrict-prototypes -Wpointer-arith -Wmissing-prototypes -Werror=implicit-int -Werror=implicit-function-declaration -Wall -Wextra -Wpedantic -Wcast-qual -Wno-unused-function -MD -MT tests/CMakeFiles/test-c.dir/test-c.c.o -MF CMakeFiles/test-c.dir/test-c.c.o.d -o CMakeFiles/test-c.dir/test-c.c.o -c /home/jianyuzh/ws/llama.cpp/auto_ci/28725/aicss-genai_sycl-graph-record-replay/tests/test-c.c
cd /home/jianyuzh/ws/llama.cpp/auto_ci/28725/aicss-genai_sycl-graph-record-replay/build/common && /opt/intel/oneapi/compiler/2026.1/bin/icpx -DGGML_BACKEND_SHARED -DGGML_SHARED -DGGML_USE_CPU -DGGML_USE_SYCL -DLLAMA_SHARED -DLLAMA_SUBPROCESS -Dllama_common_EXPORTS -I/home/jianyuzh/ws/llama.cpp/auto_ci/28725/aicss-genai_sycl-graph-record-replay/common/. -I/home/jianyuzh/ws/llama.cpp/auto_ci/28725/aicss-genai_sycl-graph-record-replay/vendor/nlohmann/.. -I/home/jianyuzh/ws/llama.cpp/auto_ci/28725/aicss-genai_sycl-graph-record-replay/vendor/sheredom/.. -I/home/jianyuzh/ws/llama.cpp/auto_ci/28725/aicss-genai_sycl-graph-record-replay/src/../include -I/home/jianyuzh/ws/llama.cpp/auto_ci/28725/aicss-genai_sycl-graph-record-replay/ggml/src/../include -O3 -DNDEBUG -fPIC -Xclang -fno-pch-timestamp -Wmissing-declarations -Wmissing-noreturn -Wall -Wextra -Wpedantic -Wcast-qual -Wno-unused-function -MD -MT common/CMakeFiles/llama-common.dir/parsers/ministral3.cpp.o -MF CMakeFiles/llama-common.dir/parsers/ministral3.cpp.o.d -o CMakeFiles/llama-common.dir/parsers/ministral3.cpp.o -c /home/jianyuzh/ws/llama.cpp/auto_ci/28725/aicss-genai_sycl-graph-record-replay/common/parsers/ministral3.cpp
cd /home/jianyuzh/ws/llama.cpp/auto_ci/28725/aicss-genai_sycl-graph-record-replay/build/common && /opt/intel/oneapi/compiler/2026.1/bin/icpx -DGGML_BACKEND_SHARED -DGGML_SHARED -DGGML_USE_CPU -DGGML_USE_SYCL -DLLAMA_SHARED -DLLAMA_SUBPROCESS -Dllama_common_EXPORTS -I/home/jianyuzh/ws/llama.cpp/auto_ci/28725/aicss-genai_sycl-graph-record-replay/common/. -I/home/jianyuzh/ws/llama.cpp/auto_ci/28725/aicss-genai_sycl-graph-record-replay/vendor/nlohmann/.. -I/home/jianyuzh/ws/llama.cpp/auto_ci/28725/aicss-genai_sycl-graph-record-replay/vendor/sheredom/.. -I/home/jianyuzh/ws/llama.cpp/auto_ci/28725/aicss-genai_sycl-graph-record-replay/src/../include -I/home/jianyuzh/ws/llama.cpp/auto_ci/28725/aicss-genai_sycl-graph-record-replay/ggml/src/../include -O3 -DNDEBUG -fPIC -Xclang -fno-pch-timestamp -Wmissing-declarations -Wmissing-noreturn -Wall -Wextra -Wpedantic -Wcast-qual -Wno-unused-function -MD -MT common/CMakeFiles/llama-common.dir/parsers/qwen3-coder.cpp.o -MF CMakeFiles/llama-common.dir/parsers/qwen3-coder.cpp.o.d -o CMakeFiles/llama-common.dir/parsers/qwen3-coder.cpp.o -c /home/jianyuzh/ws/llama.cpp/auto_ci/28725/aicss-genai_sycl-graph-record-replay/common/parsers/qwen3-coder.cpp
cd /home/jianyuzh/ws/llama.cpp/auto_ci/28725/aicss-genai_sycl-graph-record-replay/build/common && /opt/intel/oneapi/compiler/2026.1/bin/icpx -DGGML_BACKEND_SHARED -DGGML_SHARED -DGGML_USE_CPU -DGGML_USE_SYCL -DLLAMA_SHARED -DLLAMA_SUBPROCESS -Dllama_common_EXPORTS -I/home/jianyuzh/ws/llama.cpp/auto_ci/28725/aicss-genai_sycl-graph-record-replay/common/. -I/home/jianyuzh/ws/llama.cpp/auto_ci/28725/aicss-genai_sycl-graph-record-replay/vendor/nlohmann/.. -I/home/jianyuzh/ws/llama.cpp/auto_ci/28725/aicss-genai_sycl-graph-record-replay/vendor/sheredom/.. -I/home/jianyuzh/ws/llama.cpp/auto_ci/28725/aicss-genai_sycl-graph-record-replay/src/../include -I/home/jianyuzh/ws/llama.cpp/auto_ci/28725/aicss-genai_sycl-graph-record-replay/ggml/src/../include -O3 -DNDEBUG -fPIC -Xclang -fno-pch-timestamp -Wmissing-declarations -Wmissing-noreturn -Wall -Wextra -Wpedantic -Wcast-qual -Wno-unused-function -MD -MT common/CMakeFiles/llama-common.dir/arg.cpp.o -MF CMakeFiles/llama-common.dir/arg.cpp.o.d -o CMakeFiles/llama-common.dir/arg.cpp.o -c /home/jianyuzh/ws/llama.cpp/auto_ci/28725/aicss-genai_sycl-graph-record-replay/common/arg.cpp
cd /home/jianyuzh/ws/llama.cpp/auto_ci/28725/aicss-genai_sycl-graph-record-replay/build/common && /opt/intel/oneapi/compiler/2026.1/bin/icpx -DGGML_BACKEND_SHARED -DGGML_SHARED -DGGML_USE_CPU -DGGML_USE_SYCL -DLLAMA_SHARED -DLLAMA_SUBPROCESS -Dllama_common_EXPORTS -I/home/jianyuzh/ws/llama.cpp/auto_ci/28725/aicss-genai_sycl-graph-record-replay/common/. -I/home/jianyuzh/ws/llama.cpp/auto_ci/28725/aicss-genai_sycl-graph-record-replay/vendor/nlohmann/.. -I/home/jianyuzh/ws/llama.cpp/auto_ci/28725/aicss-genai_sycl-graph-record-replay/vendor/sheredom/.. -I/home/jianyuzh/ws/llama.cpp/auto_ci/28725/aicss-genai_sycl-graph-record-replay/src/../include -I/home/jianyuzh/ws/llama.cpp/auto_ci/28725/aicss-genai_sycl-graph-record-replay/ggml/src/../include -O3 -DNDEBUG -fPIC -Xclang -fno-pch-timestamp -Wmissing-declarations -Wmissing-noreturn -Wall -Wextra -Wpedantic -Wcast-qual -Wno-unused-function -MD -MT common/CMakeFiles/llama-common.dir/chat-auto-parser-generator.cpp.o -MF CMakeFiles/llama-common.dir/chat-auto-parser-generator.cpp.o.d -o CMakeFiles/llama-common.dir/chat-auto-parser-generator.cpp.o -c /home/jianyuzh/ws/llama.cpp/auto_ci/28725/aicss-genai_sycl-graph-record-replay/common/chat-auto-parser-generator.cpp
cd /home/jianyuzh/ws/llama.cpp/auto_ci/28725/aicss-genai_sycl-graph-record-replay/build/common && /opt/intel/oneapi/compiler/2026.1/bin/icpx -DGGML_BACKEND_SHARED -DGGML_SHARED -DGGML_USE_CPU -DGGML_USE_SYCL -DLLAMA_SHARED -DLLAMA_SUBPROCESS -Dllama_common_EXPORTS -I/home/jianyuzh/ws/llama.cpp/auto_ci/28725/aicss-genai_sycl-graph-record-replay/common/. -I/home/jianyuzh/ws/llama.cpp/auto_ci/28725/aicss-genai_sycl-graph-record-replay/vendor/nlohmann/.. -I/home/jianyuzh/ws/llama.cpp/auto_ci/28725/aicss-genai_sycl-graph-record-replay/vendor/sheredom/.. -I/home/jianyuzh/ws/llama.cpp/auto_ci/28725/aicss-genai_sycl-graph-record-replay/src/../include -I/home/jianyuzh/ws/llama.cpp/auto_ci/28725/aicss-genai_sycl-graph-record-replay/ggml/src/../include -O3 -DNDEBUG -fPIC -Xclang -fno-pch-timestamp -Wmissing-declarations -Wmissing-noreturn -Wall -Wextra -Wpedantic -Wcast-qual -Wno-unused-function -MD -MT common/CMakeFiles/llama-common.dir/chat-auto-parser-helpers.cpp.o -MF CMakeFiles/llama-common.dir/chat-auto-parser-helpers.cpp.o.d -o CMakeFiles/llama-common.dir/chat-auto-parser-helpers.cpp.o -c /home/jianyuzh/ws/llama.cpp/auto_ci/28725/aicss-genai_sycl-graph-record-replay/common/chat-auto-parser-helpers.cpp
cd /home/jianyuzh/ws/llama.cpp/auto_ci/28725/aicss-genai_sycl-graph-record-replay/build/tools/mtmd && /opt/intel/oneapi/compiler/2026.1/bin/icpx -DGGML_BACKEND_SHARED -DGGML_SHARED -DGGML_USE_CPU -DGGML_USE_SYCL -DLLAMA_BUILD -DLLAMA_SHARED -DMTMD_VIDEO -Dmtmd_EXPORTS -I/home/jianyuzh/ws/llama.cpp/auto_ci/28725/aicss-genai_sycl-graph-record-replay/tools/mtmd/. -I/home/jianyuzh/ws/llama.cpp/auto_ci/28725/aicss-genai_sycl-graph-record-replay/ggml/src/../include -I/home/jianyuzh/ws/llama.cpp/auto_ci/28725/aicss-genai_sycl-graph-record-replay/src/../include -I/home/jianyuzh/ws/llama.cpp/auto_ci/28725/aicss-genai_sycl-graph-record-replay/vendor/hash/.. -I/home/jianyuzh/ws/llama.cpp/auto_ci/28725/aicss-genai_sycl-graph-record-replay/vendor/miniaudio/.. -I/home/jianyuzh/ws/llama.cpp/auto_ci/28725/aicss-genai_sycl-graph-record-replay/vendor/stb/.. -I/home/jianyuzh/ws/llama.cpp/auto_ci/28725/aicss-genai_sycl-graph-record-replay/vendor/sheredom/.. -O3 -DNDEBUG -fPIC -Xclang -fno-pch-timestamp -Wmissing-declarations -Wmissing-noreturn -Wall -Wextra -Wpedantic -Wcast-qual -Wno-unused-function -Wno-cast-qual -MD -MT tools/mtmd/CMakeFiles/mtmd.dir/models/dotsocr.cpp.o -MF CMakeFiles/mtmd.dir/models/dotsocr.cpp.o.d -o CMakeFiles/mtmd.dir/models/dotsocr.cpp.o -c /home/jianyuzh/ws/llama.cpp/auto_ci/28725/aicss-genai_sycl-graph-record-replay/tools/mtmd/models/dotsocr.cpp
cd /home/jianyuzh/ws/llama.cpp/auto_ci/28725/aicss-genai_sycl-graph-record-replay/build/tools/mtmd && /opt/intel/oneapi/compiler/2026.1/bin/icpx -DGGML_BACKEND_SHARED -DGGML_SHARED -DGGML_USE_CPU -DGGML_USE_SYCL -DLLAMA_BUILD -DLLAMA_SHARED -DMTMD_VIDEO -Dmtmd_EXPORTS -I/home/jianyuzh/ws/llama.cpp/auto_ci/28725/aicss-genai_sycl-graph-record-replay/tools/mtmd/. -I/home/jianyuzh/ws/llama.cpp/auto_ci/28725/aicss-genai_sycl-graph-record-replay/ggml/src/../include -I/home/jianyuzh/ws/llama.cpp/auto_ci/28725/aicss-genai_sycl-graph-record-replay/src/../include -I/home/jianyuzh/ws/llama.cpp/auto_ci/28725/aicss-genai_sycl-graph-record-replay/vendor/hash/.. -I/home/jianyuzh/ws/llama.cpp/auto_ci/28725/aicss-genai_sycl-graph-record-replay/vendor/miniaudio/.. -I/home/jianyuzh/ws/llama.cpp/auto_ci/28725/aicss-genai_sycl-graph-record-replay/vendor/stb/.. -I/home/jianyuzh/ws/llama.cpp/auto_ci/28725/aicss-genai_sycl-graph-record-replay/vendor/sheredom/.. -O3 -DNDEBUG -fPIC -Xclang -fno-pch-timestamp -Wmissing-declarations -Wmissing-noreturn -Wall -Wextra -Wpedantic -Wcast-qual -Wno-unused-function -Wno-cast-qual -MD -MT tools/mtmd/CMakeFiles/mtmd.dir/models/gemma4a.cpp.o -MF CMakeFiles/mtmd.dir/models/gemma4a.cpp.o.d -o CMakeFiles/mtmd.dir/models/gemma4a.cpp.o -c /home/jianyuzh/ws/llama.cpp/auto_ci/28725/aicss-genai_sycl-graph-record-replay/tools/mtmd/models/gemma4a.cpp
cd /home/jianyuzh/ws/llama.cpp/auto_ci/28725/aicss-genai_sycl-graph-record-replay/build/tools/mtmd && /opt/intel/oneapi/compiler/2026.1/bin/icpx -DGGML_BACKEND_SHARED -DGGML_SHARED -DGGML_USE_CPU -DGGML_USE_SYCL -DLLAMA_BUILD -DLLAMA_SHARED -DMTMD_VIDEO -Dmtmd_EXPORTS -I/home/jianyuzh/ws/llama.cpp/auto_ci/28725/aicss-genai_sycl-graph-record-replay/tools/mtmd/. -I/home/jianyuzh/ws/llama.cpp/auto_ci/28725/aicss-genai_sycl-graph-record-replay/ggml/src/../include -I/home/jianyuzh/ws/llama.cpp/auto_ci/28725/aicss-genai_sycl-graph-record-replay/src/../include -I/home/jianyuzh/ws/llama.cpp/auto_ci/28725/aicss-genai_sycl-graph-record-replay/vendor/hash/.. -I/home/jianyuzh/ws/llama.cpp/auto_ci/28725/aicss-genai_sycl-graph-record-replay/vendor/miniaudio/.. -I/home/jianyuzh/ws/llama.cpp/auto_ci/28725/aicss-genai_sycl-graph-record-replay/vendor/stb/.. -I/home/jianyuzh/ws/llama.cpp/auto_ci/28725/aicss-genai_sycl-graph-record-replay/vendor/sheredom/.. -O3 -DNDEBUG -fPIC -Xclang -fno-pch-timestamp -Wmissing-declarations -Wmissing-noreturn -Wall -Wextra -Wpedantic -Wcast-qual -Wno-unused-function -Wno-cast-qual -MD -MT tools/mtmd/CMakeFiles/mtmd.dir/models/gemma4v.cpp.o -MF CMakeFiles/mtmd.dir/models/gemma4v.cpp.o.d -o CMakeFiles/mtmd.dir/models/gemma4v.cpp.o -c /home/jianyuzh/ws/llama.cpp/auto_ci/28725/aicss-genai_sycl-graph-record-replay/tools/mtmd/models/gemma4v.cpp
[ 46%] Building CXX object tools/mtmd/CMakeFiles/mtmd.dir/models/hunyuanvl.cpp.o
cd /home/jianyuzh/ws/llama.cpp/auto_ci/28725/aicss-genai_sycl-graph-record-replay/build/tools/mtmd && /opt/intel/oneapi/compiler/2026.1/bin/icpx -DGGML_BACKEND_SHARED -DGGML_SHARED -DGGML_USE_CPU -DGGML_USE_SYCL -DLLAMA_BUILD -DLLAMA_SHARED -DMTMD_VIDEO -Dmtmd_EXPORTS -I/home/jianyuzh/ws/llama.cpp/auto_ci/28725/aicss-genai_sycl-graph-record-replay/tools/mtmd/. -I/home/jianyuzh/ws/llama.cpp/auto_ci/28725/aicss-genai_sycl-graph-record-replay/ggml/src/../include -I/home/jianyuzh/ws/llama.cpp/auto_ci/28725/aicss-genai_sycl-graph-record-replay/src/../include -I/home/jianyuzh/ws/llama.cpp/auto_ci/28725/aicss-genai_sycl-graph-record-replay/vendor/hash/.. -I/home/jianyuzh/ws/llama.cpp/auto_ci/28725/aicss-genai_sycl-graph-record-replay/vendor/miniaudio/.. -I/home/jianyuzh/ws/llama.cpp/auto_ci/28725/aicss-genai_sycl-graph-record-replay/vendor/stb/.. -I/home/jianyuzh/ws/llama.cpp/auto_ci/28725/aicss-genai_sycl-graph-record-replay/vendor/sheredom/.. -O3 -DNDEBUG -fPIC -Xclang -fno-pch-timestamp -Wmissing-declarations -Wmissing-noreturn -Wall -Wextra -Wpedantic -Wcast-qual -Wno-unused-function -Wno-cast-qual -MD -MT tools/mtmd/CMakeFiles/mtmd.dir/models/gemma4uv.cpp.o -MF CMakeFiles/mtmd.dir/models/gemma4uv.cpp.o.d -o CMakeFiles/mtmd.dir/models/gemma4uv.cpp.o -c /home/jianyuzh/ws/llama.cpp/auto_ci/28725/aicss-genai_sycl-graph-record-replay/tools/mtmd/models/gemma4uv.cpp
cd /home/jianyuzh/ws/llama.cpp/auto_ci/28725/aicss-genai_sycl-graph-record-replay/build/tools/mtmd && /opt/intel/oneapi/compiler/2026.1/bin/icpx -DGGML_BACKEND_SHARED -DGGML_SHARED -DGGML_USE_CPU -DGGML_USE_SYCL -DLLAMA_BUILD -DLLAMA_SHARED -DMTMD_VIDEO -Dmtmd_EXPORTS -I/home/jianyuzh/ws/llama.cpp/auto_ci/28725/aicss-genai_sycl-graph-record-replay/tools/mtmd/. -I/home/jianyuzh/ws/llama.cpp/auto_ci/28725/aicss-genai_sycl-graph-record-replay/ggml/src/../include -I/home/jianyuzh/ws/llama.cpp/auto_ci/28725/aicss-genai_sycl-graph-record-replay/src/../include -I/home/jianyuzh/ws/llama.cpp/auto_ci/28725/aicss-genai_sycl-graph-record-replay/vendor/hash/.. -I/home/jianyuzh/ws/llama.cpp/auto_ci/28725/aicss-genai_sycl-graph-record-replay/vendor/miniaudio/.. -I/home/jianyuzh/ws/llama.cpp/auto_ci/28725/aicss-genai_sycl-graph-record-replay/vendor/stb/.. -I/home/jianyuzh/ws/llama.cpp/auto_ci/28725/aicss-genai_sycl-graph-record-replay/vendor/sheredom/.. -O3 -DNDEBUG -fPIC -Xclang -fno-pch-timestamp -Wmissing-declarations -Wmissing-noreturn -Wall -Wextra -Wpedantic -Wcast-qual -Wno-unused-function -Wno-cast-qual -MD -MT tools/mtmd/CMakeFiles/mtmd.dir/models/glm4v.cpp.o -MF CMakeFiles/mtmd.dir/models/glm4v.cpp.o.d -o CMakeFiles/mtmd.dir/models/glm4v.cpp.o -c /home/jianyuzh/ws/llama.cpp/auto_ci/28725/aicss-genai_sycl-graph-record-replay/tools/mtmd/models/glm4v.cpp
cd /home/jianyuzh/ws/llama.cpp/auto_ci/28725/aicss-genai_sycl-graph-record-replay/build/tools/mtmd && /opt/intel/oneapi/compiler/2026.1/bin/icpx -DGGML_BACKEND_SHARED -DGGML_SHARED -DGGML_USE_CPU -DGGML_USE_SYCL -DLLAMA_BUILD -DLLAMA_SHARED -DMTMD_VIDEO -Dmtmd_EXPORTS -I/home/jianyuzh/ws/llama.cpp/auto_ci/28725/aicss-genai_sycl-graph-record-replay/tools/mtmd/. -I/home/jianyuzh/ws/llama.cpp/auto_ci/28725/aicss-genai_sycl-graph-record-replay/ggml/src/../include -I/home/jianyuzh/ws/llama.cpp/auto_ci/28725/aicss-genai_sycl-graph-record-replay/src/../include -I/home/jianyuzh/ws/llama.cpp/auto_ci/28725/aicss-genai_sycl-graph-record-replay/vendor/hash/.. -I/home/jianyuzh/ws/llama.cpp/auto_ci/28725/aicss-genai_sycl-graph-record-replay/vendor/miniaudio/.. -I/home/jianyuzh/ws/llama.cpp/auto_ci/28725/aicss-genai_sycl-graph-record-replay/vendor/stb/.. -I/home/jianyuzh/ws/llama.cpp/auto_ci/28725/aicss-genai_sycl-graph-record-replay/vendor/sheredom/.. -O3 -DNDEBUG -fPIC -Xclang -fno-pch-timestamp -Wmissing-declarations -Wmissing-noreturn -Wall -Wextra -Wpedantic -Wcast-qual -Wno-unused-function -Wno-cast-qual -MD -MT tools/mtmd/CMakeFiles/mtmd.dir/models/granite-speech.cpp.o -MF CMakeFiles/mtmd.dir/models/granite-speech.cpp.o.d -o CMakeFiles/mtmd.dir/models/granite-speech.cpp.o -c /home/jianyuzh/ws/llama.cpp/auto_ci/28725/aicss-genai_sycl-graph-record-replay/tools/mtmd/models/granite-speech.cpp
cd /home/jianyuzh/ws/llama.cpp/auto_ci/28725/aicss-genai_sycl-graph-record-replay/build/tools/mtmd && /opt/intel/oneapi/compiler/2026.1/bin/icpx -DGGML_BACKEND_SHARED -DGGML_SHARED -DGGML_USE_CPU -DGGML_USE_SYCL -DLLAMA_BUILD -DLLAMA_SHARED -DMTMD_VIDEO -Dmtmd_EXPORTS -I/home/jianyuzh/ws/llama.cpp/auto_ci/28725/aicss-genai_sycl-graph-record-replay/tools/mtmd/. -I/home/jianyuzh/ws/llama.cpp/auto_ci/28725/aicss-genai_sycl-graph-record-replay/ggml/src/../include -I/home/jianyuzh/ws/llama.cpp/auto_ci/28725/aicss-genai_sycl-graph-record-replay/src/../include -I/home/jianyuzh/ws/llama.cpp/auto_ci/28725/aicss-genai_sycl-graph-record-replay/vendor/hash/.. -I/home/jianyuzh/ws/llama.cpp/auto_ci/28725/aicss-genai_sycl-graph-record-replay/vendor/miniaudio/.. -I/home/jianyuzh/ws/llama.cpp/auto_ci/28725/aicss-genai_sycl-graph-record-replay/vendor/stb/.. -I/home/jianyuzh/ws/llama.cpp/auto_ci/28725/aicss-genai_sycl-graph-record-replay/vendor/sheredom/.. -O3 -DNDEBUG -fPIC -Xclang -fno-pch-timestamp -Wmissing-declarations -Wmissing-noreturn -Wall -Wextra -Wpedantic -Wcast-qual -Wno-unused-function -Wno-cast-qual -MD -MT tools/mtmd/CMakeFiles/mtmd.dir/models/internvl.cpp.o -MF CMakeFiles/mtmd.dir/models/internvl.cpp.o.d -o CMakeFiles/mtmd.dir/models/internvl.cpp.o -c /home/jianyuzh/ws/llama.cpp/auto_ci/28725/aicss-genai_sycl-graph-record-replay/tools/mtmd/models/internvl.cpp
cd /home/jianyuzh/ws/llama.cpp/auto_ci/28725/aicss-genai_sycl-graph-record-replay/build/tools/mtmd && /opt/intel/oneapi/compiler/2026.1/bin/icpx -DGGML_BACKEND_SHARED -DGGML_SHARED -DGGML_USE_CPU -DGGML_USE_SYCL -DLLAMA_BUILD -DLLAMA_SHARED -DMTMD_VIDEO -Dmtmd_EXPORTS -I/home/jianyuzh/ws/llama.cpp/auto_ci/28725/aicss-genai_sycl-graph-record-replay/tools/mtmd/. -I/home/jianyuzh/ws/llama.cpp/auto_ci/28725/aicss-genai_sycl-graph-record-replay/ggml/src/../include -I/home/jianyuzh/ws/llama.cpp/auto_ci/28725/aicss-genai_sycl-graph-record-replay/src/../include -I/home/jianyuzh/ws/llama.cpp/auto_ci/28725/aicss-genai_sycl-graph-record-replay/vendor/hash/.. -I/home/jianyuzh/ws/llama.cpp/auto_ci/28725/aicss-genai_sycl-graph-record-replay/vendor/miniaudio/.. -I/home/jianyuzh/ws/llama.cpp/auto_ci/28725/aicss-genai_sycl-graph-record-replay/vendor/stb/.. -I/home/jianyuzh/ws/llama.cpp/auto_ci/28725/aicss-genai_sycl-graph-record-replay/vendor/sheredom/.. -O3 -DNDEBUG -fPIC -Xclang -fno-pch-timestamp -Wmissing-declarations -Wmissing-noreturn -Wall -Wextra -Wpedantic -Wcast-qual -Wno-unused-function -Wno-cast-qual -MD -MT tools/mtmd/CMakeFiles/mtmd.dir/models/kimivl.cpp.o -MF CMakeFiles/mtmd.dir/models/kimivl.cpp.o.d -o CMakeFiles/mtmd.dir/models/kimivl.cpp.o -c /home/jianyuzh/ws/llama.cpp/auto_ci/28725/aicss-genai_sycl-graph-record-replay/tools/mtmd/models/kimivl.cpp
cd /home/jianyuzh/ws/llama.cpp/auto_ci/28725/aicss-genai_sycl-graph-record-replay/build/common && /opt/intel/oneapi/compiler/2026.1/bin/icpx -DGGML_BACKEND_SHARED -DGGML_SHARED -DGGML_USE_CPU -DGGML_USE_SYCL -DLLAMA_SHARED -DLLAMA_SUBPROCESS -Dllama_common_EXPORTS -I/home/jianyuzh/ws/llama.cpp/auto_ci/28725/aicss-genai_sycl-graph-record-replay/common/. -I/home/jianyuzh/ws/llama.cpp/auto_ci/28725/aicss-genai_sycl-graph-record-replay/vendor/nlohmann/.. -I/home/jianyuzh/ws/llama.cpp/auto_ci/28725/aicss-genai_sycl-graph-record-replay/vendor/sheredom/.. -I/home/jianyuzh/ws/llama.cpp/auto_ci/28725/aicss-genai_sycl-graph-record-replay/src/../include -I/home/jianyuzh/ws/llama.cpp/auto_ci/28725/aicss-genai_sycl-graph-record-replay/ggml/src/../include -O3 -DNDEBUG -fPIC -Xclang -fno-pch-timestamp -Wmissing-declarations -Wmissing-noreturn -Wall -Wextra -Wpedantic -Wcast-qual -Wno-unused-function -MD -MT common/CMakeFiles/llama-common.dir/chat-diff-analyzer.cpp.o -MF CMakeFiles/llama-common.dir/chat-diff-analyzer.cpp.o.d -o CMakeFiles/llama-common.dir/chat-diff-analyzer.cpp.o -c /home/jianyuzh/ws/llama.cpp/auto_ci/28725/aicss-genai_sycl-graph-record-replay/common/chat-diff-analyzer.cpp
cd /home/jianyuzh/ws/llama.cpp/auto_ci/28725/aicss-genai_sycl-graph-record-replay/build/tools/mtmd && /opt/intel/oneapi/compiler/2026.1/bin/icpx -DGGML_BACKEND_SHARED -DGGML_SHARED -DGGML_USE_CPU -DGGML_USE_SYCL -DLLAMA_BUILD -DLLAMA_SHARED -DMTMD_VIDEO -Dmtmd_EXPORTS -I/home/jianyuzh/ws/llama.cpp/auto_ci/28725/aicss-genai_sycl-graph-record-replay/tools/mtmd/. -I/home/jianyuzh/ws/llama.cpp/auto_ci/28725/aicss-genai_sycl-graph-record-replay/ggml/src/../include -I/home/jianyuzh/ws/llama.cpp/auto_ci/28725/aicss-genai_sycl-graph-record-replay/src/../include -I/home/jianyuzh/ws/llama.cpp/auto_ci/28725/aicss-genai_sycl-graph-record-replay/vendor/hash/.. -I/home/jianyuzh/ws/llama.cpp/auto_ci/28725/aicss-genai_sycl-graph-record-replay/vendor/miniaudio/.. -I/home/jianyuzh/ws/llama.cpp/auto_ci/28725/aicss-genai_sycl-graph-record-replay/vendor/stb/.. -I/home/jianyuzh/ws/llama.cpp/auto_ci/28725/aicss-genai_sycl-graph-record-replay/vendor/sheredom/.. -O3 -DNDEBUG -fPIC -Xclang -fno-pch-timestamp -Wmissing-declarations -Wmissing-noreturn -Wall -Wextra -Wpedantic -Wcast-qual -Wno-unused-function -Wno-cast-qual -MD -MT tools/mtmd/CMakeFiles/mtmd.dir/models/kimik25.cpp.o -MF CMakeFiles/mtmd.dir/models/kimik25.cpp.o.d -o CMakeFiles/mtmd.dir/models/kimik25.cpp.o -c /home/jianyuzh/ws/llama.cpp/auto_ci/28725/aicss-genai_sycl-graph-record-replay/tools/mtmd/models/kimik25.cpp
cd /home/jianyuzh/ws/llama.cpp/auto_ci/28725/aicss-genai_sycl-graph-record-replay/build/tools/mtmd && /opt/intel/oneapi/compiler/2026.1/bin/icpx -DGGML_BACKEND_SHARED -DGGML_SHARED -DGGML_USE_CPU -DGGML_USE_SYCL -DLLAMA_BUILD -DLLAMA_SHARED -DMTMD_VIDEO -Dmtmd_EXPORTS -I/home/jianyuzh/ws/llama.cpp/auto_ci/28725/aicss-genai_sycl-graph-record-replay/tools/mtmd/. -I/home/jianyuzh/ws/llama.cpp/auto_ci/28725/aicss-genai_sycl-graph-record-replay/ggml/src/../include -I/home/jianyuzh/ws/llama.cpp/auto_ci/28725/aicss-genai_sycl-graph-record-replay/src/../include -I/home/jianyuzh/ws/llama.cpp/auto_ci/28725/aicss-genai_sycl-graph-record-replay/vendor/hash/.. -I/home/jianyuzh/ws/llama.cpp/auto_ci/28725/aicss-genai_sycl-graph-record-replay/vendor/miniaudio/.. -I/home/jianyuzh/ws/llama.cpp/auto_ci/28725/aicss-genai_sycl-graph-record-replay/vendor/stb/.. -I/home/jianyuzh/ws/llama.cpp/auto_ci/28725/aicss-genai_sycl-graph-record-replay/vendor/sheredom/.. -O3 -DNDEBUG -fPIC -Xclang -fno-pch-timestamp -Wmissing-declarations -Wmissing-noreturn -Wall -Wextra -Wpedantic -Wcast-qual -Wno-unused-function -Wno-cast-qual -MD -MT tools/mtmd/CMakeFiles/mtmd.dir/models/hunyuanvl.cpp.o -MF CMakeFiles/mtmd.dir/models/hunyuanvl.cpp.o.d -o CMakeFiles/mtmd.dir/models/hunyuanvl.cpp.o -c /home/jianyuzh/ws/llama.cpp/auto_ci/28725/aicss-genai_sycl-graph-record-replay/tools/mtmd/models/hunyuanvl.cpp
cd /home/jianyuzh/ws/llama.cpp/auto_ci/28725/aicss-genai_sycl-graph-record-replay/build/common && /opt/intel/oneapi/compiler/2026.1/bin/icpx -DGGML_BACKEND_SHARED -DGGML_SHARED -DGGML_USE_CPU -DGGML_USE_SYCL -DLLAMA_SHARED -DLLAMA_SUBPROCESS -Dllama_common_EXPORTS -I/home/jianyuzh/ws/llama.cpp/auto_ci/28725/aicss-genai_sycl-graph-record-replay/common/. -I/home/jianyuzh/ws/llama.cpp/auto_ci/28725/aicss-genai_sycl-graph-record-replay/vendor/nlohmann/.. -I/home/jianyuzh/ws/llama.cpp/auto_ci/28725/aicss-genai_sycl-graph-record-replay/vendor/sheredom/.. -I/home/jianyuzh/ws/llama.cpp/auto_ci/28725/aicss-genai_sycl-graph-record-replay/src/../include -I/home/jianyuzh/ws/llama.cpp/auto_ci/28725/aicss-genai_sycl-graph-record-replay/ggml/src/../include -O3 -DNDEBUG -fPIC -Xclang -fno-pch-timestamp -Wmissing-declarations -Wmissing-noreturn -Wall -Wextra -Wpedantic -Wcast-qual -Wno-unused-function -MD -MT common/CMakeFiles/llama-common.dir/chat-peg-parser.cpp.o -MF CMakeFiles/llama-common.dir/chat-peg-parser.cpp.o.d -o CMakeFiles/llama-common.dir/chat-peg-parser.cpp.o -c /home/jianyuzh/ws/llama.cpp/auto_ci/28725/aicss-genai_sycl-graph-record-replay/common/chat-peg-parser.cpp
cd /home/jianyuzh/ws/llama.cpp/auto_ci/28725/aicss-genai_sycl-graph-record-replay/build/common && /opt/intel/oneapi/compiler/2026.1/bin/icpx -DGGML_BACKEND_SHARED -DGGML_SHARED -DGGML_USE_CPU -DGGML_USE_SYCL -DLLAMA_SHARED -DLLAMA_SUBPROCESS -Dllama_common_EXPORTS -I/home/jianyuzh/ws/llama.cpp/auto_ci/28725/aicss-genai_sycl-graph-record-replay/common/. -I/home/jianyuzh/ws/llama.cpp/auto_ci/28725/aicss-genai_sycl-graph-record-replay/vendor/nlohmann/.. -I/home/jianyuzh/ws/llama.cpp/auto_ci/28725/aicss-genai_sycl-graph-record-replay/vendor/sheredom/.. -I/home/jianyuzh/ws/llama.cpp/auto_ci/28725/aicss-genai_sycl-graph-record-replay/src/../include -I/home/jianyuzh/ws/llama.cpp/auto_ci/28725/aicss-genai_sycl-graph-record-replay/ggml/src/../include -O3 -DNDEBUG -fPIC -Xclang -fno-pch-timestamp -Wmissing-declarations -Wmissing-noreturn -Wall -Wextra -Wpedantic -Wcast-qual -Wno-unused-function -MD -MT common/CMakeFiles/llama-common.dir/chat.cpp.o -MF CMakeFiles/llama-common.dir/chat.cpp.o.d -o CMakeFiles/llama-common.dir/chat.cpp.o -c /home/jianyuzh/ws/llama.cpp/auto_ci/28725/aicss-genai_sycl-graph-record-replay/common/chat.cpp
[ 46%] Linking C executable ../bin/test-c
cd /home/jianyuzh/ws/llama.cpp/auto_ci/28725/aicss-genai_sycl-graph-record-replay/build/tests && /usr/bin/cmake -E cmake_link_script CMakeFiles/test-c.dir/link.txt --verbose=1
[ 46%] Linking CXX executable ../../bin/llama-simple
cd /home/jianyuzh/ws/llama.cpp/auto_ci/28725/aicss-genai_sycl-graph-record-replay/build/examples/simple && /usr/bin/cmake -E cmake_link_script CMakeFiles/llama-simple.dir/link.txt --verbose=1
/opt/intel/oneapi/compiler/2026.1/bin/icx -O3 -DNDEBUG -Wl,--dependency-file=CMakeFiles/test-c.dir/link.d "CMakeFiles/test-c.dir/test-c.c.o" -o ../bin/test-c  -Wl,-rpath,/home/jianyuzh/ws/llama.cpp/auto_ci/28725/aicss-genai_sycl-graph-record-replay/build/bin ../bin/libllama.so.0.4.1 ../bin/libggml.so.0.24.0 ../bin/libggml-cpu.so.0.24.0 ../bin/libggml-sycl.so.0.24.0 ../bin/libggml-base.so.0.24.0
gmake[2]: Leaving directory '/home/jianyuzh/ws/llama.cpp/auto_ci/28725/aicss-genai_sycl-graph-record-replay/build'
[ 46%] Built target test-c
[ 46%] Building CXX object common/CMakeFiles/llama-common.dir/common.cpp.o
cd /home/jianyuzh/ws/llama.cpp/auto_ci/28725/aicss-genai_sycl-graph-record-replay/build/common && /opt/intel/oneapi/compiler/2026.1/bin/icpx -DGGML_BACKEND_SHARED -DGGML_SHARED -DGGML_USE_CPU -DGGML_USE_SYCL -DLLAMA_SHARED -DLLAMA_SUBPROCESS -Dllama_common_EXPORTS -I/home/jianyuzh/ws/llama.cpp/auto_ci/28725/aicss-genai_sycl-graph-record-replay/common/. -I/home/jianyuzh/ws/llama.cpp/auto_ci/28725/aicss-genai_sycl-graph-record-replay/vendor/nlohmann/.. -I/home/jianyuzh/ws/llama.cpp/auto_ci/28725/aicss-genai_sycl-graph-record-replay/vendor/sheredom/.. -I/home/jianyuzh/ws/llama.cpp/auto_ci/28725/aicss-genai_sycl-graph-record-replay/src/../include -I/home/jianyuzh/ws/llama.cpp/auto_ci/28725/aicss-genai_sycl-graph-record-replay/ggml/src/../include -O3 -DNDEBUG -fPIC -Xclang -fno-pch-timestamp -Wmissing-declarations -Wmissing-noreturn -Wall -Wextra -Wpedantic -Wcast-qual -Wno-unused-function -MD -MT common/CMakeFiles/llama-common.dir/common.cpp.o -MF CMakeFiles/llama-common.dir/common.cpp.o.d -o CMakeFiles/llama-common.dir/common.cpp.o -c /home/jianyuzh/ws/llama.cpp/auto_ci/28725/aicss-genai_sycl-graph-record-replay/common/common.cpp
[ 46%] Linking CXX executable ../../bin/llama-simple-chat
cd /home/jianyuzh/ws/llama.cpp/auto_ci/28725/aicss-genai_sycl-graph-record-replay/build/examples/simple-chat && /usr/bin/cmake -E cmake_link_script CMakeFiles/llama-simple-chat.dir/link.txt --verbose=1
/opt/intel/oneapi/compiler/2026.1/bin/icpx -O3 -DNDEBUG -Wl,--dependency-file=CMakeFiles/llama-simple.dir/link.d "CMakeFiles/llama-simple.dir/simple.cpp.o" -o ../../bin/llama-simple  -Wl,-rpath,/home/jianyuzh/ws/llama.cpp/auto_ci/28725/aicss-genai_sycl-graph-record-replay/build/bin: ../../bin/libllama.so.0.4.1 ../../bin/libggml.so.0.24.0 ../../bin/libggml-cpu.so.0.24.0 ../../bin/libggml-sycl.so.0.24.0 ../../bin/libggml-base.so.0.24.0
gmake[2]: Leaving directory '/home/jianyuzh/ws/llama.cpp/auto_ci/28725/aicss-genai_sycl-graph-record-replay/build'
[ 46%] Built target llama-simple
[ 46%] Building CXX object common/CMakeFiles/llama-common.dir/console.cpp.o
cd /home/jianyuzh/ws/llama.cpp/auto_ci/28725/aicss-genai_sycl-graph-record-replay/build/common && /opt/intel/oneapi/compiler/2026.1/bin/icpx -DGGML_BACKEND_SHARED -DGGML_SHARED -DGGML_USE_CPU -DGGML_USE_SYCL -DLLAMA_SHARED -DLLAMA_SUBPROCESS -Dllama_common_EXPORTS -I/home/jianyuzh/ws/llama.cpp/auto_ci/28725/aicss-genai_sycl-graph-record-replay/common/. -I/home/jianyuzh/ws/llama.cpp/auto_ci/28725/aicss-genai_sycl-graph-record-replay/vendor/nlohmann/.. -I/home/jianyuzh/ws/llama.cpp/auto_ci/28725/aicss-genai_sycl-graph-record-replay/vendor/sheredom/.. -I/home/jianyuzh/ws/llama.cpp/auto_ci/28725/aicss-genai_sycl-graph-record-replay/src/../include -I/home/jianyuzh/ws/llama.cpp/auto_ci/28725/aicss-genai_sycl-graph-record-replay/ggml/src/../include -O3 -DNDEBUG -fPIC -Xclang -fno-pch-timestamp -Wmissing-declarations -Wmissing-noreturn -Wall -Wextra -Wpedantic -Wcast-qual -Wno-unused-function -MD -MT common/CMakeFiles/llama-common.dir/console.cpp.o -MF CMakeFiles/llama-common.dir/console.cpp.o.d -o CMakeFiles/llama-common.dir/console.cpp.o -c /home/jianyuzh/ws/llama.cpp/auto_ci/28725/aicss-genai_sycl-graph-record-replay/common/console.cpp
/opt/intel/oneapi/compiler/2026.1/bin/icpx -O3 -DNDEBUG -Wl,--dependency-file=CMakeFiles/llama-simple-chat.dir/link.d "CMakeFiles/llama-simple-chat.dir/simple-chat.cpp.o" -o ../../bin/llama-simple-chat  -Wl,-rpath,/home/jianyuzh/ws/llama.cpp/auto_ci/28725/aicss-genai_sycl-graph-record-replay/build/bin: ../../bin/libllama.so.0.4.1 ../../bin/libggml.so.0.24.0 ../../bin/libggml-cpu.so.0.24.0 ../../bin/libggml-sycl.so.0.24.0 ../../bin/libggml-base.so.0.24.0
gmake[2]: Leaving directory '/home/jianyuzh/ws/llama.cpp/auto_ci/28725/aicss-genai_sycl-graph-record-replay/build'
[ 46%] Built target llama-simple-chat
[ 47%] Building CXX object common/CMakeFiles/llama-common.dir/debug.cpp.o
cd /home/jianyuzh/ws/llama.cpp/auto_ci/28725/aicss-genai_sycl-graph-record-replay/build/common && /opt/intel/oneapi/compiler/2026.1/bin/icpx -DGGML_BACKEND_SHARED -DGGML_SHARED -DGGML_USE_CPU -DGGML_USE_SYCL -DLLAMA_SHARED -DLLAMA_SUBPROCESS -Dllama_common_EXPORTS -I/home/jianyuzh/ws/llama.cpp/auto_ci/28725/aicss-genai_sycl-graph-record-replay/common/. -I/home/jianyuzh/ws/llama.cpp/auto_ci/28725/aicss-genai_sycl-graph-record-replay/vendor/nlohmann/.. -I/home/jianyuzh/ws/llama.cpp/auto_ci/28725/aicss-genai_sycl-graph-record-replay/vendor/sheredom/.. -I/home/jianyuzh/ws/llama.cpp/auto_ci/28725/aicss-genai_sycl-graph-record-replay/src/../include -I/home/jianyuzh/ws/llama.cpp/auto_ci/28725/aicss-genai_sycl-graph-record-replay/ggml/src/../include -O3 -DNDEBUG -fPIC -Xclang -fno-pch-timestamp -Wmissing-declarations -Wmissing-noreturn -Wall -Wextra -Wpedantic -Wcast-qual -Wno-unused-function -MD -MT common/CMakeFiles/llama-common.dir/debug.cpp.o -MF CMakeFiles/llama-common.dir/debug.cpp.o.d -o CMakeFiles/llama-common.dir/debug.cpp.o -c /home/jianyuzh/ws/llama.cpp/auto_ci/28725/aicss-genai_sycl-graph-record-replay/common/debug.cpp
[ 47%] Building CXX object tools/mtmd/CMakeFiles/mtmd.dir/models/nemotron-v2-vl.cpp.o
cd /home/jianyuzh/ws/llama.cpp/auto_ci/28725/aicss-genai_sycl-graph-record-replay/build/tools/mtmd && /opt/intel/oneapi/compiler/2026.1/bin/icpx -DGGML_BACKEND_SHARED -DGGML_SHARED -DGGML_USE_CPU -DGGML_USE_SYCL -DLLAMA_BUILD -DLLAMA_SHARED -DMTMD_VIDEO -Dmtmd_EXPORTS -I/home/jianyuzh/ws/llama.cpp/auto_ci/28725/aicss-genai_sycl-graph-record-replay/tools/mtmd/. -I/home/jianyuzh/ws/llama.cpp/auto_ci/28725/aicss-genai_sycl-graph-record-replay/ggml/src/../include -I/home/jianyuzh/ws/llama.cpp/auto_ci/28725/aicss-genai_sycl-graph-record-replay/src/../include -I/home/jianyuzh/ws/llama.cpp/auto_ci/28725/aicss-genai_sycl-graph-record-replay/vendor/hash/.. -I/home/jianyuzh/ws/llama.cpp/auto_ci/28725/aicss-genai_sycl-graph-record-replay/vendor/miniaudio/.. -I/home/jianyuzh/ws/llama.cpp/auto_ci/28725/aicss-genai_sycl-graph-record-replay/vendor/stb/.. -I/home/jianyuzh/ws/llama.cpp/auto_ci/28725/aicss-genai_sycl-graph-record-replay/vendor/sheredom/.. -O3 -DNDEBUG -fPIC -Xclang -fno-pch-timestamp -Wmissing-declarations -Wmissing-noreturn -Wall -Wextra -Wpedantic -Wcast-qual -Wno-unused-function -Wno-cast-qual -MD -MT tools/mtmd/CMakeFiles/mtmd.dir/models/nemotron-v2-vl.cpp.o -MF CMakeFiles/mtmd.dir/models/nemotron-v2-vl.cpp.o.d -o CMakeFiles/mtmd.dir/models/nemotron-v2-vl.cpp.o -c /home/jianyuzh/ws/llama.cpp/auto_ci/28725/aicss-genai_sycl-graph-record-replay/tools/mtmd/models/nemotron-v2-vl.cpp
[ 48%] Building CXX object tools/mtmd/CMakeFiles/mtmd.dir/models/muse-glimmer.cpp.o
cd /home/jianyuzh/ws/llama.cpp/auto_ci/28725/aicss-genai_sycl-graph-record-replay/build/tools/mtmd && /opt/intel/oneapi/compiler/2026.1/bin/icpx -DGGML_BACKEND_SHARED -DGGML_SHARED -DGGML_USE_CPU -DGGML_USE_SYCL -DLLAMA_BUILD -DLLAMA_SHARED -DMTMD_VIDEO -Dmtmd_EXPORTS -I/home/jianyuzh/ws/llama.cpp/auto_ci/28725/aicss-genai_sycl-graph-record-replay/tools/mtmd/. -I/home/jianyuzh/ws/llama.cpp/auto_ci/28725/aicss-genai_sycl-graph-record-replay/ggml/src/../include -I/home/jianyuzh/ws/llama.cpp/auto_ci/28725/aicss-genai_sycl-graph-record-replay/src/../include -I/home/jianyuzh/ws/llama.cpp/auto_ci/28725/aicss-genai_sycl-graph-record-replay/vendor/hash/.. -I/home/jianyuzh/ws/llama.cpp/auto_ci/28725/aicss-genai_sycl-graph-record-replay/vendor/miniaudio/.. -I/home/jianyuzh/ws/llama.cpp/auto_ci/28725/aicss-genai_sycl-graph-record-replay/vendor/stb/.. -I/home/jianyuzh/ws/llama.cpp/auto_ci/28725/aicss-genai_sycl-graph-record-replay/vendor/sheredom/.. -O3 -DNDEBUG -fPIC -Xclang -fno-pch-timestamp -Wmissing-declarations -Wmissing-noreturn -Wall -Wextra -Wpedantic -Wcast-qual -Wno-unused-function -Wno-cast-qual -MD -MT tools/mtmd/CMakeFiles/mtmd.dir/models/muse-glimmer.cpp.o -MF CMakeFiles/mtmd.dir/models/muse-glimmer.cpp.o.d -o CMakeFiles/mtmd.dir/models/muse-glimmer.cpp.o -c /home/jianyuzh/ws/llama.cpp/auto_ci/28725/aicss-genai_sycl-graph-record-replay/tools/mtmd/models/muse-glimmer.cpp
[ 48%] Building CXX object tools/mtmd/CMakeFiles/mtmd.dir/models/llama4.cpp.o
cd /home/jianyuzh/ws/llama.cpp/auto_ci/28725/aicss-genai_sycl-graph-record-replay/build/tools/mtmd && /opt/intel/oneapi/compiler/2026.1/bin/icpx -DGGML_BACKEND_SHARED -DGGML_SHARED -DGGML_USE_CPU -DGGML_USE_SYCL -DLLAMA_BUILD -DLLAMA_SHARED -DMTMD_VIDEO -Dmtmd_EXPORTS -I/home/jianyuzh/ws/llama.cpp/auto_ci/28725/aicss-genai_sycl-graph-record-replay/tools/mtmd/. -I/home/jianyuzh/ws/llama.cpp/auto_ci/28725/aicss-genai_sycl-graph-record-replay/ggml/src/../include -I/home/jianyuzh/ws/llama.cpp/auto_ci/28725/aicss-genai_sycl-graph-record-replay/src/../include -I/home/jianyuzh/ws/llama.cpp/auto_ci/28725/aicss-genai_sycl-graph-record-replay/vendor/hash/.. -I/home/jianyuzh/ws/llama.cpp/auto_ci/28725/aicss-genai_sycl-graph-record-replay/vendor/miniaudio/.. -I/home/jianyuzh/ws/llama.cpp/auto_ci/28725/aicss-genai_sycl-graph-record-replay/vendor/stb/.. -I/home/jianyuzh/ws/llama.cpp/auto_ci/28725/aicss-genai_sycl-graph-record-replay/vendor/sheredom/.. -O3 -DNDEBUG -fPIC -Xclang -fno-pch-timestamp -Wmissing-declarations -Wmissing-noreturn -Wall -Wextra -Wpedantic -Wcast-qual -Wno-unused-function -Wno-cast-qual -MD -MT tools/mtmd/CMakeFiles/mtmd.dir/models/llama4.cpp.o -MF CMakeFiles/mtmd.dir/models/llama4.cpp.o.d -o CMakeFiles/mtmd.dir/models/llama4.cpp.o -c /home/jianyuzh/ws/llama.cpp/auto_ci/28725/aicss-genai_sycl-graph-record-replay/tools/mtmd/models/llama4.cpp
[ 48%] Building CXX object tools/mtmd/CMakeFiles/mtmd.dir/models/llava.cpp.o
[ 48%] Building CXX object tools/mtmd/CMakeFiles/mtmd.dir/models/minicpmv.cpp.o
[ 48%] Building CXX object common/CMakeFiles/llama-common.dir/download.cpp.o
cd /home/jianyuzh/ws/llama.cpp/auto_ci/28725/aicss-genai_sycl-graph-record-replay/build/tools/mtmd && /opt/intel/oneapi/compiler/2026.1/bin/icpx -DGGML_BACKEND_SHARED -DGGML_SHARED -DGGML_USE_CPU -DGGML_USE_SYCL -DLLAMA_BUILD -DLLAMA_SHARED -DMTMD_VIDEO -Dmtmd_EXPORTS -I/home/jianyuzh/ws/llama.cpp/auto_ci/28725/aicss-genai_sycl-graph-record-replay/tools/mtmd/. -I/home/jianyuzh/ws/llama.cpp/auto_ci/28725/aicss-genai_sycl-graph-record-replay/ggml/src/../include -I/home/jianyuzh/ws/llama.cpp/auto_ci/28725/aicss-genai_sycl-graph-record-replay/src/../include -I/home/jianyuzh/ws/llama.cpp/auto_ci/28725/aicss-genai_sycl-graph-record-replay/vendor/hash/.. -I/home/jianyuzh/ws/llama.cpp/auto_ci/28725/aicss-genai_sycl-graph-record-replay/vendor/miniaudio/.. -I/home/jianyuzh/ws/llama.cpp/auto_ci/28725/aicss-genai_sycl-graph-record-replay/vendor/stb/.. -I/home/jianyuzh/ws/llama.cpp/auto_ci/28725/aicss-genai_sycl-graph-record-replay/vendor/sheredom/.. -O3 -DNDEBUG -fPIC -Xclang -fno-pch-timestamp -Wmissing-declarations -Wmissing-noreturn -Wall -Wextra -Wpedantic -Wcast-qual -Wno-unused-function -Wno-cast-qual -MD -MT tools/mtmd/CMakeFiles/mtmd.dir/models/llava.cpp.o -MF CMakeFiles/mtmd.dir/models/llava.cpp.o.d -o CMakeFiles/mtmd.dir/models/llava.cpp.o -c /home/jianyuzh/ws/llama.cpp/auto_ci/28725/aicss-genai_sycl-graph-record-replay/tools/mtmd/models/llava.cpp
cd /home/jianyuzh/ws/llama.cpp/auto_ci/28725/aicss-genai_sycl-graph-record-replay/build/common && /opt/intel/oneapi/compiler/2026.1/bin/icpx -DGGML_BACKEND_SHARED -DGGML_SHARED -DGGML_USE_CPU -DGGML_USE_SYCL -DLLAMA_SHARED -DLLAMA_SUBPROCESS -Dllama_common_EXPORTS -I/home/jianyuzh/ws/llama.cpp/auto_ci/28725/aicss-genai_sycl-graph-record-replay/common/. -I/home/jianyuzh/ws/llama.cpp/auto_ci/28725/aicss-genai_sycl-graph-record-replay/vendor/nlohmann/.. -I/home/jianyuzh/ws/llama.cpp/auto_ci/28725/aicss-genai_sycl-graph-record-replay/vendor/sheredom/.. -I/home/jianyuzh/ws/llama.cpp/auto_ci/28725/aicss-genai_sycl-graph-record-replay/src/../include -I/home/jianyuzh/ws/llama.cpp/auto_ci/28725/aicss-genai_sycl-graph-record-replay/ggml/src/../include -O3 -DNDEBUG -fPIC -Xclang -fno-pch-timestamp -Wmissing-declarations -Wmissing-noreturn -Wall -Wextra -Wpedantic -Wcast-qual -Wno-unused-function -MD -MT common/CMakeFiles/llama-common.dir/download.cpp.o -MF CMakeFiles/llama-common.dir/download.cpp.o.d -o CMakeFiles/llama-common.dir/download.cpp.o -c /home/jianyuzh/ws/llama.cpp/auto_ci/28725/aicss-genai_sycl-graph-record-replay/common/download.cpp
cd /home/jianyuzh/ws/llama.cpp/auto_ci/28725/aicss-genai_sycl-graph-record-replay/build/tools/mtmd && /opt/intel/oneapi/compiler/2026.1/bin/icpx -DGGML_BACKEND_SHARED -DGGML_SHARED -DGGML_USE_CPU -DGGML_USE_SYCL -DLLAMA_BUILD -DLLAMA_SHARED -DMTMD_VIDEO -Dmtmd_EXPORTS -I/home/jianyuzh/ws/llama.cpp/auto_ci/28725/aicss-genai_sycl-graph-record-replay/tools/mtmd/. -I/home/jianyuzh/ws/llama.cpp/auto_ci/28725/aicss-genai_sycl-graph-record-replay/ggml/src/../include -I/home/jianyuzh/ws/llama.cpp/auto_ci/28725/aicss-genai_sycl-graph-record-replay/src/../include -I/home/jianyuzh/ws/llama.cpp/auto_ci/28725/aicss-genai_sycl-graph-record-replay/vendor/hash/.. -I/home/jianyuzh/ws/llama.cpp/auto_ci/28725/aicss-genai_sycl-graph-record-replay/vendor/miniaudio/.. -I/home/jianyuzh/ws/llama.cpp/auto_ci/28725/aicss-genai_sycl-graph-record-replay/vendor/stb/.. -I/home/jianyuzh/ws/llama.cpp/auto_ci/28725/aicss-genai_sycl-graph-record-replay/vendor/sheredom/.. -O3 -DNDEBUG -fPIC -Xclang -fno-pch-timestamp -Wmissing-declarations -Wmissing-noreturn -Wall -Wextra -Wpedantic -Wcast-qual -Wno-unused-function -Wno-cast-qual -MD -MT tools/mtmd/CMakeFiles/mtmd.dir/models/minicpmv.cpp.o -MF CMakeFiles/mtmd.dir/models/minicpmv.cpp.o.d -o CMakeFiles/mtmd.dir/models/minicpmv.cpp.o -c /home/jianyuzh/ws/llama.cpp/auto_ci/28725/aicss-genai_sycl-graph-record-replay/tools/mtmd/models/minicpmv.cpp
[ 48%] Building CXX object tools/mtmd/CMakeFiles/mtmd.dir/models/paddleocr.cpp.o
cd /home/jianyuzh/ws/llama.cpp/auto_ci/28725/aicss-genai_sycl-graph-record-replay/build/tools/mtmd && /opt/intel/oneapi/compiler/2026.1/bin/icpx -DGGML_BACKEND_SHARED -DGGML_SHARED -DGGML_USE_CPU -DGGML_USE_SYCL -DLLAMA_BUILD -DLLAMA_SHARED -DMTMD_VIDEO -Dmtmd_EXPORTS -I/home/jianyuzh/ws/llama.cpp/auto_ci/28725/aicss-genai_sycl-graph-record-replay/tools/mtmd/. -I/home/jianyuzh/ws/llama.cpp/auto_ci/28725/aicss-genai_sycl-graph-record-replay/ggml/src/../include -I/home/jianyuzh/ws/llama.cpp/auto_ci/28725/aicss-genai_sycl-graph-record-replay/src/../include -I/home/jianyuzh/ws/llama.cpp/auto_ci/28725/aicss-genai_sycl-graph-record-replay/vendor/hash/.. -I/home/jianyuzh/ws/llama.cpp/auto_ci/28725/aicss-genai_sycl-graph-record-replay/vendor/miniaudio/.. -I/home/jianyuzh/ws/llama.cpp/auto_ci/28725/aicss-genai_sycl-graph-record-replay/vendor/stb/.. -I/home/jianyuzh/ws/llama.cpp/auto_ci/28725/aicss-genai_sycl-graph-record-replay/vendor/sheredom/.. -O3 -DNDEBUG -fPIC -Xclang -fno-pch-timestamp -Wmissing-declarations -Wmissing-noreturn -Wall -Wextra -Wpedantic -Wcast-qual -Wno-unused-function -Wno-cast-qual -MD -MT tools/mtmd/CMakeFiles/mtmd.dir/models/paddleocr.cpp.o -MF CMakeFiles/mtmd.dir/models/paddleocr.cpp.o.d -o CMakeFiles/mtmd.dir/models/paddleocr.cpp.o -c /home/jianyuzh/ws/llama.cpp/auto_ci/28725/aicss-genai_sycl-graph-record-replay/tools/mtmd/models/paddleocr.cpp
[ 48%] Building CXX object tools/mtmd/CMakeFiles/mtmd.dir/models/pixtral.cpp.o
cd /home/jianyuzh/ws/llama.cpp/auto_ci/28725/aicss-genai_sycl-graph-record-replay/build/tools/mtmd && /opt/intel/oneapi/compiler/2026.1/bin/icpx -DGGML_BACKEND_SHARED -DGGML_SHARED -DGGML_USE_CPU -DGGML_USE_SYCL -DLLAMA_BUILD -DLLAMA_SHARED -DMTMD_VIDEO -Dmtmd_EXPORTS -I/home/jianyuzh/ws/llama.cpp/auto_ci/28725/aicss-genai_sycl-graph-record-replay/tools/mtmd/. -I/home/jianyuzh/ws/llama.cpp/auto_ci/28725/aicss-genai_sycl-graph-record-replay/ggml/src/../include -I/home/jianyuzh/ws/llama.cpp/auto_ci/28725/aicss-genai_sycl-graph-record-replay/src/../include -I/home/jianyuzh/ws/llama.cpp/auto_ci/28725/aicss-genai_sycl-graph-record-replay/vendor/hash/.. -I/home/jianyuzh/ws/llama.cpp/auto_ci/28725/aicss-genai_sycl-graph-record-replay/vendor/miniaudio/.. -I/home/jianyuzh/ws/llama.cpp/auto_ci/28725/aicss-genai_sycl-graph-record-replay/vendor/stb/.. -I/home/jianyuzh/ws/llama.cpp/auto_ci/28725/aicss-genai_sycl-graph-record-replay/vendor/sheredom/.. -O3 -DNDEBUG -fPIC -Xclang -fno-pch-timestamp -Wmissing-declarations -Wmissing-noreturn -Wall -Wextra -Wpedantic -Wcast-qual -Wno-unused-function -Wno-cast-qual -MD -MT tools/mtmd/CMakeFiles/mtmd.dir/models/pixtral.cpp.o -MF CMakeFiles/mtmd.dir/models/pixtral.cpp.o.d -o CMakeFiles/mtmd.dir/models/pixtral.cpp.o -c /home/jianyuzh/ws/llama.cpp/auto_ci/28725/aicss-genai_sycl-graph-record-replay/tools/mtmd/models/pixtral.cpp
[ 49%] Building CXX object common/CMakeFiles/llama-common.dir/fit.cpp.o
[ 49%] Building CXX object tools/mtmd/CMakeFiles/mtmd.dir/models/minimax-m3.cpp.o
[ 49%] Building CXX object tools/mtmd/CMakeFiles/mtmd.dir/models/qwen2vl.cpp.o
cd /home/jianyuzh/ws/llama.cpp/auto_ci/28725/aicss-genai_sycl-graph-record-replay/build/common && /opt/intel/oneapi/compiler/2026.1/bin/icpx -DGGML_BACKEND_SHARED -DGGML_SHARED -DGGML_USE_CPU -DGGML_USE_SYCL -DLLAMA_SHARED -DLLAMA_SUBPROCESS -Dllama_common_EXPORTS -I/home/jianyuzh/ws/llama.cpp/auto_ci/28725/aicss-genai_sycl-graph-record-replay/common/. -I/home/jianyuzh/ws/llama.cpp/auto_ci/28725/aicss-genai_sycl-graph-record-replay/vendor/nlohmann/.. -I/home/jianyuzh/ws/llama.cpp/auto_ci/28725/aicss-genai_sycl-graph-record-replay/vendor/sheredom/.. -I/home/jianyuzh/ws/llama.cpp/auto_ci/28725/aicss-genai_sycl-graph-record-replay/src/../include -I/home/jianyuzh/ws/llama.cpp/auto_ci/28725/aicss-genai_sycl-graph-record-replay/ggml/src/../include -O3 -DNDEBUG -fPIC -Xclang -fno-pch-timestamp -Wmissing-declarations -Wmissing-noreturn -Wall -Wextra -Wpedantic -Wcast-qual -Wno-unused-function -MD -MT common/CMakeFiles/llama-common.dir/fit.cpp.o -MF CMakeFiles/llama-common.dir/fit.cpp.o.d -o CMakeFiles/llama-common.dir/fit.cpp.o -c /home/jianyuzh/ws/llama.cpp/auto_ci/28725/aicss-genai_sycl-graph-record-replay/common/fit.cpp
cd /home/jianyuzh/ws/llama.cpp/auto_ci/28725/aicss-genai_sycl-graph-record-replay/build/tools/mtmd && /opt/intel/oneapi/compiler/2026.1/bin/icpx -DGGML_BACKEND_SHARED -DGGML_SHARED -DGGML_USE_CPU -DGGML_USE_SYCL -DLLAMA_BUILD -DLLAMA_SHARED -DMTMD_VIDEO -Dmtmd_EXPORTS -I/home/jianyuzh/ws/llama.cpp/auto_ci/28725/aicss-genai_sycl-graph-record-replay/tools/mtmd/. -I/home/jianyuzh/ws/llama.cpp/auto_ci/28725/aicss-genai_sycl-graph-record-replay/ggml/src/../include -I/home/jianyuzh/ws/llama.cpp/auto_ci/28725/aicss-genai_sycl-graph-record-replay/src/../include -I/home/jianyuzh/ws/llama.cpp/auto_ci/28725/aicss-genai_sycl-graph-record-replay/vendor/hash/.. -I/home/jianyuzh/ws/llama.cpp/auto_ci/28725/aicss-genai_sycl-graph-record-replay/vendor/miniaudio/.. -I/home/jianyuzh/ws/llama.cpp/auto_ci/28725/aicss-genai_sycl-graph-record-replay/vendor/stb/.. -I/home/jianyuzh/ws/llama.cpp/auto_ci/28725/aicss-genai_sycl-graph-record-replay/vendor/sheredom/.. -O3 -DNDEBUG -fPIC -Xclang -fno-pch-timestamp -Wmissing-declarations -Wmissing-noreturn -Wall -Wextra -Wpedantic -Wcast-qual -Wno-unused-function -Wno-cast-qual -MD -MT tools/mtmd/CMakeFiles/mtmd.dir/models/minimax-m3.cpp.o -MF CMakeFiles/mtmd.dir/models/minimax-m3.cpp.o.d -o CMakeFiles/mtmd.dir/models/minimax-m3.cpp.o -c /home/jianyuzh/ws/llama.cpp/auto_ci/28725/aicss-genai_sycl-graph-record-replay/tools/mtmd/models/minimax-m3.cpp
cd /home/jianyuzh/ws/llama.cpp/auto_ci/28725/aicss-genai_sycl-graph-record-replay/build/tools/mtmd && /opt/intel/oneapi/compiler/2026.1/bin/icpx -DGGML_BACKEND_SHARED -DGGML_SHARED -DGGML_USE_CPU -DGGML_USE_SYCL -DLLAMA_BUILD -DLLAMA_SHARED -DMTMD_VIDEO -Dmtmd_EXPORTS -I/home/jianyuzh/ws/llama.cpp/auto_ci/28725/aicss-genai_sycl-graph-record-replay/tools/mtmd/. -I/home/jianyuzh/ws/llama.cpp/auto_ci/28725/aicss-genai_sycl-graph-record-replay/ggml/src/../include -I/home/jianyuzh/ws/llama.cpp/auto_ci/28725/aicss-genai_sycl-graph-record-replay/src/../include -I/home/jianyuzh/ws/llama.cpp/auto_ci/28725/aicss-genai_sycl-graph-record-replay/vendor/hash/.. -I/home/jianyuzh/ws/llama.cpp/auto_ci/28725/aicss-genai_sycl-graph-record-replay/vendor/miniaudio/.. -I/home/jianyuzh/ws/llama.cpp/auto_ci/28725/aicss-genai_sycl-graph-record-replay/vendor/stb/.. -I/home/jianyuzh/ws/llama.cpp/auto_ci/28725/aicss-genai_sycl-graph-record-replay/vendor/sheredom/.. -O3 -DNDEBUG -fPIC -Xclang -fno-pch-timestamp -Wmissing-declarations -Wmissing-noreturn -Wall -Wextra -Wpedantic -Wcast-qual -Wno-unused-function -Wno-cast-qual -MD -MT tools/mtmd/CMakeFiles/mtmd.dir/models/qwen2vl.cpp.o -MF CMakeFiles/mtmd.dir/models/qwen2vl.cpp.o.d -o CMakeFiles/mtmd.dir/models/qwen2vl.cpp.o -c /home/jianyuzh/ws/llama.cpp/auto_ci/28725/aicss-genai_sycl-graph-record-replay/tools/mtmd/models/qwen2vl.cpp
[ 49%] Building CXX object common/CMakeFiles/llama-common.dir/hf-cache.cpp.o
cd /home/jianyuzh/ws/llama.cpp/auto_ci/28725/aicss-genai_sycl-graph-record-replay/build/common && /opt/intel/oneapi/compiler/2026.1/bin/icpx -DGGML_BACKEND_SHARED -DGGML_SHARED -DGGML_USE_CPU -DGGML_USE_SYCL -DLLAMA_SHARED -DLLAMA_SUBPROCESS -Dllama_common_EXPORTS -I/home/jianyuzh/ws/llama.cpp/auto_ci/28725/aicss-genai_sycl-graph-record-replay/common/. -I/home/jianyuzh/ws/llama.cpp/auto_ci/28725/aicss-genai_sycl-graph-record-replay/vendor/nlohmann/.. -I/home/jianyuzh/ws/llama.cpp/auto_ci/28725/aicss-genai_sycl-graph-record-replay/vendor/sheredom/.. -I/home/jianyuzh/ws/llama.cpp/auto_ci/28725/aicss-genai_sycl-graph-record-replay/src/../include -I/home/jianyuzh/ws/llama.cpp/auto_ci/28725/aicss-genai_sycl-graph-record-replay/ggml/src/../include -O3 -DNDEBUG -fPIC -Xclang -fno-pch-timestamp -Wmissing-declarations -Wmissing-noreturn -Wall -Wextra -Wpedantic -Wcast-qual -Wno-unused-function -MD -MT common/CMakeFiles/llama-common.dir/hf-cache.cpp.o -MF CMakeFiles/llama-common.dir/hf-cache.cpp.o.d -o CMakeFiles/llama-common.dir/hf-cache.cpp.o -c /home/jianyuzh/ws/llama.cpp/auto_ci/28725/aicss-genai_sycl-graph-record-replay/common/hf-cache.cpp
[ 49%] Building CXX object common/CMakeFiles/llama-common.dir/imatrix-loader.cpp.o
cd /home/jianyuzh/ws/llama.cpp/auto_ci/28725/aicss-genai_sycl-graph-record-replay/build/common && /opt/intel/oneapi/compiler/2026.1/bin/icpx -DGGML_BACKEND_SHARED -DGGML_SHARED -DGGML_USE_CPU -DGGML_USE_SYCL -DLLAMA_SHARED -DLLAMA_SUBPROCESS -Dllama_common_EXPORTS -I/home/jianyuzh/ws/llama.cpp/auto_ci/28725/aicss-genai_sycl-graph-record-replay/common/. -I/home/jianyuzh/ws/llama.cpp/auto_ci/28725/aicss-genai_sycl-graph-record-replay/vendor/nlohmann/.. -I/home/jianyuzh/ws/llama.cpp/auto_ci/28725/aicss-genai_sycl-graph-record-replay/vendor/sheredom/.. -I/home/jianyuzh/ws/llama.cpp/auto_ci/28725/aicss-genai_sycl-graph-record-replay/src/../include -I/home/jianyuzh/ws/llama.cpp/auto_ci/28725/aicss-genai_sycl-graph-record-replay/ggml/src/../include -O3 -DNDEBUG -fPIC -Xclang -fno-pch-timestamp -Wmissing-declarations -Wmissing-noreturn -Wall -Wextra -Wpedantic -Wcast-qual -Wno-unused-function -MD -MT common/CMakeFiles/llama-common.dir/imatrix-loader.cpp.o -MF CMakeFiles/llama-common.dir/imatrix-loader.cpp.o.d -o CMakeFiles/llama-common.dir/imatrix-loader.cpp.o -c /home/jianyuzh/ws/llama.cpp/auto_ci/28725/aicss-genai_sycl-graph-record-replay/common/imatrix-loader.cpp
[ 49%] Building CXX object common/CMakeFiles/llama-common.dir/json-schema-to-grammar.cpp.o
cd /home/jianyuzh/ws/llama.cpp/auto_ci/28725/aicss-genai_sycl-graph-record-replay/build/common && /opt/intel/oneapi/compiler/2026.1/bin/icpx -DGGML_BACKEND_SHARED -DGGML_SHARED -DGGML_USE_CPU -DGGML_USE_SYCL -DLLAMA_SHARED -DLLAMA_SUBPROCESS -Dllama_common_EXPORTS -I/home/jianyuzh/ws/llama.cpp/auto_ci/28725/aicss-genai_sycl-graph-record-replay/common/. -I/home/jianyuzh/ws/llama.cpp/auto_ci/28725/aicss-genai_sycl-graph-record-replay/vendor/nlohmann/.. -I/home/jianyuzh/ws/llama.cpp/auto_ci/28725/aicss-genai_sycl-graph-record-replay/vendor/sheredom/.. -I/home/jianyuzh/ws/llama.cpp/auto_ci/28725/aicss-genai_sycl-graph-record-replay/src/../include -I/home/jianyuzh/ws/llama.cpp/auto_ci/28725/aicss-genai_sycl-graph-record-replay/ggml/src/../include -O3 -DNDEBUG -fPIC -Xclang -fno-pch-timestamp -Wmissing-declarations -Wmissing-noreturn -Wall -Wextra -Wpedantic -Wcast-qual -Wno-unused-function -MD -MT common/CMakeFiles/llama-common.dir/json-schema-to-grammar.cpp.o -MF CMakeFiles/llama-common.dir/json-schema-to-grammar.cpp.o.d -o CMakeFiles/llama-common.dir/json-schema-to-grammar.cpp.o -c /home/jianyuzh/ws/llama.cpp/auto_ci/28725/aicss-genai_sycl-graph-record-replay/common/json-schema-to-grammar.cpp
[ 50%] Building CXX object common/CMakeFiles/llama-common.dir/json-schema.cpp.o
cd /home/jianyuzh/ws/llama.cpp/auto_ci/28725/aicss-genai_sycl-graph-record-replay/build/common && /opt/intel/oneapi/compiler/2026.1/bin/icpx -DGGML_BACKEND_SHARED -DGGML_SHARED -DGGML_USE_CPU -DGGML_USE_SYCL -DLLAMA_SHARED -DLLAMA_SUBPROCESS -Dllama_common_EXPORTS -I/home/jianyuzh/ws/llama.cpp/auto_ci/28725/aicss-genai_sycl-graph-record-replay/common/. -I/home/jianyuzh/ws/llama.cpp/auto_ci/28725/aicss-genai_sycl-graph-record-replay/vendor/nlohmann/.. -I/home/jianyuzh/ws/llama.cpp/auto_ci/28725/aicss-genai_sycl-graph-record-replay/vendor/sheredom/.. -I/home/jianyuzh/ws/llama.cpp/auto_ci/28725/aicss-genai_sycl-graph-record-replay/src/../include -I/home/jianyuzh/ws/llama.cpp/auto_ci/28725/aicss-genai_sycl-graph-record-replay/ggml/src/../include -O3 -DNDEBUG -fPIC -Xclang -fno-pch-timestamp -Wmissing-declarations -Wmissing-noreturn -Wall -Wextra -Wpedantic -Wcast-qual -Wno-unused-function -MD -MT common/CMakeFiles/llama-common.dir/json-schema.cpp.o -MF CMakeFiles/llama-common.dir/json-schema.cpp.o.d -o CMakeFiles/llama-common.dir/json-schema.cpp.o -c /home/jianyuzh/ws/llama.cpp/auto_ci/28725/aicss-genai_sycl-graph-record-replay/common/json-schema.cpp
[ 50%] Building CXX object common/CMakeFiles/llama-common.dir/json.cpp.o
cd /home/jianyuzh/ws/llama.cpp/auto_ci/28725/aicss-genai_sycl-graph-record-replay/build/common && /opt/intel/oneapi/compiler/2026.1/bin/icpx -DGGML_BACKEND_SHARED -DGGML_SHARED -DGGML_USE_CPU -DGGML_USE_SYCL -DLLAMA_SHARED -DLLAMA_SUBPROCESS -Dllama_common_EXPORTS -I/home/jianyuzh/ws/llama.cpp/auto_ci/28725/aicss-genai_sycl-graph-record-replay/common/. -I/home/jianyuzh/ws/llama.cpp/auto_ci/28725/aicss-genai_sycl-graph-record-replay/vendor/nlohmann/.. -I/home/jianyuzh/ws/llama.cpp/auto_ci/28725/aicss-genai_sycl-graph-record-replay/vendor/sheredom/.. -I/home/jianyuzh/ws/llama.cpp/auto_ci/28725/aicss-genai_sycl-graph-record-replay/src/../include -I/home/jianyuzh/ws/llama.cpp/auto_ci/28725/aicss-genai_sycl-graph-record-replay/ggml/src/../include -O3 -DNDEBUG -fPIC -Xclang -fno-pch-timestamp -Wmissing-declarations -Wmissing-noreturn -Wall -Wextra -Wpedantic -Wcast-qual -Wno-unused-function -MD -MT common/CMakeFiles/llama-common.dir/json.cpp.o -MF CMakeFiles/llama-common.dir/json.cpp.o.d -o CMakeFiles/llama-common.dir/json.cpp.o -c /home/jianyuzh/ws/llama.cpp/auto_ci/28725/aicss-genai_sycl-graph-record-replay/common/json.cpp
[ 50%] Building CXX object tools/mtmd/CMakeFiles/mtmd.dir/models/qwen3vl.cpp.o
cd /home/jianyuzh/ws/llama.cpp/auto_ci/28725/aicss-genai_sycl-graph-record-replay/build/tools/mtmd && /opt/intel/oneapi/compiler/2026.1/bin/icpx -DGGML_BACKEND_SHARED -DGGML_SHARED -DGGML_USE_CPU -DGGML_USE_SYCL -DLLAMA_BUILD -DLLAMA_SHARED -DMTMD_VIDEO -Dmtmd_EXPORTS -I/home/jianyuzh/ws/llama.cpp/auto_ci/28725/aicss-genai_sycl-graph-record-replay/tools/mtmd/. -I/home/jianyuzh/ws/llama.cpp/auto_ci/28725/aicss-genai_sycl-graph-record-replay/ggml/src/../include -I/home/jianyuzh/ws/llama.cpp/auto_ci/28725/aicss-genai_sycl-graph-record-replay/src/../include -I/home/jianyuzh/ws/llama.cpp/auto_ci/28725/aicss-genai_sycl-graph-record-replay/vendor/hash/.. -I/home/jianyuzh/ws/llama.cpp/auto_ci/28725/aicss-genai_sycl-graph-record-replay/vendor/miniaudio/.. -I/home/jianyuzh/ws/llama.cpp/auto_ci/28725/aicss-genai_sycl-graph-record-replay/vendor/stb/.. -I/home/jianyuzh/ws/llama.cpp/auto_ci/28725/aicss-genai_sycl-graph-record-replay/vendor/sheredom/.. -O3 -DNDEBUG -fPIC -Xclang -fno-pch-timestamp -Wmissing-declarations -Wmissing-noreturn -Wall -Wextra -Wpedantic -Wcast-qual -Wno-unused-function -Wno-cast-qual -MD -MT tools/mtmd/CMakeFiles/mtmd.dir/models/qwen3vl.cpp.o -MF CMakeFiles/mtmd.dir/models/qwen3vl.cpp.o.d -o CMakeFiles/mtmd.dir/models/qwen3vl.cpp.o -c /home/jianyuzh/ws/llama.cpp/auto_ci/28725/aicss-genai_sycl-graph-record-replay/tools/mtmd/models/qwen3vl.cpp
[ 50%] Building CXX object common/CMakeFiles/llama-common.dir/llguidance.cpp.o
cd /home/jianyuzh/ws/llama.cpp/auto_ci/28725/aicss-genai_sycl-graph-record-replay/build/common && /opt/intel/oneapi/compiler/2026.1/bin/icpx -DGGML_BACKEND_SHARED -DGGML_SHARED -DGGML_USE_CPU -DGGML_USE_SYCL -DLLAMA_SHARED -DLLAMA_SUBPROCESS -Dllama_common_EXPORTS -I/home/jianyuzh/ws/llama.cpp/auto_ci/28725/aicss-genai_sycl-graph-record-replay/common/. -I/home/jianyuzh/ws/llama.cpp/auto_ci/28725/aicss-genai_sycl-graph-record-replay/vendor/nlohmann/.. -I/home/jianyuzh/ws/llama.cpp/auto_ci/28725/aicss-genai_sycl-graph-record-replay/vendor/sheredom/.. -I/home/jianyuzh/ws/llama.cpp/auto_ci/28725/aicss-genai_sycl-graph-record-replay/src/../include -I/home/jianyuzh/ws/llama.cpp/auto_ci/28725/aicss-genai_sycl-graph-record-replay/ggml/src/../include -O3 -DNDEBUG -fPIC -Xclang -fno-pch-timestamp -Wmissing-declarations -Wmissing-noreturn -Wall -Wextra -Wpedantic -Wcast-qual -Wno-unused-function -MD -MT common/CMakeFiles/llama-common.dir/llguidance.cpp.o -MF CMakeFiles/llama-common.dir/llguidance.cpp.o.d -o CMakeFiles/llama-common.dir/llguidance.cpp.o -c /home/jianyuzh/ws/llama.cpp/auto_ci/28725/aicss-genai_sycl-graph-record-replay/common/llguidance.cpp
[ 50%] Building CXX object common/CMakeFiles/llama-common.dir/log.cpp.o
cd /home/jianyuzh/ws/llama.cpp/auto_ci/28725/aicss-genai_sycl-graph-record-replay/build/common && /opt/intel/oneapi/compiler/2026.1/bin/icpx -DGGML_BACKEND_SHARED -DGGML_SHARED -DGGML_USE_CPU -DGGML_USE_SYCL -DLLAMA_SHARED -DLLAMA_SUBPROCESS -Dllama_common_EXPORTS -I/home/jianyuzh/ws/llama.cpp/auto_ci/28725/aicss-genai_sycl-graph-record-replay/common/. -I/home/jianyuzh/ws/llama.cpp/auto_ci/28725/aicss-genai_sycl-graph-record-replay/vendor/nlohmann/.. -I/home/jianyuzh/ws/llama.cpp/auto_ci/28725/aicss-genai_sycl-graph-record-replay/vendor/sheredom/.. -I/home/jianyuzh/ws/llama.cpp/auto_ci/28725/aicss-genai_sycl-graph-record-replay/src/../include -I/home/jianyuzh/ws/llama.cpp/auto_ci/28725/aicss-genai_sycl-graph-record-replay/ggml/src/../include -O3 -DNDEBUG -fPIC -Xclang -fno-pch-timestamp -Wmissing-declarations -Wmissing-noreturn -Wall -Wextra -Wpedantic -Wcast-qual -Wno-unused-function -MD -MT common/CMakeFiles/llama-common.dir/log.cpp.o -MF CMakeFiles/llama-common.dir/log.cpp.o.d -o CMakeFiles/llama-common.dir/log.cpp.o -c /home/jianyuzh/ws/llama.cpp/auto_ci/28725/aicss-genai_sycl-graph-record-replay/common/log.cpp
[ 50%] Building CXX object common/CMakeFiles/llama-common.dir/ngram-cache.cpp.o
cd /home/jianyuzh/ws/llama.cpp/auto_ci/28725/aicss-genai_sycl-graph-record-replay/build/common && /opt/intel/oneapi/compiler/2026.1/bin/icpx -DGGML_BACKEND_SHARED -DGGML_SHARED -DGGML_USE_CPU -DGGML_USE_SYCL -DLLAMA_SHARED -DLLAMA_SUBPROCESS -Dllama_common_EXPORTS -I/home/jianyuzh/ws/llama.cpp/auto_ci/28725/aicss-genai_sycl-graph-record-replay/common/. -I/home/jianyuzh/ws/llama.cpp/auto_ci/28725/aicss-genai_sycl-graph-record-replay/vendor/nlohmann/.. -I/home/jianyuzh/ws/llama.cpp/auto_ci/28725/aicss-genai_sycl-graph-record-replay/vendor/sheredom/.. -I/home/jianyuzh/ws/llama.cpp/auto_ci/28725/aicss-genai_sycl-graph-record-replay/src/../include -I/home/jianyuzh/ws/llama.cpp/auto_ci/28725/aicss-genai_sycl-graph-record-replay/ggml/src/../include -O3 -DNDEBUG -fPIC -Xclang -fno-pch-timestamp -Wmissing-declarations -Wmissing-noreturn -Wall -Wextra -Wpedantic -Wcast-qual -Wno-unused-function -MD -MT common/CMakeFiles/llama-common.dir/ngram-cache.cpp.o -MF CMakeFiles/llama-common.dir/ngram-cache.cpp.o.d -o CMakeFiles/llama-common.dir/ngram-cache.cpp.o -c /home/jianyuzh/ws/llama.cpp/auto_ci/28725/aicss-genai_sycl-graph-record-replay/common/ngram-cache.cpp
[ 51%] Building CXX object common/CMakeFiles/llama-common.dir/ngram-mod.cpp.o
[ 51%] Building CXX object common/CMakeFiles/llama-common.dir/ngram-map.cpp.o
cd /home/jianyuzh/ws/llama.cpp/auto_ci/28725/aicss-genai_sycl-graph-record-replay/build/common && /opt/intel/oneapi/compiler/2026.1/bin/icpx -DGGML_BACKEND_SHARED -DGGML_SHARED -DGGML_USE_CPU -DGGML_USE_SYCL -DLLAMA_SHARED -DLLAMA_SUBPROCESS -Dllama_common_EXPORTS -I/home/jianyuzh/ws/llama.cpp/auto_ci/28725/aicss-genai_sycl-graph-record-replay/common/. -I/home/jianyuzh/ws/llama.cpp/auto_ci/28725/aicss-genai_sycl-graph-record-replay/vendor/nlohmann/.. -I/home/jianyuzh/ws/llama.cpp/auto_ci/28725/aicss-genai_sycl-graph-record-replay/vendor/sheredom/.. -I/home/jianyuzh/ws/llama.cpp/auto_ci/28725/aicss-genai_sycl-graph-record-replay/src/../include -I/home/jianyuzh/ws/llama.cpp/auto_ci/28725/aicss-genai_sycl-graph-record-replay/ggml/src/../include -O3 -DNDEBUG -fPIC -Xclang -fno-pch-timestamp -Wmissing-declarations -Wmissing-noreturn -Wall -Wextra -Wpedantic -Wcast-qual -Wno-unused-function -MD -MT common/CMakeFiles/llama-common.dir/ngram-mod.cpp.o -MF CMakeFiles/llama-common.dir/ngram-mod.cpp.o.d -o CMakeFiles/llama-common.dir/ngram-mod.cpp.o -c /home/jianyuzh/ws/llama.cpp/auto_ci/28725/aicss-genai_sycl-graph-record-replay/common/ngram-mod.cpp
cd /home/jianyuzh/ws/llama.cpp/auto_ci/28725/aicss-genai_sycl-graph-record-replay/build/common && /opt/intel/oneapi/compiler/2026.1/bin/icpx -DGGML_BACKEND_SHARED -DGGML_SHARED -DGGML_USE_CPU -DGGML_USE_SYCL -DLLAMA_SHARED -DLLAMA_SUBPROCESS -Dllama_common_EXPORTS -I/home/jianyuzh/ws/llama.cpp/auto_ci/28725/aicss-genai_sycl-graph-record-replay/common/. -I/home/jianyuzh/ws/llama.cpp/auto_ci/28725/aicss-genai_sycl-graph-record-replay/vendor/nlohmann/.. -I/home/jianyuzh/ws/llama.cpp/auto_ci/28725/aicss-genai_sycl-graph-record-replay/vendor/sheredom/.. -I/home/jianyuzh/ws/llama.cpp/auto_ci/28725/aicss-genai_sycl-graph-record-replay/src/../include -I/home/jianyuzh/ws/llama.cpp/auto_ci/28725/aicss-genai_sycl-graph-record-replay/ggml/src/../include -O3 -DNDEBUG -fPIC -Xclang -fno-pch-timestamp -Wmissing-declarations -Wmissing-noreturn -Wall -Wextra -Wpedantic -Wcast-qual -Wno-unused-function -MD -MT common/CMakeFiles/llama-common.dir/ngram-map.cpp.o -MF CMakeFiles/llama-common.dir/ngram-map.cpp.o.d -o CMakeFiles/llama-common.dir/ngram-map.cpp.o -c /home/jianyuzh/ws/llama.cpp/auto_ci/28725/aicss-genai_sycl-graph-record-replay/common/ngram-map.cpp
[ 51%] Building CXX object common/CMakeFiles/llama-common.dir/peg-parser.cpp.o
cd /home/jianyuzh/ws/llama.cpp/auto_ci/28725/aicss-genai_sycl-graph-record-replay/build/common && /opt/intel/oneapi/compiler/2026.1/bin/icpx -DGGML_BACKEND_SHARED -DGGML_SHARED -DGGML_USE_CPU -DGGML_USE_SYCL -DLLAMA_SHARED -DLLAMA_SUBPROCESS -Dllama_common_EXPORTS -I/home/jianyuzh/ws/llama.cpp/auto_ci/28725/aicss-genai_sycl-graph-record-replay/common/. -I/home/jianyuzh/ws/llama.cpp/auto_ci/28725/aicss-genai_sycl-graph-record-replay/vendor/nlohmann/.. -I/home/jianyuzh/ws/llama.cpp/auto_ci/28725/aicss-genai_sycl-graph-record-replay/vendor/sheredom/.. -I/home/jianyuzh/ws/llama.cpp/auto_ci/28725/aicss-genai_sycl-graph-record-replay/src/../include -I/home/jianyuzh/ws/llama.cpp/auto_ci/28725/aicss-genai_sycl-graph-record-replay/ggml/src/../include -O3 -DNDEBUG -fPIC -Xclang -fno-pch-timestamp -Wmissing-declarations -Wmissing-noreturn -Wall -Wextra -Wpedantic -Wcast-qual -Wno-unused-function -MD -MT common/CMakeFiles/llama-common.dir/peg-parser.cpp.o -MF CMakeFiles/llama-common.dir/peg-parser.cpp.o.d -o CMakeFiles/llama-common.dir/peg-parser.cpp.o -c /home/jianyuzh/ws/llama.cpp/auto_ci/28725/aicss-genai_sycl-graph-record-replay/common/peg-parser.cpp
[ 51%] Building CXX object common/CMakeFiles/llama-common.dir/preset.cpp.o
[ 51%] Building CXX object common/CMakeFiles/llama-common.dir/reasoning-budget.cpp.o
[ 51%] Building CXX object tools/mtmd/CMakeFiles/mtmd.dir/models/mimovl.cpp.o
cd /home/jianyuzh/ws/llama.cpp/auto_ci/28725/aicss-genai_sycl-graph-record-replay/build/common && /opt/intel/oneapi/compiler/2026.1/bin/icpx -DGGML_BACKEND_SHARED -DGGML_SHARED -DGGML_USE_CPU -DGGML_USE_SYCL -DLLAMA_SHARED -DLLAMA_SUBPROCESS -Dllama_common_EXPORTS -I/home/jianyuzh/ws/llama.cpp/auto_ci/28725/aicss-genai_sycl-graph-record-replay/common/. -I/home/jianyuzh/ws/llama.cpp/auto_ci/28725/aicss-genai_sycl-graph-record-replay/vendor/nlohmann/.. -I/home/jianyuzh/ws/llama.cpp/auto_ci/28725/aicss-genai_sycl-graph-record-replay/vendor/sheredom/.. -I/home/jianyuzh/ws/llama.cpp/auto_ci/28725/aicss-genai_sycl-graph-record-replay/src/../include -I/home/jianyuzh/ws/llama.cpp/auto_ci/28725/aicss-genai_sycl-graph-record-replay/ggml/src/../include -O3 -DNDEBUG -fPIC -Xclang -fno-pch-timestamp -Wmissing-declarations -Wmissing-noreturn -Wall -Wextra -Wpedantic -Wcast-qual -Wno-unused-function -MD -MT common/CMakeFiles/llama-common.dir/preset.cpp.o -MF CMakeFiles/llama-common.dir/preset.cpp.o.d -o CMakeFiles/llama-common.dir/preset.cpp.o -c /home/jianyuzh/ws/llama.cpp/auto_ci/28725/aicss-genai_sycl-graph-record-replay/common/preset.cpp
[ 52%] Building CXX object common/CMakeFiles/llama-common.dir/sampling.cpp.o
cd /home/jianyuzh/ws/llama.cpp/auto_ci/28725/aicss-genai_sycl-graph-record-replay/build/common && /opt/intel/oneapi/compiler/2026.1/bin/icpx -DGGML_BACKEND_SHARED -DGGML_SHARED -DGGML_USE_CPU -DGGML_USE_SYCL -DLLAMA_SHARED -DLLAMA_SUBPROCESS -Dllama_common_EXPORTS -I/home/jianyuzh/ws/llama.cpp/auto_ci/28725/aicss-genai_sycl-graph-record-replay/common/. -I/home/jianyuzh/ws/llama.cpp/auto_ci/28725/aicss-genai_sycl-graph-record-replay/vendor/nlohmann/.. -I/home/jianyuzh/ws/llama.cpp/auto_ci/28725/aicss-genai_sycl-graph-record-replay/vendor/sheredom/.. -I/home/jianyuzh/ws/llama.cpp/auto_ci/28725/aicss-genai_sycl-graph-record-replay/src/../include -I/home/jianyuzh/ws/llama.cpp/auto_ci/28725/aicss-genai_sycl-graph-record-replay/ggml/src/../include -O3 -DNDEBUG -fPIC -Xclang -fno-pch-timestamp -Wmissing-declarations -Wmissing-noreturn -Wall -Wextra -Wpedantic -Wcast-qual -Wno-unused-function -MD -MT common/CMakeFiles/llama-common.dir/reasoning-budget.cpp.o -MF CMakeFiles/llama-common.dir/reasoning-budget.cpp.o.d -o CMakeFiles/llama-common.dir/reasoning-budget.cpp.o -c /home/jianyuzh/ws/llama.cpp/auto_ci/28725/aicss-genai_sycl-graph-record-replay/common/reasoning-budget.cpp
cd /home/jianyuzh/ws/llama.cpp/auto_ci/28725/aicss-genai_sycl-graph-record-replay/build/tools/mtmd && /opt/intel/oneapi/compiler/2026.1/bin/icpx -DGGML_BACKEND_SHARED -DGGML_SHARED -DGGML_USE_CPU -DGGML_USE_SYCL -DLLAMA_BUILD -DLLAMA_SHARED -DMTMD_VIDEO -Dmtmd_EXPORTS -I/home/jianyuzh/ws/llama.cpp/auto_ci/28725/aicss-genai_sycl-graph-record-replay/tools/mtmd/. -I/home/jianyuzh/ws/llama.cpp/auto_ci/28725/aicss-genai_sycl-graph-record-replay/ggml/src/../include -I/home/jianyuzh/ws/llama.cpp/auto_ci/28725/aicss-genai_sycl-graph-record-replay/src/../include -I/home/jianyuzh/ws/llama.cpp/auto_ci/28725/aicss-genai_sycl-graph-record-replay/vendor/hash/.. -I/home/jianyuzh/ws/llama.cpp/auto_ci/28725/aicss-genai_sycl-graph-record-replay/vendor/miniaudio/.. -I/home/jianyuzh/ws/llama.cpp/auto_ci/28725/aicss-genai_sycl-graph-record-replay/vendor/stb/.. -I/home/jianyuzh/ws/llama.cpp/auto_ci/28725/aicss-genai_sycl-graph-record-replay/vendor/sheredom/.. -O3 -DNDEBUG -fPIC -Xclang -fno-pch-timestamp -Wmissing-declarations -Wmissing-noreturn -Wall -Wextra -Wpedantic -Wcast-qual -Wno-unused-function -Wno-cast-qual -MD -MT tools/mtmd/CMakeFiles/mtmd.dir/models/mimovl.cpp.o -MF CMakeFiles/mtmd.dir/models/mimovl.cpp.o.d -o CMakeFiles/mtmd.dir/models/mimovl.cpp.o -c /home/jianyuzh/ws/llama.cpp/auto_ci/28725/aicss-genai_sycl-graph-record-replay/tools/mtmd/models/mimovl.cpp
cd /home/jianyuzh/ws/llama.cpp/auto_ci/28725/aicss-genai_sycl-graph-record-replay/build/common && /opt/intel/oneapi/compiler/2026.1/bin/icpx -DGGML_BACKEND_SHARED -DGGML_SHARED -DGGML_USE_CPU -DGGML_USE_SYCL -DLLAMA_SHARED -DLLAMA_SUBPROCESS -Dllama_common_EXPORTS -I/home/jianyuzh/ws/llama.cpp/auto_ci/28725/aicss-genai_sycl-graph-record-replay/common/. -I/home/jianyuzh/ws/llama.cpp/auto_ci/28725/aicss-genai_sycl-graph-record-replay/vendor/nlohmann/.. -I/home/jianyuzh/ws/llama.cpp/auto_ci/28725/aicss-genai_sycl-graph-record-replay/vendor/sheredom/.. -I/home/jianyuzh/ws/llama.cpp/auto_ci/28725/aicss-genai_sycl-graph-record-replay/src/../include -I/home/jianyuzh/ws/llama.cpp/auto_ci/28725/aicss-genai_sycl-graph-record-replay/ggml/src/../include -O3 -DNDEBUG -fPIC -Xclang -fno-pch-timestamp -Wmissing-declarations -Wmissing-noreturn -Wall -Wextra -Wpedantic -Wcast-qual -Wno-unused-function -MD -MT common/CMakeFiles/llama-common.dir/sampling.cpp.o -MF CMakeFiles/llama-common.dir/sampling.cpp.o.d -o CMakeFiles/llama-common.dir/sampling.cpp.o -c /home/jianyuzh/ws/llama.cpp/auto_ci/28725/aicss-genai_sycl-graph-record-replay/common/sampling.cpp
[ 52%] Building CXX object common/CMakeFiles/llama-common.dir/speculative.cpp.o
cd /home/jianyuzh/ws/llama.cpp/auto_ci/28725/aicss-genai_sycl-graph-record-replay/build/common && /opt/intel/oneapi/compiler/2026.1/bin/icpx -DGGML_BACKEND_SHARED -DGGML_SHARED -DGGML_USE_CPU -DGGML_USE_SYCL -DLLAMA_SHARED -DLLAMA_SUBPROCESS -Dllama_common_EXPORTS -I/home/jianyuzh/ws/llama.cpp/auto_ci/28725/aicss-genai_sycl-graph-record-replay/common/. -I/home/jianyuzh/ws/llama.cpp/auto_ci/28725/aicss-genai_sycl-graph-record-replay/vendor/nlohmann/.. -I/home/jianyuzh/ws/llama.cpp/auto_ci/28725/aicss-genai_sycl-graph-record-replay/vendor/sheredom/.. -I/home/jianyuzh/ws/llama.cpp/auto_ci/28725/aicss-genai_sycl-graph-record-replay/src/../include -I/home/jianyuzh/ws/llama.cpp/auto_ci/28725/aicss-genai_sycl-graph-record-replay/ggml/src/../include -O3 -DNDEBUG -fPIC -Xclang -fno-pch-timestamp -Wmissing-declarations -Wmissing-noreturn -Wall -Wextra -Wpedantic -Wcast-qual -Wno-unused-function -MD -MT common/CMakeFiles/llama-common.dir/speculative.cpp.o -MF CMakeFiles/llama-common.dir/speculative.cpp.o.d -o CMakeFiles/llama-common.dir/speculative.cpp.o -c /home/jianyuzh/ws/llama.cpp/auto_ci/28725/aicss-genai_sycl-graph-record-replay/common/speculative.cpp
[ 52%] Building CXX object common/CMakeFiles/llama-common.dir/subproc.cpp.o
cd /home/jianyuzh/ws/llama.cpp/auto_ci/28725/aicss-genai_sycl-graph-record-replay/build/common && /opt/intel/oneapi/compiler/2026.1/bin/icpx -DGGML_BACKEND_SHARED -DGGML_SHARED -DGGML_USE_CPU -DGGML_USE_SYCL -DLLAMA_SHARED -DLLAMA_SUBPROCESS -Dllama_common_EXPORTS -I/home/jianyuzh/ws/llama.cpp/auto_ci/28725/aicss-genai_sycl-graph-record-replay/common/. -I/home/jianyuzh/ws/llama.cpp/auto_ci/28725/aicss-genai_sycl-graph-record-replay/vendor/nlohmann/.. -I/home/jianyuzh/ws/llama.cpp/auto_ci/28725/aicss-genai_sycl-graph-record-replay/vendor/sheredom/.. -I/home/jianyuzh/ws/llama.cpp/auto_ci/28725/aicss-genai_sycl-graph-record-replay/src/../include -I/home/jianyuzh/ws/llama.cpp/auto_ci/28725/aicss-genai_sycl-graph-record-replay/ggml/src/../include -O3 -DNDEBUG -fPIC -Xclang -fno-pch-timestamp -Wmissing-declarations -Wmissing-noreturn -Wall -Wextra -Wpedantic -Wcast-qual -Wno-unused-function -MD -MT common/CMakeFiles/llama-common.dir/subproc.cpp.o -MF CMakeFiles/llama-common.dir/subproc.cpp.o.d -o CMakeFiles/llama-common.dir/subproc.cpp.o -c /home/jianyuzh/ws/llama.cpp/auto_ci/28725/aicss-genai_sycl-graph-record-replay/common/subproc.cpp
[ 52%] Building CXX object tools/mtmd/CMakeFiles/mtmd.dir/models/qwen3a.cpp.o
cd /home/jianyuzh/ws/llama.cpp/auto_ci/28725/aicss-genai_sycl-graph-record-replay/build/tools/mtmd && /opt/intel/oneapi/compiler/2026.1/bin/icpx -DGGML_BACKEND_SHARED -DGGML_SHARED -DGGML_USE_CPU -DGGML_USE_SYCL -DLLAMA_BUILD -DLLAMA_SHARED -DMTMD_VIDEO -Dmtmd_EXPORTS -I/home/jianyuzh/ws/llama.cpp/auto_ci/28725/aicss-genai_sycl-graph-record-replay/tools/mtmd/. -I/home/jianyuzh/ws/llama.cpp/auto_ci/28725/aicss-genai_sycl-graph-record-replay/ggml/src/../include -I/home/jianyuzh/ws/llama.cpp/auto_ci/28725/aicss-genai_sycl-graph-record-replay/src/../include -I/home/jianyuzh/ws/llama.cpp/auto_ci/28725/aicss-genai_sycl-graph-record-replay/vendor/hash/.. -I/home/jianyuzh/ws/llama.cpp/auto_ci/28725/aicss-genai_sycl-graph-record-replay/vendor/miniaudio/.. -I/home/jianyuzh/ws/llama.cpp/auto_ci/28725/aicss-genai_sycl-graph-record-replay/vendor/stb/.. -I/home/jianyuzh/ws/llama.cpp/auto_ci/28725/aicss-genai_sycl-graph-record-replay/vendor/sheredom/.. -O3 -DNDEBUG -fPIC -Xclang -fno-pch-timestamp -Wmissing-declarations -Wmissing-noreturn -Wall -Wextra -Wpedantic -Wcast-qual -Wno-unused-function -Wno-cast-qual -MD -MT tools/mtmd/CMakeFiles/mtmd.dir/models/qwen3a.cpp.o -MF CMakeFiles/mtmd.dir/models/qwen3a.cpp.o.d -o CMakeFiles/mtmd.dir/models/qwen3a.cpp.o -c /home/jianyuzh/ws/llama.cpp/auto_ci/28725/aicss-genai_sycl-graph-record-replay/tools/mtmd/models/qwen3a.cpp
[ 53%] Building CXX object tools/mtmd/CMakeFiles/mtmd.dir/models/mimo-audio.cpp.o
cd /home/jianyuzh/ws/llama.cpp/auto_ci/28725/aicss-genai_sycl-graph-record-replay/build/tools/mtmd && /opt/intel/oneapi/compiler/2026.1/bin/icpx -DGGML_BACKEND_SHARED -DGGML_SHARED -DGGML_USE_CPU -DGGML_USE_SYCL -DLLAMA_BUILD -DLLAMA_SHARED -DMTMD_VIDEO -Dmtmd_EXPORTS -I/home/jianyuzh/ws/llama.cpp/auto_ci/28725/aicss-genai_sycl-graph-record-replay/tools/mtmd/. -I/home/jianyuzh/ws/llama.cpp/auto_ci/28725/aicss-genai_sycl-graph-record-replay/ggml/src/../include -I/home/jianyuzh/ws/llama.cpp/auto_ci/28725/aicss-genai_sycl-graph-record-replay/src/../include -I/home/jianyuzh/ws/llama.cpp/auto_ci/28725/aicss-genai_sycl-graph-record-replay/vendor/hash/.. -I/home/jianyuzh/ws/llama.cpp/auto_ci/28725/aicss-genai_sycl-graph-record-replay/vendor/miniaudio/.. -I/home/jianyuzh/ws/llama.cpp/auto_ci/28725/aicss-genai_sycl-graph-record-replay/vendor/stb/.. -I/home/jianyuzh/ws/llama.cpp/auto_ci/28725/aicss-genai_sycl-graph-record-replay/vendor/sheredom/.. -O3 -DNDEBUG -fPIC -Xclang -fno-pch-timestamp -Wmissing-declarations -Wmissing-noreturn -Wall -Wextra -Wpedantic -Wcast-qual -Wno-unused-function -Wno-cast-qual -MD -MT tools/mtmd/CMakeFiles/mtmd.dir/models/mimo-audio.cpp.o -MF CMakeFiles/mtmd.dir/models/mimo-audio.cpp.o.d -o CMakeFiles/mtmd.dir/models/mimo-audio.cpp.o -c /home/jianyuzh/ws/llama.cpp/auto_ci/28725/aicss-genai_sycl-graph-record-replay/tools/mtmd/models/mimo-audio.cpp
[ 53%] Building CXX object common/CMakeFiles/llama-common.dir/trie.cpp.o
cd /home/jianyuzh/ws/llama.cpp/auto_ci/28725/aicss-genai_sycl-graph-record-replay/build/common && /opt/intel/oneapi/compiler/2026.1/bin/icpx -DGGML_BACKEND_SHARED -DGGML_SHARED -DGGML_USE_CPU -DGGML_USE_SYCL -DLLAMA_SHARED -DLLAMA_SUBPROCESS -Dllama_common_EXPORTS -I/home/jianyuzh/ws/llama.cpp/auto_ci/28725/aicss-genai_sycl-graph-record-replay/common/. -I/home/jianyuzh/ws/llama.cpp/auto_ci/28725/aicss-genai_sycl-graph-record-replay/vendor/nlohmann/.. -I/home/jianyuzh/ws/llama.cpp/auto_ci/28725/aicss-genai_sycl-graph-record-replay/vendor/sheredom/.. -I/home/jianyuzh/ws/llama.cpp/auto_ci/28725/aicss-genai_sycl-graph-record-replay/src/../include -I/home/jianyuzh/ws/llama.cpp/auto_ci/28725/aicss-genai_sycl-graph-record-replay/ggml/src/../include -O3 -DNDEBUG -fPIC -Xclang -fno-pch-timestamp -Wmissing-declarations -Wmissing-noreturn -Wall -Wextra -Wpedantic -Wcast-qual -Wno-unused-function -MD -MT common/CMakeFiles/llama-common.dir/trie.cpp.o -MF CMakeFiles/llama-common.dir/trie.cpp.o.d -o CMakeFiles/llama-common.dir/trie.cpp.o -c /home/jianyuzh/ws/llama.cpp/auto_ci/28725/aicss-genai_sycl-graph-record-replay/common/trie.cpp
[ 53%] Building CXX object common/CMakeFiles/llama-common.dir/unicode.cpp.o
cd /home/jianyuzh/ws/llama.cpp/auto_ci/28725/aicss-genai_sycl-graph-record-replay/build/common && /opt/intel/oneapi/compiler/2026.1/bin/icpx -DGGML_BACKEND_SHARED -DGGML_SHARED -DGGML_USE_CPU -DGGML_USE_SYCL -DLLAMA_SHARED -DLLAMA_SUBPROCESS -Dllama_common_EXPORTS -I/home/jianyuzh/ws/llama.cpp/auto_ci/28725/aicss-genai_sycl-graph-record-replay/common/. -I/home/jianyuzh/ws/llama.cpp/auto_ci/28725/aicss-genai_sycl-graph-record-replay/vendor/nlohmann/.. -I/home/jianyuzh/ws/llama.cpp/auto_ci/28725/aicss-genai_sycl-graph-record-replay/vendor/sheredom/.. -I/home/jianyuzh/ws/llama.cpp/auto_ci/28725/aicss-genai_sycl-graph-record-replay/src/../include -I/home/jianyuzh/ws/llama.cpp/auto_ci/28725/aicss-genai_sycl-graph-record-replay/ggml/src/../include -O3 -DNDEBUG -fPIC -Xclang -fno-pch-timestamp -Wmissing-declarations -Wmissing-noreturn -Wall -Wextra -Wpedantic -Wcast-qual -Wno-unused-function -MD -MT common/CMakeFiles/llama-common.dir/unicode.cpp.o -MF CMakeFiles/llama-common.dir/unicode.cpp.o.d -o CMakeFiles/llama-common.dir/unicode.cpp.o -c /home/jianyuzh/ws/llama.cpp/auto_ci/28725/aicss-genai_sycl-graph-record-replay/common/unicode.cpp
[ 54%] Building CXX object common/CMakeFiles/llama-common.dir/jinja/lexer.cpp.o
cd /home/jianyuzh/ws/llama.cpp/auto_ci/28725/aicss-genai_sycl-graph-record-replay/build/common && /opt/intel/oneapi/compiler/2026.1/bin/icpx -DGGML_BACKEND_SHARED -DGGML_SHARED -DGGML_USE_CPU -DGGML_USE_SYCL -DLLAMA_SHARED -DLLAMA_SUBPROCESS -Dllama_common_EXPORTS -I/home/jianyuzh/ws/llama.cpp/auto_ci/28725/aicss-genai_sycl-graph-record-replay/common/. -I/home/jianyuzh/ws/llama.cpp/auto_ci/28725/aicss-genai_sycl-graph-record-replay/vendor/nlohmann/.. -I/home/jianyuzh/ws/llama.cpp/auto_ci/28725/aicss-genai_sycl-graph-record-replay/vendor/sheredom/.. -I/home/jianyuzh/ws/llama.cpp/auto_ci/28725/aicss-genai_sycl-graph-record-replay/src/../include -I/home/jianyuzh/ws/llama.cpp/auto_ci/28725/aicss-genai_sycl-graph-record-replay/ggml/src/../include -O3 -DNDEBUG -fPIC -Xclang -fno-pch-timestamp -Wmissing-declarations -Wmissing-noreturn -Wall -Wextra -Wpedantic -Wcast-qual -Wno-unused-function -MD -MT common/CMakeFiles/llama-common.dir/jinja/lexer.cpp.o -MF CMakeFiles/llama-common.dir/jinja/lexer.cpp.o.d -o CMakeFiles/llama-common.dir/jinja/lexer.cpp.o -c /home/jianyuzh/ws/llama.cpp/auto_ci/28725/aicss-genai_sycl-graph-record-replay/common/jinja/lexer.cpp
[ 54%] Building CXX object tools/mtmd/CMakeFiles/mtmd.dir/models/qwen3tts-spkenc.cpp.o
cd /home/jianyuzh/ws/llama.cpp/auto_ci/28725/aicss-genai_sycl-graph-record-replay/build/tools/mtmd && /opt/intel/oneapi/compiler/2026.1/bin/icpx -DGGML_BACKEND_SHARED -DGGML_SHARED -DGGML_USE_CPU -DGGML_USE_SYCL -DLLAMA_BUILD -DLLAMA_SHARED -DMTMD_VIDEO -Dmtmd_EXPORTS -I/home/jianyuzh/ws/llama.cpp/auto_ci/28725/aicss-genai_sycl-graph-record-replay/tools/mtmd/. -I/home/jianyuzh/ws/llama.cpp/auto_ci/28725/aicss-genai_sycl-graph-record-replay/ggml/src/../include -I/home/jianyuzh/ws/llama.cpp/auto_ci/28725/aicss-genai_sycl-graph-record-replay/src/../include -I/home/jianyuzh/ws/llama.cpp/auto_ci/28725/aicss-genai_sycl-graph-record-replay/vendor/hash/.. -I/home/jianyuzh/ws/llama.cpp/auto_ci/28725/aicss-genai_sycl-graph-record-replay/vendor/miniaudio/.. -I/home/jianyuzh/ws/llama.cpp/auto_ci/28725/aicss-genai_sycl-graph-record-replay/vendor/stb/.. -I/home/jianyuzh/ws/llama.cpp/auto_ci/28725/aicss-genai_sycl-graph-record-replay/vendor/sheredom/.. -O3 -DNDEBUG -fPIC -Xclang -fno-pch-timestamp -Wmissing-declarations -Wmissing-noreturn -Wall -Wextra -Wpedantic -Wcast-qual -Wno-unused-function -Wno-cast-qual -MD -MT tools/mtmd/CMakeFiles/mtmd.dir/models/qwen3tts-spkenc.cpp.o -MF CMakeFiles/mtmd.dir/models/qwen3tts-spkenc.cpp.o.d -o CMakeFiles/mtmd.dir/models/qwen3tts-spkenc.cpp.o -c /home/jianyuzh/ws/llama.cpp/auto_ci/28725/aicss-genai_sycl-graph-record-replay/tools/mtmd/models/qwen3tts-spkenc.cpp
[ 54%] Building CXX object tools/mtmd/CMakeFiles/mtmd.dir/models/qwen3tts-gen.cpp.o
cd /home/jianyuzh/ws/llama.cpp/auto_ci/28725/aicss-genai_sycl-graph-record-replay/build/tools/mtmd && /opt/intel/oneapi/compiler/2026.1/bin/icpx -DGGML_BACKEND_SHARED -DGGML_SHARED -DGGML_USE_CPU -DGGML_USE_SYCL -DLLAMA_BUILD -DLLAMA_SHARED -DMTMD_VIDEO -Dmtmd_EXPORTS -I/home/jianyuzh/ws/llama.cpp/auto_ci/28725/aicss-genai_sycl-graph-record-replay/tools/mtmd/. -I/home/jianyuzh/ws/llama.cpp/auto_ci/28725/aicss-genai_sycl-graph-record-replay/ggml/src/../include -I/home/jianyuzh/ws/llama.cpp/auto_ci/28725/aicss-genai_sycl-graph-record-replay/src/../include -I/home/jianyuzh/ws/llama.cpp/auto_ci/28725/aicss-genai_sycl-graph-record-replay/vendor/hash/.. -I/home/jianyuzh/ws/llama.cpp/auto_ci/28725/aicss-genai_sycl-graph-record-replay/vendor/miniaudio/.. -I/home/jianyuzh/ws/llama.cpp/auto_ci/28725/aicss-genai_sycl-graph-record-replay/vendor/stb/.. -I/home/jianyuzh/ws/llama.cpp/auto_ci/28725/aicss-genai_sycl-graph-record-replay/vendor/sheredom/.. -O3 -DNDEBUG -fPIC -Xclang -fno-pch-timestamp -Wmissing-declarations -Wmissing-noreturn -Wall -Wextra -Wpedantic -Wcast-qual -Wno-unused-function -Wno-cast-qual -MD -MT tools/mtmd/CMakeFiles/mtmd.dir/models/qwen3tts-gen.cpp.o -MF CMakeFiles/mtmd.dir/models/qwen3tts-gen.cpp.o.d -o CMakeFiles/mtmd.dir/models/qwen3tts-gen.cpp.o -c /home/jianyuzh/ws/llama.cpp/auto_ci/28725/aicss-genai_sycl-graph-record-replay/tools/mtmd/models/qwen3tts-gen.cpp
[ 54%] Building CXX object tools/mtmd/CMakeFiles/mtmd.dir/models/pockettts-seanet.cpp.o
cd /home/jianyuzh/ws/llama.cpp/auto_ci/28725/aicss-genai_sycl-graph-record-replay/build/tools/mtmd && /opt/intel/oneapi/compiler/2026.1/bin/icpx -DGGML_BACKEND_SHARED -DGGML_SHARED -DGGML_USE_CPU -DGGML_USE_SYCL -DLLAMA_BUILD -DLLAMA_SHARED -DMTMD_VIDEO -Dmtmd_EXPORTS -I/home/jianyuzh/ws/llama.cpp/auto_ci/28725/aicss-genai_sycl-graph-record-replay/tools/mtmd/. -I/home/jianyuzh/ws/llama.cpp/auto_ci/28725/aicss-genai_sycl-graph-record-replay/ggml/src/../include -I/home/jianyuzh/ws/llama.cpp/auto_ci/28725/aicss-genai_sycl-graph-record-replay/src/../include -I/home/jianyuzh/ws/llama.cpp/auto_ci/28725/aicss-genai_sycl-graph-record-replay/vendor/hash/.. -I/home/jianyuzh/ws/llama.cpp/auto_ci/28725/aicss-genai_sycl-graph-record-replay/vendor/miniaudio/.. -I/home/jianyuzh/ws/llama.cpp/auto_ci/28725/aicss-genai_sycl-graph-record-replay/vendor/stb/.. -I/home/jianyuzh/ws/llama.cpp/auto_ci/28725/aicss-genai_sycl-graph-record-replay/vendor/sheredom/.. -O3 -DNDEBUG -fPIC -Xclang -fno-pch-timestamp -Wmissing-declarations -Wmissing-noreturn -Wall -Wextra -Wpedantic -Wcast-qual -Wno-unused-function -Wno-cast-qual -MD -MT tools/mtmd/CMakeFiles/mtmd.dir/models/pockettts-seanet.cpp.o -MF CMakeFiles/mtmd.dir/models/pockettts-seanet.cpp.o.d -o CMakeFiles/mtmd.dir/models/pockettts-seanet.cpp.o -c /home/jianyuzh/ws/llama.cpp/auto_ci/28725/aicss-genai_sycl-graph-record-replay/tools/mtmd/models/pockettts-seanet.cpp
[ 54%] Building CXX object tools/mtmd/CMakeFiles/mtmd.dir/models/pockettts-spkenc.cpp.o
cd /home/jianyuzh/ws/llama.cpp/auto_ci/28725/aicss-genai_sycl-graph-record-replay/build/tools/mtmd && /opt/intel/oneapi/compiler/2026.1/bin/icpx -DGGML_BACKEND_SHARED -DGGML_SHARED -DGGML_USE_CPU -DGGML_USE_SYCL -DLLAMA_BUILD -DLLAMA_SHARED -DMTMD_VIDEO -Dmtmd_EXPORTS -I/home/jianyuzh/ws/llama.cpp/auto_ci/28725/aicss-genai_sycl-graph-record-replay/tools/mtmd/. -I/home/jianyuzh/ws/llama.cpp/auto_ci/28725/aicss-genai_sycl-graph-record-replay/ggml/src/../include -I/home/jianyuzh/ws/llama.cpp/auto_ci/28725/aicss-genai_sycl-graph-record-replay/src/../include -I/home/jianyuzh/ws/llama.cpp/auto_ci/28725/aicss-genai_sycl-graph-record-replay/vendor/hash/.. -I/home/jianyuzh/ws/llama.cpp/auto_ci/28725/aicss-genai_sycl-graph-record-replay/vendor/miniaudio/.. -I/home/jianyuzh/ws/llama.cpp/auto_ci/28725/aicss-genai_sycl-graph-record-replay/vendor/stb/.. -I/home/jianyuzh/ws/llama.cpp/auto_ci/28725/aicss-genai_sycl-graph-record-replay/vendor/sheredom/.. -O3 -DNDEBUG -fPIC -Xclang -fno-pch-timestamp -Wmissing-declarations -Wmissing-noreturn -Wall -Wextra -Wpedantic -Wcast-qual -Wno-unused-function -Wno-cast-qual -MD -MT tools/mtmd/CMakeFiles/mtmd.dir/models/pockettts-spkenc.cpp.o -MF CMakeFiles/mtmd.dir/models/pockettts-spkenc.cpp.o.d -o CMakeFiles/mtmd.dir/models/pockettts-spkenc.cpp.o -c /home/jianyuzh/ws/llama.cpp/auto_ci/28725/aicss-genai_sycl-graph-record-replay/tools/mtmd/models/pockettts-spkenc.cpp
[ 55%] Building CXX object tools/mtmd/CMakeFiles/mtmd.dir/models/pockettts-gen.cpp.o
cd /home/jianyuzh/ws/llama.cpp/auto_ci/28725/aicss-genai_sycl-graph-record-replay/build/tools/mtmd && /opt/intel/oneapi/compiler/2026.1/bin/icpx -DGGML_BACKEND_SHARED -DGGML_SHARED -DGGML_USE_CPU -DGGML_USE_SYCL -DLLAMA_BUILD -DLLAMA_SHARED -DMTMD_VIDEO -Dmtmd_EXPORTS -I/home/jianyuzh/ws/llama.cpp/auto_ci/28725/aicss-genai_sycl-graph-record-replay/tools/mtmd/. -I/home/jianyuzh/ws/llama.cpp/auto_ci/28725/aicss-genai_sycl-graph-record-replay/ggml/src/../include -I/home/jianyuzh/ws/llama.cpp/auto_ci/28725/aicss-genai_sycl-graph-record-replay/src/../include -I/home/jianyuzh/ws/llama.cpp/auto_ci/28725/aicss-genai_sycl-graph-record-replay/vendor/hash/.. -I/home/jianyuzh/ws/llama.cpp/auto_ci/28725/aicss-genai_sycl-graph-record-replay/vendor/miniaudio/.. -I/home/jianyuzh/ws/llama.cpp/auto_ci/28725/aicss-genai_sycl-graph-record-replay/vendor/stb/.. -I/home/jianyuzh/ws/llama.cpp/auto_ci/28725/aicss-genai_sycl-graph-record-replay/vendor/sheredom/.. -O3 -DNDEBUG -fPIC -Xclang -fno-pch-timestamp -Wmissing-declarations -Wmissing-noreturn -Wall -Wextra -Wpedantic -Wcast-qual -Wno-unused-function -Wno-cast-qual -MD -MT tools/mtmd/CMakeFiles/mtmd.dir/models/pockettts-gen.cpp.o -MF CMakeFiles/mtmd.dir/models/pockettts-gen.cpp.o.d -o CMakeFiles/mtmd.dir/models/pockettts-gen.cpp.o -c /home/jianyuzh/ws/llama.cpp/auto_ci/28725/aicss-genai_sycl-graph-record-replay/tools/mtmd/models/pockettts-gen.cpp
[ 55%] Building CXX object tools/mtmd/CMakeFiles/mtmd.dir/models/step3vl.cpp.o
cd /home/jianyuzh/ws/llama.cpp/auto_ci/28725/aicss-genai_sycl-graph-record-replay/build/tools/mtmd && /opt/intel/oneapi/compiler/2026.1/bin/icpx -DGGML_BACKEND_SHARED -DGGML_SHARED -DGGML_USE_CPU -DGGML_USE_SYCL -DLLAMA_BUILD -DLLAMA_SHARED -DMTMD_VIDEO -Dmtmd_EXPORTS -I/home/jianyuzh/ws/llama.cpp/auto_ci/28725/aicss-genai_sycl-graph-record-replay/tools/mtmd/. -I/home/jianyuzh/ws/llama.cpp/auto_ci/28725/aicss-genai_sycl-graph-record-replay/ggml/src/../include -I/home/jianyuzh/ws/llama.cpp/auto_ci/28725/aicss-genai_sycl-graph-record-replay/src/../include -I/home/jianyuzh/ws/llama.cpp/auto_ci/28725/aicss-genai_sycl-graph-record-replay/vendor/hash/.. -I/home/jianyuzh/ws/llama.cpp/auto_ci/28725/aicss-genai_sycl-graph-record-replay/vendor/miniaudio/.. -I/home/jianyuzh/ws/llama.cpp/auto_ci/28725/aicss-genai_sycl-graph-record-replay/vendor/stb/.. -I/home/jianyuzh/ws/llama.cpp/auto_ci/28725/aicss-genai_sycl-graph-record-replay/vendor/sheredom/.. -O3 -DNDEBUG -fPIC -Xclang -fno-pch-timestamp -Wmissing-declarations -Wmissing-noreturn -Wall -Wextra -Wpedantic -Wcast-qual -Wno-unused-function -Wno-cast-qual -MD -MT tools/mtmd/CMakeFiles/mtmd.dir/models/step3vl.cpp.o -MF CMakeFiles/mtmd.dir/models/step3vl.cpp.o.d -o CMakeFiles/mtmd.dir/models/step3vl.cpp.o -c /home/jianyuzh/ws/llama.cpp/auto_ci/28725/aicss-genai_sycl-graph-record-replay/tools/mtmd/models/step3vl.cpp
[ 55%] Building CXX object tools/mtmd/CMakeFiles/mtmd.dir/models/siglip.cpp.o
cd /home/jianyuzh/ws/llama.cpp/auto_ci/28725/aicss-genai_sycl-graph-record-replay/build/tools/mtmd && /opt/intel/oneapi/compiler/2026.1/bin/icpx -DGGML_BACKEND_SHARED -DGGML_SHARED -DGGML_USE_CPU -DGGML_USE_SYCL -DLLAMA_BUILD -DLLAMA_SHARED -DMTMD_VIDEO -Dmtmd_EXPORTS -I/home/jianyuzh/ws/llama.cpp/auto_ci/28725/aicss-genai_sycl-graph-record-replay/tools/mtmd/. -I/home/jianyuzh/ws/llama.cpp/auto_ci/28725/aicss-genai_sycl-graph-record-replay/ggml/src/../include -I/home/jianyuzh/ws/llama.cpp/auto_ci/28725/aicss-genai_sycl-graph-record-replay/src/../include -I/home/jianyuzh/ws/llama.cpp/auto_ci/28725/aicss-genai_sycl-graph-record-replay/vendor/hash/.. -I/home/jianyuzh/ws/llama.cpp/auto_ci/28725/aicss-genai_sycl-graph-record-replay/vendor/miniaudio/.. -I/home/jianyuzh/ws/llama.cpp/auto_ci/28725/aicss-genai_sycl-graph-record-replay/vendor/stb/.. -I/home/jianyuzh/ws/llama.cpp/auto_ci/28725/aicss-genai_sycl-graph-record-replay/vendor/sheredom/.. -O3 -DNDEBUG -fPIC -Xclang -fno-pch-timestamp -Wmissing-declarations -Wmissing-noreturn -Wall -Wextra -Wpedantic -Wcast-qual -Wno-unused-function -Wno-cast-qual -MD -MT tools/mtmd/CMakeFiles/mtmd.dir/models/siglip.cpp.o -MF CMakeFiles/mtmd.dir/models/siglip.cpp.o.d -o CMakeFiles/mtmd.dir/models/siglip.cpp.o -c /home/jianyuzh/ws/llama.cpp/auto_ci/28725/aicss-genai_sycl-graph-record-replay/tools/mtmd/models/siglip.cpp
[ 55%] Building CXX object tools/mtmd/CMakeFiles/mtmd.dir/models/whisper-enc.cpp.o
cd /home/jianyuzh/ws/llama.cpp/auto_ci/28725/aicss-genai_sycl-graph-record-replay/build/tools/mtmd && /opt/intel/oneapi/compiler/2026.1/bin/icpx -DGGML_BACKEND_SHARED -DGGML_SHARED -DGGML_USE_CPU -DGGML_USE_SYCL -DLLAMA_BUILD -DLLAMA_SHARED -DMTMD_VIDEO -Dmtmd_EXPORTS -I/home/jianyuzh/ws/llama.cpp/auto_ci/28725/aicss-genai_sycl-graph-record-replay/tools/mtmd/. -I/home/jianyuzh/ws/llama.cpp/auto_ci/28725/aicss-genai_sycl-graph-record-replay/ggml/src/../include -I/home/jianyuzh/ws/llama.cpp/auto_ci/28725/aicss-genai_sycl-graph-record-replay/src/../include -I/home/jianyuzh/ws/llama.cpp/auto_ci/28725/aicss-genai_sycl-graph-record-replay/vendor/hash/.. -I/home/jianyuzh/ws/llama.cpp/auto_ci/28725/aicss-genai_sycl-graph-record-replay/vendor/miniaudio/.. -I/home/jianyuzh/ws/llama.cpp/auto_ci/28725/aicss-genai_sycl-graph-record-replay/vendor/stb/.. -I/home/jianyuzh/ws/llama.cpp/auto_ci/28725/aicss-genai_sycl-graph-record-replay/vendor/sheredom/.. -O3 -DNDEBUG -fPIC -Xclang -fno-pch-timestamp -Wmissing-declarations -Wmissing-noreturn -Wall -Wextra -Wpedantic -Wcast-qual -Wno-unused-function -Wno-cast-qual -MD -MT tools/mtmd/CMakeFiles/mtmd.dir/models/whisper-enc.cpp.o -MF CMakeFiles/mtmd.dir/models/whisper-enc.cpp.o.d -o CMakeFiles/mtmd.dir/models/whisper-enc.cpp.o -c /home/jianyuzh/ws/llama.cpp/auto_ci/28725/aicss-genai_sycl-graph-record-replay/tools/mtmd/models/whisper-enc.cpp
[ 55%] Building CXX object common/CMakeFiles/llama-common.dir/jinja/parser.cpp.o
cd /home/jianyuzh/ws/llama.cpp/auto_ci/28725/aicss-genai_sycl-graph-record-replay/build/common && /opt/intel/oneapi/compiler/2026.1/bin/icpx -DGGML_BACKEND_SHARED -DGGML_SHARED -DGGML_USE_CPU -DGGML_USE_SYCL -DLLAMA_SHARED -DLLAMA_SUBPROCESS -Dllama_common_EXPORTS -I/home/jianyuzh/ws/llama.cpp/auto_ci/28725/aicss-genai_sycl-graph-record-replay/common/. -I/home/jianyuzh/ws/llama.cpp/auto_ci/28725/aicss-genai_sycl-graph-record-replay/vendor/nlohmann/.. -I/home/jianyuzh/ws/llama.cpp/auto_ci/28725/aicss-genai_sycl-graph-record-replay/vendor/sheredom/.. -I/home/jianyuzh/ws/llama.cpp/auto_ci/28725/aicss-genai_sycl-graph-record-replay/src/../include -I/home/jianyuzh/ws/llama.cpp/auto_ci/28725/aicss-genai_sycl-graph-record-replay/ggml/src/../include -O3 -DNDEBUG -fPIC -Xclang -fno-pch-timestamp -Wmissing-declarations -Wmissing-noreturn -Wall -Wextra -Wpedantic -Wcast-qual -Wno-unused-function -MD -MT common/CMakeFiles/llama-common.dir/jinja/parser.cpp.o -MF CMakeFiles/llama-common.dir/jinja/parser.cpp.o.d -o CMakeFiles/llama-common.dir/jinja/parser.cpp.o -c /home/jianyuzh/ws/llama.cpp/auto_ci/28725/aicss-genai_sycl-graph-record-replay/common/jinja/parser.cpp
[ 55%] Building CXX object common/CMakeFiles/llama-common.dir/jinja/runtime.cpp.o
cd /home/jianyuzh/ws/llama.cpp/auto_ci/28725/aicss-genai_sycl-graph-record-replay/build/common && /opt/intel/oneapi/compiler/2026.1/bin/icpx -DGGML_BACKEND_SHARED -DGGML_SHARED -DGGML_USE_CPU -DGGML_USE_SYCL -DLLAMA_SHARED -DLLAMA_SUBPROCESS -Dllama_common_EXPORTS -I/home/jianyuzh/ws/llama.cpp/auto_ci/28725/aicss-genai_sycl-graph-record-replay/common/. -I/home/jianyuzh/ws/llama.cpp/auto_ci/28725/aicss-genai_sycl-graph-record-replay/vendor/nlohmann/.. -I/home/jianyuzh/ws/llama.cpp/auto_ci/28725/aicss-genai_sycl-graph-record-replay/vendor/sheredom/.. -I/home/jianyuzh/ws/llama.cpp/auto_ci/28725/aicss-genai_sycl-graph-record-replay/src/../include -I/home/jianyuzh/ws/llama.cpp/auto_ci/28725/aicss-genai_sycl-graph-record-replay/ggml/src/../include -O3 -DNDEBUG -fPIC -Xclang -fno-pch-timestamp -Wmissing-declarations -Wmissing-noreturn -Wall -Wextra -Wpedantic -Wcast-qual -Wno-unused-function -MD -MT common/CMakeFiles/llama-common.dir/jinja/runtime.cpp.o -MF CMakeFiles/llama-common.dir/jinja/runtime.cpp.o.d -o CMakeFiles/llama-common.dir/jinja/runtime.cpp.o -c /home/jianyuzh/ws/llama.cpp/auto_ci/28725/aicss-genai_sycl-graph-record-replay/common/jinja/runtime.cpp
[ 55%] Building CXX object common/CMakeFiles/llama-common.dir/jinja/value.cpp.o
cd /home/jianyuzh/ws/llama.cpp/auto_ci/28725/aicss-genai_sycl-graph-record-replay/build/common && /opt/intel/oneapi/compiler/2026.1/bin/icpx -DGGML_BACKEND_SHARED -DGGML_SHARED -DGGML_USE_CPU -DGGML_USE_SYCL -DLLAMA_SHARED -DLLAMA_SUBPROCESS -Dllama_common_EXPORTS -I/home/jianyuzh/ws/llama.cpp/auto_ci/28725/aicss-genai_sycl-graph-record-replay/common/. -I/home/jianyuzh/ws/llama.cpp/auto_ci/28725/aicss-genai_sycl-graph-record-replay/vendor/nlohmann/.. -I/home/jianyuzh/ws/llama.cpp/auto_ci/28725/aicss-genai_sycl-graph-record-replay/vendor/sheredom/.. -I/home/jianyuzh/ws/llama.cpp/auto_ci/28725/aicss-genai_sycl-graph-record-replay/src/../include -I/home/jianyuzh/ws/llama.cpp/auto_ci/28725/aicss-genai_sycl-graph-record-replay/ggml/src/../include -O3 -DNDEBUG -fPIC -Xclang -fno-pch-timestamp -Wmissing-declarations -Wmissing-noreturn -Wall -Wextra -Wpedantic -Wcast-qual -Wno-unused-function -MD -MT common/CMakeFiles/llama-common.dir/jinja/value.cpp.o -MF CMakeFiles/llama-common.dir/jinja/value.cpp.o.d -o CMakeFiles/llama-common.dir/jinja/value.cpp.o -c /home/jianyuzh/ws/llama.cpp/auto_ci/28725/aicss-genai_sycl-graph-record-replay/common/jinja/value.cpp
[ 55%] Building CXX object tools/mtmd/CMakeFiles/mtmd.dir/models/deepseekocr.cpp.o
cd /home/jianyuzh/ws/llama.cpp/auto_ci/28725/aicss-genai_sycl-graph-record-replay/build/tools/mtmd && /opt/intel/oneapi/compiler/2026.1/bin/icpx -DGGML_BACKEND_SHARED -DGGML_SHARED -DGGML_USE_CPU -DGGML_USE_SYCL -DLLAMA_BUILD -DLLAMA_SHARED -DMTMD_VIDEO -Dmtmd_EXPORTS -I/home/jianyuzh/ws/llama.cpp/auto_ci/28725/aicss-genai_sycl-graph-record-replay/tools/mtmd/. -I/home/jianyuzh/ws/llama.cpp/auto_ci/28725/aicss-genai_sycl-graph-record-replay/ggml/src/../include -I/home/jianyuzh/ws/llama.cpp/auto_ci/28725/aicss-genai_sycl-graph-record-replay/src/../include -I/home/jianyuzh/ws/llama.cpp/auto_ci/28725/aicss-genai_sycl-graph-record-replay/vendor/hash/.. -I/home/jianyuzh/ws/llama.cpp/auto_ci/28725/aicss-genai_sycl-graph-record-replay/vendor/miniaudio/.. -I/home/jianyuzh/ws/llama.cpp/auto_ci/28725/aicss-genai_sycl-graph-record-replay/vendor/stb/.. -I/home/jianyuzh/ws/llama.cpp/auto_ci/28725/aicss-genai_sycl-graph-record-replay/vendor/sheredom/.. -O3 -DNDEBUG -fPIC -Xclang -fno-pch-timestamp -Wmissing-declarations -Wmissing-noreturn -Wall -Wextra -Wpedantic -Wcast-qual -Wno-unused-function -Wno-cast-qual -MD -MT tools/mtmd/CMakeFiles/mtmd.dir/models/deepseekocr.cpp.o -MF CMakeFiles/mtmd.dir/models/deepseekocr.cpp.o.d -o CMakeFiles/mtmd.dir/models/deepseekocr.cpp.o -c /home/jianyuzh/ws/llama.cpp/auto_ci/28725/aicss-genai_sycl-graph-record-replay/tools/mtmd/models/deepseekocr.cpp
[ 56%] Building CXX object tools/mtmd/CMakeFiles/mtmd.dir/models/deepseekocr2.cpp.o
cd /home/jianyuzh/ws/llama.cpp/auto_ci/28725/aicss-genai_sycl-graph-record-replay/build/tools/mtmd && /opt/intel/oneapi/compiler/2026.1/bin/icpx -DGGML_BACKEND_SHARED -DGGML_SHARED -DGGML_USE_CPU -DGGML_USE_SYCL -DLLAMA_BUILD -DLLAMA_SHARED -DMTMD_VIDEO -Dmtmd_EXPORTS -I/home/jianyuzh/ws/llama.cpp/auto_ci/28725/aicss-genai_sycl-graph-record-replay/tools/mtmd/. -I/home/jianyuzh/ws/llama.cpp/auto_ci/28725/aicss-genai_sycl-graph-record-replay/ggml/src/../include -I/home/jianyuzh/ws/llama.cpp/auto_ci/28725/aicss-genai_sycl-graph-record-replay/src/../include -I/home/jianyuzh/ws/llama.cpp/auto_ci/28725/aicss-genai_sycl-graph-record-replay/vendor/hash/.. -I/home/jianyuzh/ws/llama.cpp/auto_ci/28725/aicss-genai_sycl-graph-record-replay/vendor/miniaudio/.. -I/home/jianyuzh/ws/llama.cpp/auto_ci/28725/aicss-genai_sycl-graph-record-replay/vendor/stb/.. -I/home/jianyuzh/ws/llama.cpp/auto_ci/28725/aicss-genai_sycl-graph-record-replay/vendor/sheredom/.. -O3 -DNDEBUG -fPIC -Xclang -fno-pch-timestamp -Wmissing-declarations -Wmissing-noreturn -Wall -Wextra -Wpedantic -Wcast-qual -Wno-unused-function -Wno-cast-qual -MD -MT tools/mtmd/CMakeFiles/mtmd.dir/models/deepseekocr2.cpp.o -MF CMakeFiles/mtmd.dir/models/deepseekocr2.cpp.o.d -o CMakeFiles/mtmd.dir/models/deepseekocr2.cpp.o -c /home/jianyuzh/ws/llama.cpp/auto_ci/28725/aicss-genai_sycl-graph-record-replay/tools/mtmd/models/deepseekocr2.cpp
[ 56%] Building CXX object tools/mtmd/CMakeFiles/mtmd.dir/models/mobilenetv5.cpp.o
cd /home/jianyuzh/ws/llama.cpp/auto_ci/28725/aicss-genai_sycl-graph-record-replay/build/tools/mtmd && /opt/intel/oneapi/compiler/2026.1/bin/icpx -DGGML_BACKEND_SHARED -DGGML_SHARED -DGGML_USE_CPU -DGGML_USE_SYCL -DLLAMA_BUILD -DLLAMA_SHARED -DMTMD_VIDEO -Dmtmd_EXPORTS -I/home/jianyuzh/ws/llama.cpp/auto_ci/28725/aicss-genai_sycl-graph-record-replay/tools/mtmd/. -I/home/jianyuzh/ws/llama.cpp/auto_ci/28725/aicss-genai_sycl-graph-record-replay/ggml/src/../include -I/home/jianyuzh/ws/llama.cpp/auto_ci/28725/aicss-genai_sycl-graph-record-replay/src/../include -I/home/jianyuzh/ws/llama.cpp/auto_ci/28725/aicss-genai_sycl-graph-record-replay/vendor/hash/.. -I/home/jianyuzh/ws/llama.cpp/auto_ci/28725/aicss-genai_sycl-graph-record-replay/vendor/miniaudio/.. -I/home/jianyuzh/ws/llama.cpp/auto_ci/28725/aicss-genai_sycl-graph-record-replay/vendor/stb/.. -I/home/jianyuzh/ws/llama.cpp/auto_ci/28725/aicss-genai_sycl-graph-record-replay/vendor/sheredom/.. -O3 -DNDEBUG -fPIC -Xclang -fno-pch-timestamp -Wmissing-declarations -Wmissing-noreturn -Wall -Wextra -Wpedantic -Wcast-qual -Wno-unused-function -Wno-cast-qual -MD -MT tools/mtmd/CMakeFiles/mtmd.dir/models/mobilenetv5.cpp.o -MF CMakeFiles/mtmd.dir/models/mobilenetv5.cpp.o.d -o CMakeFiles/mtmd.dir/models/mobilenetv5.cpp.o -c /home/jianyuzh/ws/llama.cpp/auto_ci/28725/aicss-genai_sycl-graph-record-replay/tools/mtmd/models/mobilenetv5.cpp
[ 56%] Building CXX object tools/mtmd/CMakeFiles/mtmd.dir/models/youtuvl.cpp.o
cd /home/jianyuzh/ws/llama.cpp/auto_ci/28725/aicss-genai_sycl-graph-record-replay/build/tools/mtmd && /opt/intel/oneapi/compiler/2026.1/bin/icpx -DGGML_BACKEND_SHARED -DGGML_SHARED -DGGML_USE_CPU -DGGML_USE_SYCL -DLLAMA_BUILD -DLLAMA_SHARED -DMTMD_VIDEO -Dmtmd_EXPORTS -I/home/jianyuzh/ws/llama.cpp/auto_ci/28725/aicss-genai_sycl-graph-record-replay/tools/mtmd/. -I/home/jianyuzh/ws/llama.cpp/auto_ci/28725/aicss-genai_sycl-graph-record-replay/ggml/src/../include -I/home/jianyuzh/ws/llama.cpp/auto_ci/28725/aicss-genai_sycl-graph-record-replay/src/../include -I/home/jianyuzh/ws/llama.cpp/auto_ci/28725/aicss-genai_sycl-graph-record-replay/vendor/hash/.. -I/home/jianyuzh/ws/llama.cpp/auto_ci/28725/aicss-genai_sycl-graph-record-replay/vendor/miniaudio/.. -I/home/jianyuzh/ws/llama.cpp/auto_ci/28725/aicss-genai_sycl-graph-record-replay/vendor/stb/.. -I/home/jianyuzh/ws/llama.cpp/auto_ci/28725/aicss-genai_sycl-graph-record-replay/vendor/sheredom/.. -O3 -DNDEBUG -fPIC -Xclang -fno-pch-timestamp -Wmissing-declarations -Wmissing-noreturn -Wall -Wextra -Wpedantic -Wcast-qual -Wno-unused-function -Wno-cast-qual -MD -MT tools/mtmd/CMakeFiles/mtmd.dir/models/youtuvl.cpp.o -MF CMakeFiles/mtmd.dir/models/youtuvl.cpp.o.d -o CMakeFiles/mtmd.dir/models/youtuvl.cpp.o -c /home/jianyuzh/ws/llama.cpp/auto_ci/28725/aicss-genai_sycl-graph-record-replay/tools/mtmd/models/youtuvl.cpp
[ 56%] Building CXX object common/CMakeFiles/llama-common.dir/jinja/string.cpp.o
cd /home/jianyuzh/ws/llama.cpp/auto_ci/28725/aicss-genai_sycl-graph-record-replay/build/common && /opt/intel/oneapi/compiler/2026.1/bin/icpx -DGGML_BACKEND_SHARED -DGGML_SHARED -DGGML_USE_CPU -DGGML_USE_SYCL -DLLAMA_SHARED -DLLAMA_SUBPROCESS -Dllama_common_EXPORTS -I/home/jianyuzh/ws/llama.cpp/auto_ci/28725/aicss-genai_sycl-graph-record-replay/common/. -I/home/jianyuzh/ws/llama.cpp/auto_ci/28725/aicss-genai_sycl-graph-record-replay/vendor/nlohmann/.. -I/home/jianyuzh/ws/llama.cpp/auto_ci/28725/aicss-genai_sycl-graph-record-replay/vendor/sheredom/.. -I/home/jianyuzh/ws/llama.cpp/auto_ci/28725/aicss-genai_sycl-graph-record-replay/src/../include -I/home/jianyuzh/ws/llama.cpp/auto_ci/28725/aicss-genai_sycl-graph-record-replay/ggml/src/../include -O3 -DNDEBUG -fPIC -Xclang -fno-pch-timestamp -Wmissing-declarations -Wmissing-noreturn -Wall -Wextra -Wpedantic -Wcast-qual -Wno-unused-function -MD -MT common/CMakeFiles/llama-common.dir/jinja/string.cpp.o -MF CMakeFiles/llama-common.dir/jinja/string.cpp.o.d -o CMakeFiles/llama-common.dir/jinja/string.cpp.o -c /home/jianyuzh/ws/llama.cpp/auto_ci/28725/aicss-genai_sycl-graph-record-replay/common/jinja/string.cpp
[ 56%] Building CXX object common/CMakeFiles/llama-common.dir/jinja/caps.cpp.o
cd /home/jianyuzh/ws/llama.cpp/auto_ci/28725/aicss-genai_sycl-graph-record-replay/build/common && /opt/intel/oneapi/compiler/2026.1/bin/icpx -DGGML_BACKEND_SHARED -DGGML_SHARED -DGGML_USE_CPU -DGGML_USE_SYCL -DLLAMA_SHARED -DLLAMA_SUBPROCESS -Dllama_common_EXPORTS -I/home/jianyuzh/ws/llama.cpp/auto_ci/28725/aicss-genai_sycl-graph-record-replay/common/. -I/home/jianyuzh/ws/llama.cpp/auto_ci/28725/aicss-genai_sycl-graph-record-replay/vendor/nlohmann/.. -I/home/jianyuzh/ws/llama.cpp/auto_ci/28725/aicss-genai_sycl-graph-record-replay/vendor/sheredom/.. -I/home/jianyuzh/ws/llama.cpp/auto_ci/28725/aicss-genai_sycl-graph-record-replay/src/../include -I/home/jianyuzh/ws/llama.cpp/auto_ci/28725/aicss-genai_sycl-graph-record-replay/ggml/src/../include -O3 -DNDEBUG -fPIC -Xclang -fno-pch-timestamp -Wmissing-declarations -Wmissing-noreturn -Wall -Wextra -Wpedantic -Wcast-qual -Wno-unused-function -MD -MT common/CMakeFiles/llama-common.dir/jinja/caps.cpp.o -MF CMakeFiles/llama-common.dir/jinja/caps.cpp.o.d -o CMakeFiles/llama-common.dir/jinja/caps.cpp.o -c /home/jianyuzh/ws/llama.cpp/auto_ci/28725/aicss-genai_sycl-graph-record-replay/common/jinja/caps.cpp
[ 56%] Building CXX object tools/mtmd/CMakeFiles/mtmd.dir/models/yasa2.cpp.o
cd /home/jianyuzh/ws/llama.cpp/auto_ci/28725/aicss-genai_sycl-graph-record-replay/build/tools/mtmd && /opt/intel/oneapi/compiler/2026.1/bin/icpx -DGGML_BACKEND_SHARED -DGGML_SHARED -DGGML_USE_CPU -DGGML_USE_SYCL -DLLAMA_BUILD -DLLAMA_SHARED -DMTMD_VIDEO -Dmtmd_EXPORTS -I/home/jianyuzh/ws/llama.cpp/auto_ci/28725/aicss-genai_sycl-graph-record-replay/tools/mtmd/. -I/home/jianyuzh/ws/llama.cpp/auto_ci/28725/aicss-genai_sycl-graph-record-replay/ggml/src/../include -I/home/jianyuzh/ws/llama.cpp/auto_ci/28725/aicss-genai_sycl-graph-record-replay/src/../include -I/home/jianyuzh/ws/llama.cpp/auto_ci/28725/aicss-genai_sycl-graph-record-replay/vendor/hash/.. -I/home/jianyuzh/ws/llama.cpp/auto_ci/28725/aicss-genai_sycl-graph-record-replay/vendor/miniaudio/.. -I/home/jianyuzh/ws/llama.cpp/auto_ci/28725/aicss-genai_sycl-graph-record-replay/vendor/stb/.. -I/home/jianyuzh/ws/llama.cpp/auto_ci/28725/aicss-genai_sycl-graph-record-replay/vendor/sheredom/.. -O3 -DNDEBUG -fPIC -Xclang -fno-pch-timestamp -Wmissing-declarations -Wmissing-noreturn -Wall -Wextra -Wpedantic -Wcast-qual -Wno-unused-function -Wno-cast-qual -MD -MT tools/mtmd/CMakeFiles/mtmd.dir/models/yasa2.cpp.o -MF CMakeFiles/mtmd.dir/models/yasa2.cpp.o.d -o CMakeFiles/mtmd.dir/models/yasa2.cpp.o -c /home/jianyuzh/ws/llama.cpp/auto_ci/28725/aicss-genai_sycl-graph-record-replay/tools/mtmd/models/yasa2.cpp
[ 56%] Building CXX object tools/mtmd/CMakeFiles/mtmd.dir/models/parakeet.cpp.o
cd /home/jianyuzh/ws/llama.cpp/auto_ci/28725/aicss-genai_sycl-graph-record-replay/build/tools/mtmd && /opt/intel/oneapi/compiler/2026.1/bin/icpx -DGGML_BACKEND_SHARED -DGGML_SHARED -DGGML_USE_CPU -DGGML_USE_SYCL -DLLAMA_BUILD -DLLAMA_SHARED -DMTMD_VIDEO -Dmtmd_EXPORTS -I/home/jianyuzh/ws/llama.cpp/auto_ci/28725/aicss-genai_sycl-graph-record-replay/tools/mtmd/. -I/home/jianyuzh/ws/llama.cpp/auto_ci/28725/aicss-genai_sycl-graph-record-replay/ggml/src/../include -I/home/jianyuzh/ws/llama.cpp/auto_ci/28725/aicss-genai_sycl-graph-record-replay/src/../include -I/home/jianyuzh/ws/llama.cpp/auto_ci/28725/aicss-genai_sycl-graph-record-replay/vendor/hash/.. -I/home/jianyuzh/ws/llama.cpp/auto_ci/28725/aicss-genai_sycl-graph-record-replay/vendor/miniaudio/.. -I/home/jianyuzh/ws/llama.cpp/auto_ci/28725/aicss-genai_sycl-graph-record-replay/vendor/stb/.. -I/home/jianyuzh/ws/llama.cpp/auto_ci/28725/aicss-genai_sycl-graph-record-replay/vendor/sheredom/.. -O3 -DNDEBUG -fPIC -Xclang -fno-pch-timestamp -Wmissing-declarations -Wmissing-noreturn -Wall -Wextra -Wpedantic -Wcast-qual -Wno-unused-function -Wno-cast-qual -MD -MT tools/mtmd/CMakeFiles/mtmd.dir/models/parakeet.cpp.o -MF CMakeFiles/mtmd.dir/models/parakeet.cpp.o.d -o CMakeFiles/mtmd.dir/models/parakeet.cpp.o -c /home/jianyuzh/ws/llama.cpp/auto_ci/28725/aicss-genai_sycl-graph-record-replay/tools/mtmd/models/parakeet.cpp
[ 57%] Linking CXX shared library ../../bin/libmtmd.so
cd /home/jianyuzh/ws/llama.cpp/auto_ci/28725/aicss-genai_sycl-graph-record-replay/build/tools/mtmd && /usr/bin/cmake -E cmake_link_script CMakeFiles/mtmd.dir/link.txt --verbose=1
/opt/intel/oneapi/compiler/2026.1/bin/icpx -fPIC -O3 -DNDEBUG -shared -Wl,--dependency-file=CMakeFiles/mtmd.dir/link.d -Wl,-soname,libmtmd.so.0 -o ../../bin/libmtmd.so.0.4.1 CMakeFiles/mtmd.dir/mtmd.cpp.o "CMakeFiles/mtmd.dir/mtmd-audio.cpp.o" "CMakeFiles/mtmd.dir/mtmd-image.cpp.o" "CMakeFiles/mtmd.dir/mtmd-helper.cpp.o" "CMakeFiles/mtmd.dir/mtmd-helper-gen.cpp.o" CMakeFiles/mtmd.dir/clip.cpp.o CMakeFiles/mtmd.dir/models/cogvlm.cpp.o CMakeFiles/mtmd.dir/models/conformer.cpp.o CMakeFiles/mtmd.dir/models/deepseek4v.cpp.o CMakeFiles/mtmd.dir/models/dots3note.cpp.o CMakeFiles/mtmd.dir/models/dotsocr.cpp.o CMakeFiles/mtmd.dir/models/exaone4_5.cpp.o CMakeFiles/mtmd.dir/models/gemma4a.cpp.o CMakeFiles/mtmd.dir/models/gemma4v.cpp.o CMakeFiles/mtmd.dir/models/gemma4ua.cpp.o CMakeFiles/mtmd.dir/models/gemma4uv.cpp.o CMakeFiles/mtmd.dir/models/glm4v.cpp.o "CMakeFiles/mtmd.dir/models/granite-speech.cpp.o" "CMakeFiles/mtmd.dir/models/granite4-vision.cpp.o" CMakeFiles/mtmd.dir/models/hunyuanvl.cpp.o CMakeFiles/mtmd.dir/models/internvl.cpp.o CMakeFiles/mtmd.dir/models/kimivl.cpp.o CMakeFiles/mtmd.dir/models/kimik25.cpp.o "CMakeFiles/mtmd.dir/models/nemotron-v2-vl.cpp.o" "CMakeFiles/mtmd.dir/models/muse-glimmer.cpp.o" CMakeFiles/mtmd.dir/models/llama4.cpp.o CMakeFiles/mtmd.dir/models/llava.cpp.o CMakeFiles/mtmd.dir/models/minicpmv.cpp.o CMakeFiles/mtmd.dir/models/paddleocr.cpp.o CMakeFiles/mtmd.dir/models/pixtral.cpp.o CMakeFiles/mtmd.dir/models/qwen2vl.cpp.o "CMakeFiles/mtmd.dir/models/minimax-m3.cpp.o" CMakeFiles/mtmd.dir/models/qwen3vl.cpp.o CMakeFiles/mtmd.dir/models/mimovl.cpp.o CMakeFiles/mtmd.dir/models/qwen3a.cpp.o "CMakeFiles/mtmd.dir/models/mimo-audio.cpp.o" "CMakeFiles/mtmd.dir/models/qwen3tts-spkenc.cpp.o" "CMakeFiles/mtmd.dir/models/qwen3tts-gen.cpp.o" "CMakeFiles/mtmd.dir/models/pockettts-seanet.cpp.o" "CMakeFiles/mtmd.dir/models/pockettts-spkenc.cpp.o" "CMakeFiles/mtmd.dir/models/pockettts-gen.cpp.o" CMakeFiles/mtmd.dir/models/step3vl.cpp.o CMakeFiles/mtmd.dir/models/siglip.cpp.o "CMakeFiles/mtmd.dir/models/whisper-enc.cpp.o" CMakeFiles/mtmd.dir/models/deepseekocr.cpp.o CMakeFiles/mtmd.dir/models/deepseekocr2.cpp.o CMakeFiles/mtmd.dir/models/mobilenetv5.cpp.o CMakeFiles/mtmd.dir/models/youtuvl.cpp.o CMakeFiles/mtmd.dir/models/yasa2.cpp.o CMakeFiles/mtmd.dir/models/parakeet.cpp.o  -Wl,-rpath,/home/jianyuzh/ws/llama.cpp/auto_ci/28725/aicss-genai_sycl-graph-record-replay/build/bin: ../../bin/libllama.so.0.4.1 ../../vendor/hash/libvendor-hash.a ../../bin/libggml.so.0.24.0 ../../bin/libggml-cpu.so.0.24.0 ../../bin/libggml-sycl.so.0.24.0 ../../bin/libggml-base.so.0.24.0
cd /home/jianyuzh/ws/llama.cpp/auto_ci/28725/aicss-genai_sycl-graph-record-replay/build/tools/mtmd && /usr/bin/cmake -E cmake_symlink_library ../../bin/libmtmd.so.0.4.1 ../../bin/libmtmd.so.0 ../../bin/libmtmd.so
gmake[2]: Leaving directory '/home/jianyuzh/ws/llama.cpp/auto_ci/28725/aicss-genai_sycl-graph-record-replay/build'
[ 57%] Built target mtmd
[ 58%] Linking CXX shared library ../bin/libllama-common.so
cd /home/jianyuzh/ws/llama.cpp/auto_ci/28725/aicss-genai_sycl-graph-record-replay/build/common && /usr/bin/cmake -E cmake_link_script CMakeFiles/llama-common.dir/link.txt --verbose=1
/opt/intel/oneapi/compiler/2026.1/bin/icpx -fPIC -O3 -DNDEBUG -shared -Wl,--dependency-file=CMakeFiles/llama-common.dir/link.d -Wl,-soname,libllama-common.so.0 -o ../bin/libllama-common.so.0.4.1 "CMakeFiles/llama-common.dir/parsers/parsers.cpp.o" "CMakeFiles/llama-common.dir/parsers/cohere2moe.cpp.o" "CMakeFiles/llama-common.dir/parsers/deepseek.cpp.o" "CMakeFiles/llama-common.dir/parsers/functionary-v3-2.cpp.o" "CMakeFiles/llama-common.dir/parsers/gemma4.cpp.o" "CMakeFiles/llama-common.dir/parsers/gigachat-v3.cpp.o" "CMakeFiles/llama-common.dir/parsers/gpt-oss.cpp.o" "CMakeFiles/llama-common.dir/parsers/kimi-k2.cpp.o" "CMakeFiles/llama-common.dir/parsers/kimi-k3.cpp.o" "CMakeFiles/llama-common.dir/parsers/ling3.cpp.o" "CMakeFiles/llama-common.dir/parsers/lfm2.cpp.o" "CMakeFiles/llama-common.dir/parsers/minicpm5.cpp.o" "CMakeFiles/llama-common.dir/parsers/minimax-m3.cpp.o" "CMakeFiles/llama-common.dir/parsers/ministral3.cpp.o" "CMakeFiles/llama-common.dir/parsers/muse-glimmer.cpp.o" "CMakeFiles/llama-common.dir/parsers/qwen3-coder.cpp.o" "CMakeFiles/llama-common.dir/arg.cpp.o" "CMakeFiles/llama-common.dir/chat-auto-parser-generator.cpp.o" "CMakeFiles/llama-common.dir/chat-auto-parser-helpers.cpp.o" "CMakeFiles/llama-common.dir/chat-diff-analyzer.cpp.o" "CMakeFiles/llama-common.dir/chat-peg-parser.cpp.o" "CMakeFiles/llama-common.dir/chat.cpp.o" "CMakeFiles/llama-common.dir/common.cpp.o" "CMakeFiles/llama-common.dir/console.cpp.o" "CMakeFiles/llama-common.dir/debug.cpp.o" "CMakeFiles/llama-common.dir/download.cpp.o" "CMakeFiles/llama-common.dir/fit.cpp.o" "CMakeFiles/llama-common.dir/hf-cache.cpp.o" "CMakeFiles/llama-common.dir/imatrix-loader.cpp.o" "CMakeFiles/llama-common.dir/json-schema-to-grammar.cpp.o" "CMakeFiles/llama-common.dir/json-schema.cpp.o" "CMakeFiles/llama-common.dir/json.cpp.o" "CMakeFiles/llama-common.dir/llguidance.cpp.o" "CMakeFiles/llama-common.dir/log.cpp.o" "CMakeFiles/llama-common.dir/ngram-cache.cpp.o" "CMakeFiles/llama-common.dir/ngram-map.cpp.o" "CMakeFiles/llama-common.dir/ngram-mod.cpp.o" "CMakeFiles/llama-common.dir/peg-parser.cpp.o" "CMakeFiles/llama-common.dir/preset.cpp.o" "CMakeFiles/llama-common.dir/reasoning-budget.cpp.o" "CMakeFiles/llama-common.dir/sampling.cpp.o" "CMakeFiles/llama-common.dir/speculative.cpp.o" "CMakeFiles/llama-common.dir/subproc.cpp.o" "CMakeFiles/llama-common.dir/trie.cpp.o" "CMakeFiles/llama-common.dir/unicode.cpp.o" "CMakeFiles/llama-common.dir/jinja/lexer.cpp.o" "CMakeFiles/llama-common.dir/jinja/parser.cpp.o" "CMakeFiles/llama-common.dir/jinja/runtime.cpp.o" "CMakeFiles/llama-common.dir/jinja/value.cpp.o" "CMakeFiles/llama-common.dir/jinja/string.cpp.o" "CMakeFiles/llama-common.dir/jinja/caps.cpp.o"  -Wl,-rpath,/home/jianyuzh/ws/llama.cpp/auto_ci/28725/aicss-genai_sycl-graph-record-replay/build/bin: libllama-common-base.a ../vendor/cpp-httplib/libcpp-httplib.a ../bin/libllama.so.0.4.1 ../bin/libggml.so.0.24.0 ../bin/libggml-cpu.so.0.24.0 ../bin/libggml-sycl.so.0.24.0 ../bin/libggml-base.so.0.24.0
cd /home/jianyuzh/ws/llama.cpp/auto_ci/28725/aicss-genai_sycl-graph-record-replay/build/common && /usr/bin/cmake -E cmake_symlink_library ../bin/libllama-common.so.0.4.1 ../bin/libllama-common.so.0 ../bin/libllama-common.so
gmake[2]: Leaving directory '/home/jianyuzh/ws/llama.cpp/auto_ci/28725/aicss-genai_sycl-graph-record-replay/build'
[ 58%] Built target llama-common
/usr/bin/gmake  -f tests/CMakeFiles/test-tokenizer-0.dir/build.make tests/CMakeFiles/test-tokenizer-0.dir/depend
/usr/bin/gmake  -f tests/CMakeFiles/test-recurrent-state-rollback.dir/build.make tests/CMakeFiles/test-recurrent-state-rollback.dir/depend
/usr/bin/gmake  -f tests/CMakeFiles/test-save-load-state.dir/build.make tests/CMakeFiles/test-save-load-state.dir/depend
/usr/bin/gmake  -f tests/CMakeFiles/test-unicode.dir/build.make tests/CMakeFiles/test-unicode.dir/depend
gmake[2]: Entering directory '/home/jianyuzh/ws/llama.cpp/auto_ci/28725/aicss-genai_sycl-graph-record-replay/build'
cd /home/jianyuzh/ws/llama.cpp/auto_ci/28725/aicss-genai_sycl-graph-record-replay/build && /usr/bin/cmake -E cmake_depends "Unix Makefiles" /home/jianyuzh/ws/llama.cpp/auto_ci/28725/aicss-genai_sycl-graph-record-replay /home/jianyuzh/ws/llama.cpp/auto_ci/28725/aicss-genai_sycl-graph-record-replay/tests /home/jianyuzh/ws/llama.cpp/auto_ci/28725/aicss-genai_sycl-graph-record-replay/build /home/jianyuzh/ws/llama.cpp/auto_ci/28725/aicss-genai_sycl-graph-record-replay/build/tests /home/jianyuzh/ws/llama.cpp/auto_ci/28725/aicss-genai_sycl-graph-record-replay/build/tests/CMakeFiles/test-tokenizer-0.dir/DependInfo.cmake "--color=" test-tokenizer-0
gmake[2]: Entering directory '/home/jianyuzh/ws/llama.cpp/auto_ci/28725/aicss-genai_sycl-graph-record-replay/build'
/usr/bin/gmake  -f tests/CMakeFiles/test-sampling.dir/build.make tests/CMakeFiles/test-sampling.dir/depend
cd /home/jianyuzh/ws/llama.cpp/auto_ci/28725/aicss-genai_sycl-graph-record-replay/build && /usr/bin/cmake -E cmake_depends "Unix Makefiles" /home/jianyuzh/ws/llama.cpp/auto_ci/28725/aicss-genai_sycl-graph-record-replay /home/jianyuzh/ws/llama.cpp/auto_ci/28725/aicss-genai_sycl-graph-record-replay/tests /home/jianyuzh/ws/llama.cpp/auto_ci/28725/aicss-genai_sycl-graph-record-replay/build /home/jianyuzh/ws/llama.cpp/auto_ci/28725/aicss-genai_sycl-graph-record-replay/build/tests /home/jianyuzh/ws/llama.cpp/auto_ci/28725/aicss-genai_sycl-graph-record-replay/build/tests/CMakeFiles/test-recurrent-state-rollback.dir/DependInfo.cmake "--color=" test-recurrent-state-rollback
/usr/bin/gmake  -f tests/CMakeFiles/test-reasoning-budget.dir/build.make tests/CMakeFiles/test-reasoning-budget.dir/depend
gmake[2]: Entering directory '/home/jianyuzh/ws/llama.cpp/auto_ci/28725/aicss-genai_sycl-graph-record-replay/build'
cd /home/jianyuzh/ws/llama.cpp/auto_ci/28725/aicss-genai_sycl-graph-record-replay/build && /usr/bin/cmake -E cmake_depends "Unix Makefiles" /home/jianyuzh/ws/llama.cpp/auto_ci/28725/aicss-genai_sycl-graph-record-replay /home/jianyuzh/ws/llama.cpp/auto_ci/28725/aicss-genai_sycl-graph-record-replay/tests /home/jianyuzh/ws/llama.cpp/auto_ci/28725/aicss-genai_sycl-graph-record-replay/build /home/jianyuzh/ws/llama.cpp/auto_ci/28725/aicss-genai_sycl-graph-record-replay/build/tests /home/jianyuzh/ws/llama.cpp/auto_ci/28725/aicss-genai_sycl-graph-record-replay/build/tests/CMakeFiles/test-save-load-state.dir/DependInfo.cmake "--color=" test-save-load-state
/usr/bin/gmake  -f tests/CMakeFiles/test-grammar-parser.dir/build.make tests/CMakeFiles/test-grammar-parser.dir/depend
/usr/bin/gmake  -f tests/CMakeFiles/test-grammar-integration.dir/build.make tests/CMakeFiles/test-grammar-integration.dir/depend
/usr/bin/gmake  -f tests/CMakeFiles/test-llama-grammar.dir/build.make tests/CMakeFiles/test-llama-grammar.dir/depend
gmake[2]: Entering directory '/home/jianyuzh/ws/llama.cpp/auto_ci/28725/aicss-genai_sycl-graph-record-replay/build'
cd /home/jianyuzh/ws/llama.cpp/auto_ci/28725/aicss-genai_sycl-graph-record-replay/build && /usr/bin/cmake -E cmake_depends "Unix Makefiles" /home/jianyuzh/ws/llama.cpp/auto_ci/28725/aicss-genai_sycl-graph-record-replay /home/jianyuzh/ws/llama.cpp/auto_ci/28725/aicss-genai_sycl-graph-record-replay/tests /home/jianyuzh/ws/llama.cpp/auto_ci/28725/aicss-genai_sycl-graph-record-replay/build /home/jianyuzh/ws/llama.cpp/auto_ci/28725/aicss-genai_sycl-graph-record-replay/build/tests /home/jianyuzh/ws/llama.cpp/auto_ci/28725/aicss-genai_sycl-graph-record-replay/build/tests/CMakeFiles/test-reasoning-budget.dir/DependInfo.cmake "--color=" test-reasoning-budget
/usr/bin/gmake  -f tests/CMakeFiles/test-batch-alloc.dir/build.make tests/CMakeFiles/test-batch-alloc.dir/depend
gmake[2]: Entering directory '/home/jianyuzh/ws/llama.cpp/auto_ci/28725/aicss-genai_sycl-graph-record-replay/build'
cd /home/jianyuzh/ws/llama.cpp/auto_ci/28725/aicss-genai_sycl-graph-record-replay/build && /usr/bin/cmake -E cmake_depends "Unix Makefiles" /home/jianyuzh/ws/llama.cpp/auto_ci/28725/aicss-genai_sycl-graph-record-replay /home/jianyuzh/ws/llama.cpp/auto_ci/28725/aicss-genai_sycl-graph-record-replay/tests /home/jianyuzh/ws/llama.cpp/auto_ci/28725/aicss-genai_sycl-graph-record-replay/build /home/jianyuzh/ws/llama.cpp/auto_ci/28725/aicss-genai_sycl-graph-record-replay/build/tests /home/jianyuzh/ws/llama.cpp/auto_ci/28725/aicss-genai_sycl-graph-record-replay/build/tests/CMakeFiles/test-unicode.dir/DependInfo.cmake "--color=" test-unicode
gmake[2]: Entering directory '/home/jianyuzh/ws/llama.cpp/auto_ci/28725/aicss-genai_sycl-graph-record-replay/build'
cd /home/jianyuzh/ws/llama.cpp/auto_ci/28725/aicss-genai_sycl-graph-record-replay/build && /usr/bin/cmake -E cmake_depends "Unix Makefiles" /home/jianyuzh/ws/llama.cpp/auto_ci/28725/aicss-genai_sycl-graph-record-replay /home/jianyuzh/ws/llama.cpp/auto_ci/28725/aicss-genai_sycl-graph-record-replay/tests /home/jianyuzh/ws/llama.cpp/auto_ci/28725/aicss-genai_sycl-graph-record-replay/build /home/jianyuzh/ws/llama.cpp/auto_ci/28725/aicss-genai_sycl-graph-record-replay/build/tests /home/jianyuzh/ws/llama.cpp/auto_ci/28725/aicss-genai_sycl-graph-record-replay/build/tests/CMakeFiles/test-grammar-parser.dir/DependInfo.cmake "--color=" test-grammar-parser
/usr/bin/gmake  -f tools/server/CMakeFiles/server-context.dir/build.make tools/server/CMakeFiles/server-context.dir/depend
gmake[2]: Entering directory '/home/jianyuzh/ws/llama.cpp/auto_ci/28725/aicss-genai_sycl-graph-record-replay/build'
cd /home/jianyuzh/ws/llama.cpp/auto_ci/28725/aicss-genai_sycl-graph-record-replay/build && /usr/bin/cmake -E cmake_depends "Unix Makefiles" /home/jianyuzh/ws/llama.cpp/auto_ci/28725/aicss-genai_sycl-graph-record-replay /home/jianyuzh/ws/llama.cpp/auto_ci/28725/aicss-genai_sycl-graph-record-replay/tests /home/jianyuzh/ws/llama.cpp/auto_ci/28725/aicss-genai_sycl-graph-record-replay/build /home/jianyuzh/ws/llama.cpp/auto_ci/28725/aicss-genai_sycl-graph-record-replay/build/tests /home/jianyuzh/ws/llama.cpp/auto_ci/28725/aicss-genai_sycl-graph-record-replay/build/tests/CMakeFiles/test-sampling.dir/DependInfo.cmake "--color=" test-sampling
/usr/bin/gmake  -f tests/CMakeFiles/test-json-schema-to-grammar.dir/build.make tests/CMakeFiles/test-json-schema-to-grammar.dir/depend
gmake[2]: Entering directory '/home/jianyuzh/ws/llama.cpp/auto_ci/28725/aicss-genai_sycl-graph-record-replay/build'
cd /home/jianyuzh/ws/llama.cpp/auto_ci/28725/aicss-genai_sycl-graph-record-replay/build && /usr/bin/cmake -E cmake_depends "Unix Makefiles" /home/jianyuzh/ws/llama.cpp/auto_ci/28725/aicss-genai_sycl-graph-record-replay /home/jianyuzh/ws/llama.cpp/auto_ci/28725/aicss-genai_sycl-graph-record-replay/tests /home/jianyuzh/ws/llama.cpp/auto_ci/28725/aicss-genai_sycl-graph-record-replay/build /home/jianyuzh/ws/llama.cpp/auto_ci/28725/aicss-genai_sycl-graph-record-replay/build/tests /home/jianyuzh/ws/llama.cpp/auto_ci/28725/aicss-genai_sycl-graph-record-replay/build/tests/CMakeFiles/test-grammar-integration.dir/DependInfo.cmake "--color=" test-grammar-integration
gmake[2]: Entering directory '/home/jianyuzh/ws/llama.cpp/auto_ci/28725/aicss-genai_sycl-graph-record-replay/build'
cd /home/jianyuzh/ws/llama.cpp/auto_ci/28725/aicss-genai_sycl-graph-record-replay/build && /usr/bin/cmake -E cmake_depends "Unix Makefiles" /home/jianyuzh/ws/llama.cpp/auto_ci/28725/aicss-genai_sycl-graph-record-replay /home/jianyuzh/ws/llama.cpp/auto_ci/28725/aicss-genai_sycl-graph-record-replay/tests /home/jianyuzh/ws/llama.cpp/auto_ci/28725/aicss-genai_sycl-graph-record-replay/build /home/jianyuzh/ws/llama.cpp/auto_ci/28725/aicss-genai_sycl-graph-record-replay/build/tests /home/jianyuzh/ws/llama.cpp/auto_ci/28725/aicss-genai_sycl-graph-record-replay/build/tests/CMakeFiles/test-llama-grammar.dir/DependInfo.cmake "--color=" test-llama-grammar
/usr/bin/gmake  -f tests/CMakeFiles/test-quantize-stats.dir/build.make tests/CMakeFiles/test-quantize-stats.dir/depend
/usr/bin/gmake  -f tests/CMakeFiles/test-gbnf-validator.dir/build.make tests/CMakeFiles/test-gbnf-validator.dir/depend
gmake[2]: Entering directory '/home/jianyuzh/ws/llama.cpp/auto_ci/28725/aicss-genai_sycl-graph-record-replay/build'
cd /home/jianyuzh/ws/llama.cpp/auto_ci/28725/aicss-genai_sycl-graph-record-replay/build && /usr/bin/cmake -E cmake_depends "Unix Makefiles" /home/jianyuzh/ws/llama.cpp/auto_ci/28725/aicss-genai_sycl-graph-record-replay /home/jianyuzh/ws/llama.cpp/auto_ci/28725/aicss-genai_sycl-graph-record-replay/tests /home/jianyuzh/ws/llama.cpp/auto_ci/28725/aicss-genai_sycl-graph-record-replay/build /home/jianyuzh/ws/llama.cpp/auto_ci/28725/aicss-genai_sycl-graph-record-replay/build/tests /home/jianyuzh/ws/llama.cpp/auto_ci/28725/aicss-genai_sycl-graph-record-replay/build/tests/CMakeFiles/test-batch-alloc.dir/DependInfo.cmake "--color=" test-batch-alloc
/usr/bin/gmake  -f tests/CMakeFiles/test-tokenizer-1-bpe.dir/build.make tests/CMakeFiles/test-tokenizer-1-bpe.dir/depend
/usr/bin/gmake  -f tests/CMakeFiles/test-tokenizer-1-spm.dir/build.make tests/CMakeFiles/test-tokenizer-1-spm.dir/depend
gmake[2]: Entering directory '/home/jianyuzh/ws/llama.cpp/auto_ci/28725/aicss-genai_sycl-graph-record-replay/build'
cd /home/jianyuzh/ws/llama.cpp/auto_ci/28725/aicss-genai_sycl-graph-record-replay/build && /usr/bin/cmake -E cmake_depends "Unix Makefiles" /home/jianyuzh/ws/llama.cpp/auto_ci/28725/aicss-genai_sycl-graph-record-replay /home/jianyuzh/ws/llama.cpp/auto_ci/28725/aicss-genai_sycl-graph-record-replay/tools/server /home/jianyuzh/ws/llama.cpp/auto_ci/28725/aicss-genai_sycl-graph-record-replay/build /home/jianyuzh/ws/llama.cpp/auto_ci/28725/aicss-genai_sycl-graph-record-replay/build/tools/server /home/jianyuzh/ws/llama.cpp/auto_ci/28725/aicss-genai_sycl-graph-record-replay/build/tools/server/CMakeFiles/server-context.dir/DependInfo.cmake "--color=" server-context
gmake[2]: Entering directory '/home/jianyuzh/ws/llama.cpp/auto_ci/28725/aicss-genai_sycl-graph-record-replay/build'
cd /home/jianyuzh/ws/llama.cpp/auto_ci/28725/aicss-genai_sycl-graph-record-replay/build && /usr/bin/cmake -E cmake_depends "Unix Makefiles" /home/jianyuzh/ws/llama.cpp/auto_ci/28725/aicss-genai_sycl-graph-record-replay /home/jianyuzh/ws/llama.cpp/auto_ci/28725/aicss-genai_sycl-graph-record-replay/tests /home/jianyuzh/ws/llama.cpp/auto_ci/28725/aicss-genai_sycl-graph-record-replay/build /home/jianyuzh/ws/llama.cpp/auto_ci/28725/aicss-genai_sycl-graph-record-replay/build/tests /home/jianyuzh/ws/llama.cpp/auto_ci/28725/aicss-genai_sycl-graph-record-replay/build/tests/CMakeFiles/test-quantize-stats.dir/DependInfo.cmake "--color=" test-quantize-stats
gmake[2]: Entering directory '/home/jianyuzh/ws/llama.cpp/auto_ci/28725/aicss-genai_sycl-graph-record-replay/build'
cd /home/jianyuzh/ws/llama.cpp/auto_ci/28725/aicss-genai_sycl-graph-record-replay/build && /usr/bin/cmake -E cmake_depends "Unix Makefiles" /home/jianyuzh/ws/llama.cpp/auto_ci/28725/aicss-genai_sycl-graph-record-replay /home/jianyuzh/ws/llama.cpp/auto_ci/28725/aicss-genai_sycl-graph-record-replay/tests /home/jianyuzh/ws/llama.cpp/auto_ci/28725/aicss-genai_sycl-graph-record-replay/build /home/jianyuzh/ws/llama.cpp/auto_ci/28725/aicss-genai_sycl-graph-record-replay/build/tests /home/jianyuzh/ws/llama.cpp/auto_ci/28725/aicss-genai_sycl-graph-record-replay/build/tests/CMakeFiles/test-json-schema-to-grammar.dir/DependInfo.cmake "--color=" test-json-schema-to-grammar
/usr/bin/gmake  -f tests/CMakeFiles/test-llama-archs.dir/build.make tests/CMakeFiles/test-llama-archs.dir/depend
gmake[2]: Entering directory '/home/jianyuzh/ws/llama.cpp/auto_ci/28725/aicss-genai_sycl-graph-record-replay/build'
cd /home/jianyuzh/ws/llama.cpp/auto_ci/28725/aicss-genai_sycl-graph-record-replay/build && /usr/bin/cmake -E cmake_depends "Unix Makefiles" /home/jianyuzh/ws/llama.cpp/auto_ci/28725/aicss-genai_sycl-graph-record-replay /home/jianyuzh/ws/llama.cpp/auto_ci/28725/aicss-genai_sycl-graph-record-replay/tests /home/jianyuzh/ws/llama.cpp/auto_ci/28725/aicss-genai_sycl-graph-record-replay/build /home/jianyuzh/ws/llama.cpp/auto_ci/28725/aicss-genai_sycl-graph-record-replay/build/tests /home/jianyuzh/ws/llama.cpp/auto_ci/28725/aicss-genai_sycl-graph-record-replay/build/tests/CMakeFiles/test-gbnf-validator.dir/DependInfo.cmake "--color=" test-gbnf-validator
/usr/bin/gmake  -f tests/CMakeFiles/test-fusion.dir/build.make tests/CMakeFiles/test-fusion.dir/depend
/usr/bin/gmake  -f tests/CMakeFiles/test-chat-peg-parser.dir/build.make tests/CMakeFiles/test-chat-peg-parser.dir/depend
/usr/bin/gmake  -f tests/CMakeFiles/test-jinja.dir/build.make tests/CMakeFiles/test-jinja.dir/depend
gmake[2]: Entering directory '/home/jianyuzh/ws/llama.cpp/auto_ci/28725/aicss-genai_sycl-graph-record-replay/build'
cd /home/jianyuzh/ws/llama.cpp/auto_ci/28725/aicss-genai_sycl-graph-record-replay/build && /usr/bin/cmake -E cmake_depends "Unix Makefiles" /home/jianyuzh/ws/llama.cpp/auto_ci/28725/aicss-genai_sycl-graph-record-replay /home/jianyuzh/ws/llama.cpp/auto_ci/28725/aicss-genai_sycl-graph-record-replay/tests /home/jianyuzh/ws/llama.cpp/auto_ci/28725/aicss-genai_sycl-graph-record-replay/build /home/jianyuzh/ws/llama.cpp/auto_ci/28725/aicss-genai_sycl-graph-record-replay/build/tests /home/jianyuzh/ws/llama.cpp/auto_ci/28725/aicss-genai_sycl-graph-record-replay/build/tests/CMakeFiles/test-tokenizer-1-bpe.dir/DependInfo.cmake "--color=" test-tokenizer-1-bpe
/usr/bin/gmake  -f tests/CMakeFiles/test-json-schema.dir/build.make tests/CMakeFiles/test-json-schema.dir/depend
gmake[2]: Entering directory '/home/jianyuzh/ws/llama.cpp/auto_ci/28725/aicss-genai_sycl-graph-record-replay/build'
cd /home/jianyuzh/ws/llama.cpp/auto_ci/28725/aicss-genai_sycl-graph-record-replay/build && /usr/bin/cmake -E cmake_depends "Unix Makefiles" /home/jianyuzh/ws/llama.cpp/auto_ci/28725/aicss-genai_sycl-graph-record-replay /home/jianyuzh/ws/llama.cpp/auto_ci/28725/aicss-genai_sycl-graph-record-replay/tests /home/jianyuzh/ws/llama.cpp/auto_ci/28725/aicss-genai_sycl-graph-record-replay/build /home/jianyuzh/ws/llama.cpp/auto_ci/28725/aicss-genai_sycl-graph-record-replay/build/tests /home/jianyuzh/ws/llama.cpp/auto_ci/28725/aicss-genai_sycl-graph-record-replay/build/tests/CMakeFiles/test-tokenizer-1-spm.dir/DependInfo.cmake "--color=" test-tokenizer-1-spm
/usr/bin/gmake  -f tests/CMakeFiles/test-chat-auto-parser.dir/build.make tests/CMakeFiles/test-chat-auto-parser.dir/depend
/usr/bin/gmake  -f tests/CMakeFiles/test-chat-template.dir/build.make tests/CMakeFiles/test-chat-template.dir/depend
gmake[2]: Entering directory '/home/jianyuzh/ws/llama.cpp/auto_ci/28725/aicss-genai_sycl-graph-record-replay/build'
cd /home/jianyuzh/ws/llama.cpp/auto_ci/28725/aicss-genai_sycl-graph-record-replay/build && /usr/bin/cmake -E cmake_depends "Unix Makefiles" /home/jianyuzh/ws/llama.cpp/auto_ci/28725/aicss-genai_sycl-graph-record-replay /home/jianyuzh/ws/llama.cpp/auto_ci/28725/aicss-genai_sycl-graph-record-replay/tests /home/jianyuzh/ws/llama.cpp/auto_ci/28725/aicss-genai_sycl-graph-record-replay/build /home/jianyuzh/ws/llama.cpp/auto_ci/28725/aicss-genai_sycl-graph-record-replay/build/tests /home/jianyuzh/ws/llama.cpp/auto_ci/28725/aicss-genai_sycl-graph-record-replay/build/tests/CMakeFiles/test-chat-peg-parser.dir/DependInfo.cmake "--color=" test-chat-peg-parser
gmake[2]: Entering directory '/home/jianyuzh/ws/llama.cpp/auto_ci/28725/aicss-genai_sycl-graph-record-replay/build'
cd /home/jianyuzh/ws/llama.cpp/auto_ci/28725/aicss-genai_sycl-graph-record-replay/build && /usr/bin/cmake -E cmake_depends "Unix Makefiles" /home/jianyuzh/ws/llama.cpp/auto_ci/28725/aicss-genai_sycl-graph-record-replay /home/jianyuzh/ws/llama.cpp/auto_ci/28725/aicss-genai_sycl-graph-record-replay/tests /home/jianyuzh/ws/llama.cpp/auto_ci/28725/aicss-genai_sycl-graph-record-replay/build /home/jianyuzh/ws/llama.cpp/auto_ci/28725/aicss-genai_sycl-graph-record-replay/build/tests /home/jianyuzh/ws/llama.cpp/auto_ci/28725/aicss-genai_sycl-graph-record-replay/build/tests/CMakeFiles/test-fusion.dir/DependInfo.cmake "--color=" test-fusion
/usr/bin/gmake  -f tests/CMakeFiles/test-chat-analysis.dir/build.make tests/CMakeFiles/test-chat-analysis.dir/depend
/usr/bin/gmake  -f tests/CMakeFiles/test-log.dir/build.make tests/CMakeFiles/test-log.dir/depend
gmake[2]: Entering directory '/home/jianyuzh/ws/llama.cpp/auto_ci/28725/aicss-genai_sycl-graph-record-replay/build'
cd /home/jianyuzh/ws/llama.cpp/auto_ci/28725/aicss-genai_sycl-graph-record-replay/build && /usr/bin/cmake -E cmake_depends "Unix Makefiles" /home/jianyuzh/ws/llama.cpp/auto_ci/28725/aicss-genai_sycl-graph-record-replay /home/jianyuzh/ws/llama.cpp/auto_ci/28725/aicss-genai_sycl-graph-record-replay/tests /home/jianyuzh/ws/llama.cpp/auto_ci/28725/aicss-genai_sycl-graph-record-replay/build /home/jianyuzh/ws/llama.cpp/auto_ci/28725/aicss-genai_sycl-graph-record-replay/build/tests /home/jianyuzh/ws/llama.cpp/auto_ci/28725/aicss-genai_sycl-graph-record-replay/build/tests/CMakeFiles/test-llama-archs.dir/DependInfo.cmake "--color=" test-llama-archs
/usr/bin/gmake  -f tests/CMakeFiles/test-peg-parser.dir/build.make tests/CMakeFiles/test-peg-parser.dir/depend
gmake[2]: Entering directory '/home/jianyuzh/ws/llama.cpp/auto_ci/28725/aicss-genai_sycl-graph-record-replay/build'
cd /home/jianyuzh/ws/llama.cpp/auto_ci/28725/aicss-genai_sycl-graph-record-replay/build && /usr/bin/cmake -E cmake_depends "Unix Makefiles" /home/jianyuzh/ws/llama.cpp/auto_ci/28725/aicss-genai_sycl-graph-record-replay /home/jianyuzh/ws/llama.cpp/auto_ci/28725/aicss-genai_sycl-graph-record-replay/tests /home/jianyuzh/ws/llama.cpp/auto_ci/28725/aicss-genai_sycl-graph-record-replay/build /home/jianyuzh/ws/llama.cpp/auto_ci/28725/aicss-genai_sycl-graph-record-replay/build/tests /home/jianyuzh/ws/llama.cpp/auto_ci/28725/aicss-genai_sycl-graph-record-replay/build/tests/CMakeFiles/test-json-schema.dir/DependInfo.cmake "--color=" test-json-schema
/usr/bin/gmake  -f tests/CMakeFiles/test-thread-safety.dir/build.make tests/CMakeFiles/test-thread-safety.dir/depend
gmake[2]: Entering directory '/home/jianyuzh/ws/llama.cpp/auto_ci/28725/aicss-genai_sycl-graph-record-replay/build'
cd /home/jianyuzh/ws/llama.cpp/auto_ci/28725/aicss-genai_sycl-graph-record-replay/build && /usr/bin/cmake -E cmake_depends "Unix Makefiles" /home/jianyuzh/ws/llama.cpp/auto_ci/28725/aicss-genai_sycl-graph-record-replay /home/jianyuzh/ws/llama.cpp/auto_ci/28725/aicss-genai_sycl-graph-record-replay/tests /home/jianyuzh/ws/llama.cpp/auto_ci/28725/aicss-genai_sycl-graph-record-replay/build /home/jianyuzh/ws/llama.cpp/auto_ci/28725/aicss-genai_sycl-graph-record-replay/build/tests /home/jianyuzh/ws/llama.cpp/auto_ci/28725/aicss-genai_sycl-graph-record-replay/build/tests/CMakeFiles/test-chat-auto-parser.dir/DependInfo.cmake "--color=" test-chat-auto-parser
/usr/bin/gmake  -f tests/CMakeFiles/test-arg-parser.dir/build.make tests/CMakeFiles/test-arg-parser.dir/depend
gmake[2]: Entering directory '/home/jianyuzh/ws/llama.cpp/auto_ci/28725/aicss-genai_sycl-graph-record-replay/build'
cd /home/jianyuzh/ws/llama.cpp/auto_ci/28725/aicss-genai_sycl-graph-record-replay/build && /usr/bin/cmake -E cmake_depends "Unix Makefiles" /home/jianyuzh/ws/llama.cpp/auto_ci/28725/aicss-genai_sycl-graph-record-replay /home/jianyuzh/ws/llama.cpp/auto_ci/28725/aicss-genai_sycl-graph-record-replay/tests /home/jianyuzh/ws/llama.cpp/auto_ci/28725/aicss-genai_sycl-graph-record-replay/build /home/jianyuzh/ws/llama.cpp/auto_ci/28725/aicss-genai_sycl-graph-record-replay/build/tests /home/jianyuzh/ws/llama.cpp/auto_ci/28725/aicss-genai_sycl-graph-record-replay/build/tests/CMakeFiles/test-chat-template.dir/DependInfo.cmake "--color=" test-chat-template
gmake[2]: Entering directory '/home/jianyuzh/ws/llama.cpp/auto_ci/28725/aicss-genai_sycl-graph-record-replay/build'
cd /home/jianyuzh/ws/llama.cpp/auto_ci/28725/aicss-genai_sycl-graph-record-replay/build && /usr/bin/cmake -E cmake_depends "Unix Makefiles" /home/jianyuzh/ws/llama.cpp/auto_ci/28725/aicss-genai_sycl-graph-record-replay /home/jianyuzh/ws/llama.cpp/auto_ci/28725/aicss-genai_sycl-graph-record-replay/tests /home/jianyuzh/ws/llama.cpp/auto_ci/28725/aicss-genai_sycl-graph-record-replay/build /home/jianyuzh/ws/llama.cpp/auto_ci/28725/aicss-genai_sycl-graph-record-replay/build/tests /home/jianyuzh/ws/llama.cpp/auto_ci/28725/aicss-genai_sycl-graph-record-replay/build/tests/CMakeFiles/test-chat-analysis.dir/DependInfo.cmake "--color=" test-chat-analysis
/usr/bin/gmake  -f tests/CMakeFiles/test-model-resolution.dir/build.make tests/CMakeFiles/test-model-resolution.dir/depend
gmake[2]: Entering directory '/home/jianyuzh/ws/llama.cpp/auto_ci/28725/aicss-genai_sycl-graph-record-replay/build'
cd /home/jianyuzh/ws/llama.cpp/auto_ci/28725/aicss-genai_sycl-graph-record-replay/build && /usr/bin/cmake -E cmake_depends "Unix Makefiles" /home/jianyuzh/ws/llama.cpp/auto_ci/28725/aicss-genai_sycl-graph-record-replay /home/jianyuzh/ws/llama.cpp/auto_ci/28725/aicss-genai_sycl-graph-record-replay/tests /home/jianyuzh/ws/llama.cpp/auto_ci/28725/aicss-genai_sycl-graph-record-replay/build /home/jianyuzh/ws/llama.cpp/auto_ci/28725/aicss-genai_sycl-graph-record-replay/build/tests /home/jianyuzh/ws/llama.cpp/auto_ci/28725/aicss-genai_sycl-graph-record-replay/build/tests/CMakeFiles/test-log.dir/DependInfo.cmake "--color=" test-log
/usr/bin/gmake  -f tests/CMakeFiles/test-opt.dir/build.make tests/CMakeFiles/test-opt.dir/depend
gmake[2]: Entering directory '/home/jianyuzh/ws/llama.cpp/auto_ci/28725/aicss-genai_sycl-graph-record-replay/build'
cd /home/jianyuzh/ws/llama.cpp/auto_ci/28725/aicss-genai_sycl-graph-record-replay/build && /usr/bin/cmake -E cmake_depends "Unix Makefiles" /home/jianyuzh/ws/llama.cpp/auto_ci/28725/aicss-genai_sycl-graph-record-replay /home/jianyuzh/ws/llama.cpp/auto_ci/28725/aicss-genai_sycl-graph-record-replay/tests /home/jianyuzh/ws/llama.cpp/auto_ci/28725/aicss-genai_sycl-graph-record-replay/build /home/jianyuzh/ws/llama.cpp/auto_ci/28725/aicss-genai_sycl-graph-record-replay/build/tests /home/jianyuzh/ws/llama.cpp/auto_ci/28725/aicss-genai_sycl-graph-record-replay/build/tests/CMakeFiles/test-jinja.dir/DependInfo.cmake "--color=" test-jinja
/usr/bin/gmake  -f tests/CMakeFiles/test-backend-ops.dir/build.make tests/CMakeFiles/test-backend-ops.dir/depend
/usr/bin/gmake  -f tests/CMakeFiles/test-model-load-cancel.dir/build.make tests/CMakeFiles/test-model-load-cancel.dir/depend
gmake[2]: Entering directory '/home/jianyuzh/ws/llama.cpp/auto_ci/28725/aicss-genai_sycl-graph-record-replay/build'
cd /home/jianyuzh/ws/llama.cpp/auto_ci/28725/aicss-genai_sycl-graph-record-replay/build && /usr/bin/cmake -E cmake_depends "Unix Makefiles" /home/jianyuzh/ws/llama.cpp/auto_ci/28725/aicss-genai_sycl-graph-record-replay /home/jianyuzh/ws/llama.cpp/auto_ci/28725/aicss-genai_sycl-graph-record-replay/tests /home/jianyuzh/ws/llama.cpp/auto_ci/28725/aicss-genai_sycl-graph-record-replay/build /home/jianyuzh/ws/llama.cpp/auto_ci/28725/aicss-genai_sycl-graph-record-replay/build/tests /home/jianyuzh/ws/llama.cpp/auto_ci/28725/aicss-genai_sycl-graph-record-replay/build/tests/CMakeFiles/test-thread-safety.dir/DependInfo.cmake "--color=" test-thread-safety
/usr/bin/gmake  -f tests/CMakeFiles/test-autorelease.dir/build.make tests/CMakeFiles/test-autorelease.dir/depend
gmake[2]: Entering directory '/home/jianyuzh/ws/llama.cpp/auto_ci/28725/aicss-genai_sycl-graph-record-replay/build'
cd /home/jianyuzh/ws/llama.cpp/auto_ci/28725/aicss-genai_sycl-graph-record-replay/build && /usr/bin/cmake -E cmake_depends "Unix Makefiles" /home/jianyuzh/ws/llama.cpp/auto_ci/28725/aicss-genai_sycl-graph-record-replay /home/jianyuzh/ws/llama.cpp/auto_ci/28725/aicss-genai_sycl-graph-record-replay/tests /home/jianyuzh/ws/llama.cpp/auto_ci/28725/aicss-genai_sycl-graph-record-replay/build /home/jianyuzh/ws/llama.cpp/auto_ci/28725/aicss-genai_sycl-graph-record-replay/build/tests /home/jianyuzh/ws/llama.cpp/auto_ci/28725/aicss-genai_sycl-graph-record-replay/build/tests/CMakeFiles/test-arg-parser.dir/DependInfo.cmake "--color=" test-arg-parser
gmake[2]: Leaving directory '/home/jianyuzh/ws/llama.cpp/auto_ci/28725/aicss-genai_sycl-graph-record-replay/build'
/usr/bin/gmake  -f tests/CMakeFiles/test-backend-sampler.dir/build.make tests/CMakeFiles/test-backend-sampler.dir/depend
gmake[2]: Entering directory '/home/jianyuzh/ws/llama.cpp/auto_ci/28725/aicss-genai_sycl-graph-record-replay/build'
cd /home/jianyuzh/ws/llama.cpp/auto_ci/28725/aicss-genai_sycl-graph-record-replay/build && /usr/bin/cmake -E cmake_depends "Unix Makefiles" /home/jianyuzh/ws/llama.cpp/auto_ci/28725/aicss-genai_sycl-graph-record-replay /home/jianyuzh/ws/llama.cpp/auto_ci/28725/aicss-genai_sycl-graph-record-replay/tests /home/jianyuzh/ws/llama.cpp/auto_ci/28725/aicss-genai_sycl-graph-record-replay/build /home/jianyuzh/ws/llama.cpp/auto_ci/28725/aicss-genai_sycl-graph-record-replay/build/tests /home/jianyuzh/ws/llama.cpp/auto_ci/28725/aicss-genai_sycl-graph-record-replay/build/tests/CMakeFiles/test-model-resolution.dir/DependInfo.cmake "--color=" test-model-resolution
/usr/bin/gmake  -f tests/CMakeFiles/test-save-load-state.dir/build.make tests/CMakeFiles/test-save-load-state.dir/build
gmake[2]: Leaving directory '/home/jianyuzh/ws/llama.cpp/auto_ci/28725/aicss-genai_sycl-graph-record-replay/build'
gmake[2]: Entering directory '/home/jianyuzh/ws/llama.cpp/auto_ci/28725/aicss-genai_sycl-graph-record-replay/build'
cd /home/jianyuzh/ws/llama.cpp/auto_ci/28725/aicss-genai_sycl-graph-record-replay/build && /usr/bin/cmake -E cmake_depends "Unix Makefiles" /home/jianyuzh/ws/llama.cpp/auto_ci/28725/aicss-genai_sycl-graph-record-replay /home/jianyuzh/ws/llama.cpp/auto_ci/28725/aicss-genai_sycl-graph-record-replay/tests /home/jianyuzh/ws/llama.cpp/auto_ci/28725/aicss-genai_sycl-graph-record-replay/build /home/jianyuzh/ws/llama.cpp/auto_ci/28725/aicss-genai_sycl-graph-record-replay/build/tests /home/jianyuzh/ws/llama.cpp/auto_ci/28725/aicss-genai_sycl-graph-record-replay/build/tests/CMakeFiles/test-opt.dir/DependInfo.cmake "--color=" test-opt
/usr/bin/gmake  -f tests/CMakeFiles/test-state-restore-fragmented.dir/build.make tests/CMakeFiles/test-state-restore-fragmented.dir/depend
gmake[2]: Entering directory '/home/jianyuzh/ws/llama.cpp/auto_ci/28725/aicss-genai_sycl-graph-record-replay/build'
cd /home/jianyuzh/ws/llama.cpp/auto_ci/28725/aicss-genai_sycl-graph-record-replay/build && /usr/bin/cmake -E cmake_depends "Unix Makefiles" /home/jianyuzh/ws/llama.cpp/auto_ci/28725/aicss-genai_sycl-graph-record-replay /home/jianyuzh/ws/llama.cpp/auto_ci/28725/aicss-genai_sycl-graph-record-replay/tests /home/jianyuzh/ws/llama.cpp/auto_ci/28725/aicss-genai_sycl-graph-record-replay/build /home/jianyuzh/ws/llama.cpp/auto_ci/28725/aicss-genai_sycl-graph-record-replay/build/tests /home/jianyuzh/ws/llama.cpp/auto_ci/28725/aicss-genai_sycl-graph-record-replay/build/tests/CMakeFiles/test-backend-ops.dir/DependInfo.cmake "--color=" test-backend-ops
/usr/bin/gmake  -f tests/CMakeFiles/test-recurrent-state-rollback.dir/build.make tests/CMakeFiles/test-recurrent-state-rollback.dir/build
gmake[2]: Entering directory '/home/jianyuzh/ws/llama.cpp/auto_ci/28725/aicss-genai_sycl-graph-record-replay/build'
cd /home/jianyuzh/ws/llama.cpp/auto_ci/28725/aicss-genai_sycl-graph-record-replay/build && /usr/bin/cmake -E cmake_depends "Unix Makefiles" /home/jianyuzh/ws/llama.cpp/auto_ci/28725/aicss-genai_sycl-graph-record-replay /home/jianyuzh/ws/llama.cpp/auto_ci/28725/aicss-genai_sycl-graph-record-replay/tests /home/jianyuzh/ws/llama.cpp/auto_ci/28725/aicss-genai_sycl-graph-record-replay/build /home/jianyuzh/ws/llama.cpp/auto_ci/28725/aicss-genai_sycl-graph-record-replay/build/tests /home/jianyuzh/ws/llama.cpp/auto_ci/28725/aicss-genai_sycl-graph-record-replay/build/tests/CMakeFiles/test-model-load-cancel.dir/DependInfo.cmake "--color=" test-model-load-cancel
/usr/bin/gmake  -f tests/CMakeFiles/test-barrier.dir/build.make tests/CMakeFiles/test-barrier.dir/depend
gmake[2]: Entering directory '/home/jianyuzh/ws/llama.cpp/auto_ci/28725/aicss-genai_sycl-graph-record-replay/build'
cd /home/jianyuzh/ws/llama.cpp/auto_ci/28725/aicss-genai_sycl-graph-record-replay/build && /usr/bin/cmake -E cmake_depends "Unix Makefiles" /home/jianyuzh/ws/llama.cpp/auto_ci/28725/aicss-genai_sycl-graph-record-replay /home/jianyuzh/ws/llama.cpp/auto_ci/28725/aicss-genai_sycl-graph-record-replay/tests /home/jianyuzh/ws/llama.cpp/auto_ci/28725/aicss-genai_sycl-graph-record-replay/build /home/jianyuzh/ws/llama.cpp/auto_ci/28725/aicss-genai_sycl-graph-record-replay/build/tests /home/jianyuzh/ws/llama.cpp/auto_ci/28725/aicss-genai_sycl-graph-record-replay/build/tests/CMakeFiles/test-autorelease.dir/DependInfo.cmake "--color=" test-autorelease
gmake[2]: Entering directory '/home/jianyuzh/ws/llama.cpp/auto_ci/28725/aicss-genai_sycl-graph-record-replay/build'
cd /home/jianyuzh/ws/llama.cpp/auto_ci/28725/aicss-genai_sycl-graph-record-replay/build && /usr/bin/cmake -E cmake_depends "Unix Makefiles" /home/jianyuzh/ws/llama.cpp/auto_ci/28725/aicss-genai_sycl-graph-record-replay /home/jianyuzh/ws/llama.cpp/auto_ci/28725/aicss-genai_sycl-graph-record-replay/tests /home/jianyuzh/ws/llama.cpp/auto_ci/28725/aicss-genai_sycl-graph-record-replay/build /home/jianyuzh/ws/llama.cpp/auto_ci/28725/aicss-genai_sycl-graph-record-replay/build/tests /home/jianyuzh/ws/llama.cpp/auto_ci/28725/aicss-genai_sycl-graph-record-replay/build/tests/CMakeFiles/test-peg-parser.dir/DependInfo.cmake "--color=" test-peg-parser
gmake[2]: Leaving directory '/home/jianyuzh/ws/llama.cpp/auto_ci/28725/aicss-genai_sycl-graph-record-replay/build'
gmake[2]: Entering directory '/home/jianyuzh/ws/llama.cpp/auto_ci/28725/aicss-genai_sycl-graph-record-replay/build'
cd /home/jianyuzh/ws/llama.cpp/auto_ci/28725/aicss-genai_sycl-graph-record-replay/build && /usr/bin/cmake -E cmake_depends "Unix Makefiles" /home/jianyuzh/ws/llama.cpp/auto_ci/28725/aicss-genai_sycl-graph-record-replay /home/jianyuzh/ws/llama.cpp/auto_ci/28725/aicss-genai_sycl-graph-record-replay/tests /home/jianyuzh/ws/llama.cpp/auto_ci/28725/aicss-genai_sycl-graph-record-replay/build /home/jianyuzh/ws/llama.cpp/auto_ci/28725/aicss-genai_sycl-graph-record-replay/build/tests /home/jianyuzh/ws/llama.cpp/auto_ci/28725/aicss-genai_sycl-graph-record-replay/build/tests/CMakeFiles/test-backend-sampler.dir/DependInfo.cmake "--color=" test-backend-sampler
/usr/bin/gmake  -f tests/CMakeFiles/test-quantize-fns.dir/build.make tests/CMakeFiles/test-quantize-fns.dir/depend
gmake[2]: Entering directory '/home/jianyuzh/ws/llama.cpp/auto_ci/28725/aicss-genai_sycl-graph-record-replay/build'
gmake[2]: Leaving directory '/home/jianyuzh/ws/llama.cpp/auto_ci/28725/aicss-genai_sycl-graph-record-replay/build'
/usr/bin/gmake  -f tests/CMakeFiles/test-reasoning-budget.dir/build.make tests/CMakeFiles/test-reasoning-budget.dir/build
gmake[2]: Entering directory '/home/jianyuzh/ws/llama.cpp/auto_ci/28725/aicss-genai_sycl-graph-record-replay/build'
cd /home/jianyuzh/ws/llama.cpp/auto_ci/28725/aicss-genai_sycl-graph-record-replay/build && /usr/bin/cmake -E cmake_depends "Unix Makefiles" /home/jianyuzh/ws/llama.cpp/auto_ci/28725/aicss-genai_sycl-graph-record-replay /home/jianyuzh/ws/llama.cpp/auto_ci/28725/aicss-genai_sycl-graph-record-replay/tests /home/jianyuzh/ws/llama.cpp/auto_ci/28725/aicss-genai_sycl-graph-record-replay/build /home/jianyuzh/ws/llama.cpp/auto_ci/28725/aicss-genai_sycl-graph-record-replay/build/tests /home/jianyuzh/ws/llama.cpp/auto_ci/28725/aicss-genai_sycl-graph-record-replay/build/tests/CMakeFiles/test-state-restore-fragmented.dir/DependInfo.cmake "--color=" test-state-restore-fragmented
/usr/bin/gmake  -f tests/CMakeFiles/test-tokenizer-0.dir/build.make tests/CMakeFiles/test-tokenizer-0.dir/build
gmake[2]: Entering directory '/home/jianyuzh/ws/llama.cpp/auto_ci/28725/aicss-genai_sycl-graph-record-replay/build'
/usr/bin/gmake  -f tests/CMakeFiles/test-quantize-perf.dir/build.make tests/CMakeFiles/test-quantize-perf.dir/depend
/usr/bin/gmake  -f tests/CMakeFiles/test-rope.dir/build.make tests/CMakeFiles/test-rope.dir/depend
/usr/bin/gmake  -f tests/CMakeFiles/test-col2im-1d.dir/build.make tests/CMakeFiles/test-col2im-1d.dir/depend
gmake[2]: Entering directory '/home/jianyuzh/ws/llama.cpp/auto_ci/28725/aicss-genai_sycl-graph-record-replay/build'
cd /home/jianyuzh/ws/llama.cpp/auto_ci/28725/aicss-genai_sycl-graph-record-replay/build && /usr/bin/cmake -E cmake_depends "Unix Makefiles" /home/jianyuzh/ws/llama.cpp/auto_ci/28725/aicss-genai_sycl-graph-record-replay /home/jianyuzh/ws/llama.cpp/auto_ci/28725/aicss-genai_sycl-graph-record-replay/tests /home/jianyuzh/ws/llama.cpp/auto_ci/28725/aicss-genai_sycl-graph-record-replay/build /home/jianyuzh/ws/llama.cpp/auto_ci/28725/aicss-genai_sycl-graph-record-replay/build/tests /home/jianyuzh/ws/llama.cpp/auto_ci/28725/aicss-genai_sycl-graph-record-replay/build/tests/CMakeFiles/test-barrier.dir/DependInfo.cmake "--color=" test-barrier
/usr/bin/gmake  -f tests/CMakeFiles/test-mtmd-c-api.dir/build.make tests/CMakeFiles/test-mtmd-c-api.dir/depend
gmake[2]: Entering directory '/home/jianyuzh/ws/llama.cpp/auto_ci/28725/aicss-genai_sycl-graph-record-replay/build'
/usr/bin/gmake  -f tests/CMakeFiles/test-mtmd-impl.dir/build.make tests/CMakeFiles/test-mtmd-impl.dir/depend
gmake[2]: Entering directory '/home/jianyuzh/ws/llama.cpp/auto_ci/28725/aicss-genai_sycl-graph-record-replay/build'
/usr/bin/gmake  -f tests/CMakeFiles/test-gguf.dir/build.make tests/CMakeFiles/test-gguf.dir/depend
gmake[2]: Entering directory '/home/jianyuzh/ws/llama.cpp/auto_ci/28725/aicss-genai_sycl-graph-record-replay/build'
cd /home/jianyuzh/ws/llama.cpp/auto_ci/28725/aicss-genai_sycl-graph-record-replay/build && /usr/bin/cmake -E cmake_depends "Unix Makefiles" /home/jianyuzh/ws/llama.cpp/auto_ci/28725/aicss-genai_sycl-graph-record-replay /home/jianyuzh/ws/llama.cpp/auto_ci/28725/aicss-genai_sycl-graph-record-replay/tests /home/jianyuzh/ws/llama.cpp/auto_ci/28725/aicss-genai_sycl-graph-record-replay/build /home/jianyuzh/ws/llama.cpp/auto_ci/28725/aicss-genai_sycl-graph-record-replay/build/tests /home/jianyuzh/ws/llama.cpp/auto_ci/28725/aicss-genai_sycl-graph-record-replay/build/tests/CMakeFiles/test-quantize-perf.dir/DependInfo.cmake "--color=" test-quantize-perf
/usr/bin/gmake  -f tests/CMakeFiles/test-alloc.dir/build.make tests/CMakeFiles/test-alloc.dir/depend
gmake[2]: Entering directory '/home/jianyuzh/ws/llama.cpp/auto_ci/28725/aicss-genai_sycl-graph-record-replay/build'
cd /home/jianyuzh/ws/llama.cpp/auto_ci/28725/aicss-genai_sycl-graph-record-replay/build && /usr/bin/cmake -E cmake_depends "Unix Makefiles" /home/jianyuzh/ws/llama.cpp/auto_ci/28725/aicss-genai_sycl-graph-record-replay /home/jianyuzh/ws/llama.cpp/auto_ci/28725/aicss-genai_sycl-graph-record-replay/tests /home/jianyuzh/ws/llama.cpp/auto_ci/28725/aicss-genai_sycl-graph-record-replay/build /home/jianyuzh/ws/llama.cpp/auto_ci/28725/aicss-genai_sycl-graph-record-replay/build/tests /home/jianyuzh/ws/llama.cpp/auto_ci/28725/aicss-genai_sycl-graph-record-replay/build/tests/CMakeFiles/test-rope.dir/DependInfo.cmake "--color=" test-rope
/usr/bin/gmake  -f tests/CMakeFiles/test-export-graph-ops.dir/build.make tests/CMakeFiles/test-export-graph-ops.dir/depend
gmake[2]: Entering directory '/home/jianyuzh/ws/llama.cpp/auto_ci/28725/aicss-genai_sycl-graph-record-replay/build'
cd /home/jianyuzh/ws/llama.cpp/auto_ci/28725/aicss-genai_sycl-graph-record-replay/build && /usr/bin/cmake -E cmake_depends "Unix Makefiles" /home/jianyuzh/ws/llama.cpp/auto_ci/28725/aicss-genai_sycl-graph-record-replay /home/jianyuzh/ws/llama.cpp/auto_ci/28725/aicss-genai_sycl-graph-record-replay/tests /home/jianyuzh/ws/llama.cpp/auto_ci/28725/aicss-genai_sycl-graph-record-replay/build /home/jianyuzh/ws/llama.cpp/auto_ci/28725/aicss-genai_sycl-graph-record-replay/build/tests /home/jianyuzh/ws/llama.cpp/auto_ci/28725/aicss-genai_sycl-graph-record-replay/build/tests/CMakeFiles/test-col2im-1d.dir/DependInfo.cmake "--color=" test-col2im-1d
/usr/bin/gmake  -f examples/batched/CMakeFiles/llama-batched.dir/build.make examples/batched/CMakeFiles/llama-batched.dir/depend
gmake[2]: Entering directory '/home/jianyuzh/ws/llama.cpp/auto_ci/28725/aicss-genai_sycl-graph-record-replay/build'
cd /home/jianyuzh/ws/llama.cpp/auto_ci/28725/aicss-genai_sycl-graph-record-replay/build && /usr/bin/cmake -E cmake_depends "Unix Makefiles" /home/jianyuzh/ws/llama.cpp/auto_ci/28725/aicss-genai_sycl-graph-record-replay /home/jianyuzh/ws/llama.cpp/auto_ci/28725/aicss-genai_sycl-graph-record-replay/tests /home/jianyuzh/ws/llama.cpp/auto_ci/28725/aicss-genai_sycl-graph-record-replay/build /home/jianyuzh/ws/llama.cpp/auto_ci/28725/aicss-genai_sycl-graph-record-replay/build/tests /home/jianyuzh/ws/llama.cpp/auto_ci/28725/aicss-genai_sycl-graph-record-replay/build/tests/CMakeFiles/test-quantize-fns.dir/DependInfo.cmake "--color=" test-quantize-fns
gmake[2]: Entering directory '/home/jianyuzh/ws/llama.cpp/auto_ci/28725/aicss-genai_sycl-graph-record-replay/build'
cd /home/jianyuzh/ws/llama.cpp/auto_ci/28725/aicss-genai_sycl-graph-record-replay/build && /usr/bin/cmake -E cmake_depends "Unix Makefiles" /home/jianyuzh/ws/llama.cpp/auto_ci/28725/aicss-genai_sycl-graph-record-replay /home/jianyuzh/ws/llama.cpp/auto_ci/28725/aicss-genai_sycl-graph-record-replay/tests /home/jianyuzh/ws/llama.cpp/auto_ci/28725/aicss-genai_sycl-graph-record-replay/build /home/jianyuzh/ws/llama.cpp/auto_ci/28725/aicss-genai_sycl-graph-record-replay/build/tests /home/jianyuzh/ws/llama.cpp/auto_ci/28725/aicss-genai_sycl-graph-record-replay/build/tests/CMakeFiles/test-mtmd-c-api.dir/DependInfo.cmake "--color=" test-mtmd-c-api
/usr/bin/gmake  -f examples/debug/CMakeFiles/llama-debug.dir/build.make examples/debug/CMakeFiles/llama-debug.dir/depend
gmake[2]: Entering directory '/home/jianyuzh/ws/llama.cpp/auto_ci/28725/aicss-genai_sycl-graph-record-replay/build'
cd /home/jianyuzh/ws/llama.cpp/auto_ci/28725/aicss-genai_sycl-graph-record-replay/build && /usr/bin/cmake -E cmake_depends "Unix Makefiles" /home/jianyuzh/ws/llama.cpp/auto_ci/28725/aicss-genai_sycl-graph-record-replay /home/jianyuzh/ws/llama.cpp/auto_ci/28725/aicss-genai_sycl-graph-record-replay/tests /home/jianyuzh/ws/llama.cpp/auto_ci/28725/aicss-genai_sycl-graph-record-replay/build /home/jianyuzh/ws/llama.cpp/auto_ci/28725/aicss-genai_sycl-graph-record-replay/build/tests /home/jianyuzh/ws/llama.cpp/auto_ci/28725/aicss-genai_sycl-graph-record-replay/build/tests/CMakeFiles/test-mtmd-impl.dir/DependInfo.cmake "--color=" test-mtmd-impl
gmake[2]: Leaving directory '/home/jianyuzh/ws/llama.cpp/auto_ci/28725/aicss-genai_sycl-graph-record-replay/build'
gmake[2]: Entering directory '/home/jianyuzh/ws/llama.cpp/auto_ci/28725/aicss-genai_sycl-graph-record-replay/build'
/usr/bin/gmake  -f examples/embedding/CMakeFiles/llama-embedding.dir/build.make examples/embedding/CMakeFiles/llama-embedding.dir/depend
cd /home/jianyuzh/ws/llama.cpp/auto_ci/28725/aicss-genai_sycl-graph-record-replay/build && /usr/bin/cmake -E cmake_depends "Unix Makefiles" /home/jianyuzh/ws/llama.cpp/auto_ci/28725/aicss-genai_sycl-graph-record-replay /home/jianyuzh/ws/llama.cpp/auto_ci/28725/aicss-genai_sycl-graph-record-replay/tests /home/jianyuzh/ws/llama.cpp/auto_ci/28725/aicss-genai_sycl-graph-record-replay/build /home/jianyuzh/ws/llama.cpp/auto_ci/28725/aicss-genai_sycl-graph-record-replay/build/tests /home/jianyuzh/ws/llama.cpp/auto_ci/28725/aicss-genai_sycl-graph-record-replay/build/tests/CMakeFiles/test-gguf.dir/DependInfo.cmake "--color=" test-gguf
gmake[2]: Entering directory '/home/jianyuzh/ws/llama.cpp/auto_ci/28725/aicss-genai_sycl-graph-record-replay/build'
cd /home/jianyuzh/ws/llama.cpp/auto_ci/28725/aicss-genai_sycl-graph-record-replay/build && /usr/bin/cmake -E cmake_depends "Unix Makefiles" /home/jianyuzh/ws/llama.cpp/auto_ci/28725/aicss-genai_sycl-graph-record-replay /home/jianyuzh/ws/llama.cpp/auto_ci/28725/aicss-genai_sycl-graph-record-replay/tests /home/jianyuzh/ws/llama.cpp/auto_ci/28725/aicss-genai_sycl-graph-record-replay/build /home/jianyuzh/ws/llama.cpp/auto_ci/28725/aicss-genai_sycl-graph-record-replay/build/tests /home/jianyuzh/ws/llama.cpp/auto_ci/28725/aicss-genai_sycl-graph-record-replay/build/tests/CMakeFiles/test-alloc.dir/DependInfo.cmake "--color=" test-alloc
gmake[2]: Leaving directory '/home/jianyuzh/ws/llama.cpp/auto_ci/28725/aicss-genai_sycl-graph-record-replay/build'
/usr/bin/gmake  -f tests/CMakeFiles/test-grammar-integration.dir/build.make tests/CMakeFiles/test-grammar-integration.dir/build
gmake[2]: Leaving directory '/home/jianyuzh/ws/llama.cpp/auto_ci/28725/aicss-genai_sycl-graph-record-replay/build'
gmake[2]: Leaving directory '/home/jianyuzh/ws/llama.cpp/auto_ci/28725/aicss-genai_sycl-graph-record-replay/build'
gmake[2]: Leaving directory '/home/jianyuzh/ws/llama.cpp/auto_ci/28725/aicss-genai_sycl-graph-record-replay/build'
/usr/bin/gmake  -f tests/CMakeFiles/test-grammar-parser.dir/build.make tests/CMakeFiles/test-grammar-parser.dir/build
gmake[2]: Entering directory '/home/jianyuzh/ws/llama.cpp/auto_ci/28725/aicss-genai_sycl-graph-record-replay/build'
cd /home/jianyuzh/ws/llama.cpp/auto_ci/28725/aicss-genai_sycl-graph-record-replay/build && /usr/bin/cmake -E cmake_depends "Unix Makefiles" /home/jianyuzh/ws/llama.cpp/auto_ci/28725/aicss-genai_sycl-graph-record-replay /home/jianyuzh/ws/llama.cpp/auto_ci/28725/aicss-genai_sycl-graph-record-replay/tests /home/jianyuzh/ws/llama.cpp/auto_ci/28725/aicss-genai_sycl-graph-record-replay/build /home/jianyuzh/ws/llama.cpp/auto_ci/28725/aicss-genai_sycl-graph-record-replay/build/tests /home/jianyuzh/ws/llama.cpp/auto_ci/28725/aicss-genai_sycl-graph-record-replay/build/tests/CMakeFiles/test-export-graph-ops.dir/DependInfo.cmake "--color=" test-export-graph-ops
gmake[2]: Entering directory '/home/jianyuzh/ws/llama.cpp/auto_ci/28725/aicss-genai_sycl-graph-record-replay/build'
cd /home/jianyuzh/ws/llama.cpp/auto_ci/28725/aicss-genai_sycl-graph-record-replay/build && /usr/bin/cmake -E cmake_depends "Unix Makefiles" /home/jianyuzh/ws/llama.cpp/auto_ci/28725/aicss-genai_sycl-graph-record-replay /home/jianyuzh/ws/llama.cpp/auto_ci/28725/aicss-genai_sycl-graph-record-replay/examples/batched /home/jianyuzh/ws/llama.cpp/auto_ci/28725/aicss-genai_sycl-graph-record-replay/build /home/jianyuzh/ws/llama.cpp/auto_ci/28725/aicss-genai_sycl-graph-record-replay/build/examples/batched /home/jianyuzh/ws/llama.cpp/auto_ci/28725/aicss-genai_sycl-graph-record-replay/build/examples/batched/CMakeFiles/llama-batched.dir/DependInfo.cmake "--color=" llama-batched
/usr/bin/gmake  -f tests/CMakeFiles/test-unicode.dir/build.make tests/CMakeFiles/test-unicode.dir/build
gmake[2]: Entering directory '/home/jianyuzh/ws/llama.cpp/auto_ci/28725/aicss-genai_sycl-graph-record-replay/build'
cd /home/jianyuzh/ws/llama.cpp/auto_ci/28725/aicss-genai_sycl-graph-record-replay/build && /usr/bin/cmake -E cmake_depends "Unix Makefiles" /home/jianyuzh/ws/llama.cpp/auto_ci/28725/aicss-genai_sycl-graph-record-replay /home/jianyuzh/ws/llama.cpp/auto_ci/28725/aicss-genai_sycl-graph-record-replay/examples/debug /home/jianyuzh/ws/llama.cpp/auto_ci/28725/aicss-genai_sycl-graph-record-replay/build /home/jianyuzh/ws/llama.cpp/auto_ci/28725/aicss-genai_sycl-graph-record-replay/build/examples/debug /home/jianyuzh/ws/llama.cpp/auto_ci/28725/aicss-genai_sycl-graph-record-replay/build/examples/debug/CMakeFiles/llama-debug.dir/DependInfo.cmake "--color=" llama-debug
/usr/bin/gmake  -f tests/CMakeFiles/test-sampling.dir/build.make tests/CMakeFiles/test-sampling.dir/build
/usr/bin/gmake  -f tests/CMakeFiles/test-llama-grammar.dir/build.make tests/CMakeFiles/test-llama-grammar.dir/build
gmake[2]: Entering directory '/home/jianyuzh/ws/llama.cpp/auto_ci/28725/aicss-genai_sycl-graph-record-replay/build'
cd /home/jianyuzh/ws/llama.cpp/auto_ci/28725/aicss-genai_sycl-graph-record-replay/build && /usr/bin/cmake -E cmake_depends "Unix Makefiles" /home/jianyuzh/ws/llama.cpp/auto_ci/28725/aicss-genai_sycl-graph-record-replay /home/jianyuzh/ws/llama.cpp/auto_ci/28725/aicss-genai_sycl-graph-record-replay/examples/embedding /home/jianyuzh/ws/llama.cpp/auto_ci/28725/aicss-genai_sycl-graph-record-replay/build /home/jianyuzh/ws/llama.cpp/auto_ci/28725/aicss-genai_sycl-graph-record-replay/build/examples/embedding /home/jianyuzh/ws/llama.cpp/auto_ci/28725/aicss-genai_sycl-graph-record-replay/build/examples/embedding/CMakeFiles/llama-embedding.dir/DependInfo.cmake "--color=" llama-embedding
gmake[2]: Entering directory '/home/jianyuzh/ws/llama.cpp/auto_ci/28725/aicss-genai_sycl-graph-record-replay/build'
gmake[2]: Leaving directory '/home/jianyuzh/ws/llama.cpp/auto_ci/28725/aicss-genai_sycl-graph-record-replay/build'
gmake[2]: Entering directory '/home/jianyuzh/ws/llama.cpp/auto_ci/28725/aicss-genai_sycl-graph-record-replay/build'
/usr/bin/gmake  -f tests/CMakeFiles/test-quantize-stats.dir/build.make tests/CMakeFiles/test-quantize-stats.dir/build
gmake[2]: Entering directory '/home/jianyuzh/ws/llama.cpp/auto_ci/28725/aicss-genai_sycl-graph-record-replay/build'
gmake[2]: Entering directory '/home/jianyuzh/ws/llama.cpp/auto_ci/28725/aicss-genai_sycl-graph-record-replay/build'
gmake[2]: Leaving directory '/home/jianyuzh/ws/llama.cpp/auto_ci/28725/aicss-genai_sycl-graph-record-replay/build'
gmake[2]: Entering directory '/home/jianyuzh/ws/llama.cpp/auto_ci/28725/aicss-genai_sycl-graph-record-replay/build'
/usr/bin/gmake  -f tests/CMakeFiles/test-json-schema-to-grammar.dir/build.make tests/CMakeFiles/test-json-schema-to-grammar.dir/build
gmake[2]: Leaving directory '/home/jianyuzh/ws/llama.cpp/auto_ci/28725/aicss-genai_sycl-graph-record-replay/build'
gmake[2]: Leaving directory '/home/jianyuzh/ws/llama.cpp/auto_ci/28725/aicss-genai_sycl-graph-record-replay/build'
gmake[2]: Leaving directory '/home/jianyuzh/ws/llama.cpp/auto_ci/28725/aicss-genai_sycl-graph-record-replay/build'
/usr/bin/gmake  -f tests/CMakeFiles/test-tokenizer-1-bpe.dir/build.make tests/CMakeFiles/test-tokenizer-1-bpe.dir/build
gmake[2]: Entering directory '/home/jianyuzh/ws/llama.cpp/auto_ci/28725/aicss-genai_sycl-graph-record-replay/build'
gmake[2]: Leaving directory '/home/jianyuzh/ws/llama.cpp/auto_ci/28725/aicss-genai_sycl-graph-record-replay/build'
/usr/bin/gmake  -f tests/CMakeFiles/test-gbnf-validator.dir/build.make tests/CMakeFiles/test-gbnf-validator.dir/build
gmake[2]: Leaving directory '/home/jianyuzh/ws/llama.cpp/auto_ci/28725/aicss-genai_sycl-graph-record-replay/build'
gmake[2]: Leaving directory '/home/jianyuzh/ws/llama.cpp/auto_ci/28725/aicss-genai_sycl-graph-record-replay/build'
/usr/bin/gmake  -f tests/CMakeFiles/test-tokenizer-1-spm.dir/build.make tests/CMakeFiles/test-tokenizer-1-spm.dir/build
gmake[2]: Leaving directory '/home/jianyuzh/ws/llama.cpp/auto_ci/28725/aicss-genai_sycl-graph-record-replay/build'
/usr/bin/gmake  -f tools/server/CMakeFiles/server-context.dir/build.make tools/server/CMakeFiles/server-context.dir/build
gmake[2]: Leaving directory '/home/jianyuzh/ws/llama.cpp/auto_ci/28725/aicss-genai_sycl-graph-record-replay/build'
/usr/bin/gmake  -f tests/CMakeFiles/test-llama-archs.dir/build.make tests/CMakeFiles/test-llama-archs.dir/build
gmake[2]: Entering directory '/home/jianyuzh/ws/llama.cpp/auto_ci/28725/aicss-genai_sycl-graph-record-replay/build'
gmake[2]: Entering directory '/home/jianyuzh/ws/llama.cpp/auto_ci/28725/aicss-genai_sycl-graph-record-replay/build'
/usr/bin/gmake  -f tests/CMakeFiles/test-fusion.dir/build.make tests/CMakeFiles/test-fusion.dir/build
/usr/bin/gmake  -f tests/CMakeFiles/test-chat-peg-parser.dir/build.make tests/CMakeFiles/test-chat-peg-parser.dir/build
gmake[2]: Entering directory '/home/jianyuzh/ws/llama.cpp/auto_ci/28725/aicss-genai_sycl-graph-record-replay/build'
/usr/bin/gmake  -f tests/CMakeFiles/test-json-schema.dir/build.make tests/CMakeFiles/test-json-schema.dir/build
[ 58%] Building CXX object tests/CMakeFiles/test-save-load-state.dir/test-save-load-state.cpp.o
gmake[2]: Entering directory '/home/jianyuzh/ws/llama.cpp/auto_ci/28725/aicss-genai_sycl-graph-record-replay/build'
gmake[2]: Leaving directory '/home/jianyuzh/ws/llama.cpp/auto_ci/28725/aicss-genai_sycl-graph-record-replay/build'
gmake[2]: Leaving directory '/home/jianyuzh/ws/llama.cpp/auto_ci/28725/aicss-genai_sycl-graph-record-replay/build'
/usr/bin/gmake  -f tests/CMakeFiles/test-model-resolution.dir/build.make tests/CMakeFiles/test-model-resolution.dir/build
gmake[2]: Leaving directory '/home/jianyuzh/ws/llama.cpp/auto_ci/28725/aicss-genai_sycl-graph-record-replay/build'
gmake[2]: Leaving directory '/home/jianyuzh/ws/llama.cpp/auto_ci/28725/aicss-genai_sycl-graph-record-replay/build'
gmake[2]: Entering directory '/home/jianyuzh/ws/llama.cpp/auto_ci/28725/aicss-genai_sycl-graph-record-replay/build'
gmake[2]: Entering directory '/home/jianyuzh/ws/llama.cpp/auto_ci/28725/aicss-genai_sycl-graph-record-replay/build'
/usr/bin/gmake  -f tests/CMakeFiles/test-chat-analysis.dir/build.make tests/CMakeFiles/test-chat-analysis.dir/build
gmake[2]: Entering directory '/home/jianyuzh/ws/llama.cpp/auto_ci/28725/aicss-genai_sycl-graph-record-replay/build'
gmake[2]: Leaving directory '/home/jianyuzh/ws/llama.cpp/auto_ci/28725/aicss-genai_sycl-graph-record-replay/build'
gmake[2]: Leaving directory '/home/jianyuzh/ws/llama.cpp/auto_ci/28725/aicss-genai_sycl-graph-record-replay/build'
gmake[2]: Entering directory '/home/jianyuzh/ws/llama.cpp/auto_ci/28725/aicss-genai_sycl-graph-record-replay/build'
/usr/bin/gmake  -f tests/CMakeFiles/test-jinja.dir/build.make tests/CMakeFiles/test-jinja.dir/build
gmake[2]: Entering directory '/home/jianyuzh/ws/llama.cpp/auto_ci/28725/aicss-genai_sycl-graph-record-replay/build'
gmake[2]: Leaving directory '/home/jianyuzh/ws/llama.cpp/auto_ci/28725/aicss-genai_sycl-graph-record-replay/build'
/usr/bin/gmake  -f tests/CMakeFiles/test-chat-auto-parser.dir/build.make tests/CMakeFiles/test-chat-auto-parser.dir/build
gmake[2]: Leaving directory '/home/jianyuzh/ws/llama.cpp/auto_ci/28725/aicss-genai_sycl-graph-record-replay/build'
/usr/bin/gmake  -f tests/CMakeFiles/test-chat-template.dir/build.make tests/CMakeFiles/test-chat-template.dir/build
cd /home/jianyuzh/ws/llama.cpp/auto_ci/28725/aicss-genai_sycl-graph-record-replay/build/tests && /opt/intel/oneapi/compiler/2026.1/bin/icpx -DGGML_BACKEND_SHARED -DGGML_SHARED -DGGML_USE_CPU -DGGML_USE_SYCL -DLLAMA_SHARED -DLLAMA_SUBPROCESS -I/home/jianyuzh/ws/llama.cpp/auto_ci/28725/aicss-genai_sycl-graph-record-replay/src/../include -I/home/jianyuzh/ws/llama.cpp/auto_ci/28725/aicss-genai_sycl-graph-record-replay/ggml/src/../include -I/home/jianyuzh/ws/llama.cpp/auto_ci/28725/aicss-genai_sycl-graph-record-replay/common/. -I/home/jianyuzh/ws/llama.cpp/auto_ci/28725/aicss-genai_sycl-graph-record-replay/vendor/nlohmann/.. -I/home/jianyuzh/ws/llama.cpp/auto_ci/28725/aicss-genai_sycl-graph-record-replay/vendor/sheredom/.. -O3 -DNDEBUG -Xclang -fno-pch-timestamp -Wmissing-declarations -Wmissing-noreturn -Wall -Wextra -Wpedantic -Wcast-qual -Wno-unused-function -MD -MT tests/CMakeFiles/test-save-load-state.dir/test-save-load-state.cpp.o -MF CMakeFiles/test-save-load-state.dir/test-save-load-state.cpp.o.d -o CMakeFiles/test-save-load-state.dir/test-save-load-state.cpp.o -c /home/jianyuzh/ws/llama.cpp/auto_ci/28725/aicss-genai_sycl-graph-record-replay/tests/test-save-load-state.cpp
gmake[2]: Leaving directory '/home/jianyuzh/ws/llama.cpp/auto_ci/28725/aicss-genai_sycl-graph-record-replay/build'
/usr/bin/gmake  -f tests/CMakeFiles/test-thread-safety.dir/build.make tests/CMakeFiles/test-thread-safety.dir/build
gmake[2]: Entering directory '/home/jianyuzh/ws/llama.cpp/auto_ci/28725/aicss-genai_sycl-graph-record-replay/build'
/usr/bin/gmake  -f tests/CMakeFiles/test-arg-parser.dir/build.make tests/CMakeFiles/test-arg-parser.dir/build
[ 58%] Building CXX object tests/CMakeFiles/test-recurrent-state-rollback.dir/test-recurrent-state-rollback.cpp.o
gmake[2]: Leaving directory '/home/jianyuzh/ws/llama.cpp/auto_ci/28725/aicss-genai_sycl-graph-record-replay/build'
gmake[2]: Entering directory '/home/jianyuzh/ws/llama.cpp/auto_ci/28725/aicss-genai_sycl-graph-record-replay/build'
gmake[2]: Leaving directory '/home/jianyuzh/ws/llama.cpp/auto_ci/28725/aicss-genai_sycl-graph-record-replay/build'
/usr/bin/gmake  -f tests/CMakeFiles/test-model-load-cancel.dir/build.make tests/CMakeFiles/test-model-load-cancel.dir/build
gmake[2]: Leaving directory '/home/jianyuzh/ws/llama.cpp/auto_ci/28725/aicss-genai_sycl-graph-record-replay/build'
gmake[2]: Entering directory '/home/jianyuzh/ws/llama.cpp/auto_ci/28725/aicss-genai_sycl-graph-record-replay/build'
gmake[2]: Leaving directory '/home/jianyuzh/ws/llama.cpp/auto_ci/28725/aicss-genai_sycl-graph-record-replay/build'
/usr/bin/gmake  -f tests/CMakeFiles/test-backend-ops.dir/build.make tests/CMakeFiles/test-backend-ops.dir/build
gmake[2]: Leaving directory '/home/jianyuzh/ws/llama.cpp/auto_ci/28725/aicss-genai_sycl-graph-record-replay/build'
[ 59%] Building CXX object tests/CMakeFiles/test-reasoning-budget.dir/test-reasoning-budget.cpp.o
/usr/bin/gmake  -f tests/CMakeFiles/test-log.dir/build.make tests/CMakeFiles/test-log.dir/build
gmake[2]: Entering directory '/home/jianyuzh/ws/llama.cpp/auto_ci/28725/aicss-genai_sycl-graph-record-replay/build'
gmake[2]: Entering directory '/home/jianyuzh/ws/llama.cpp/auto_ci/28725/aicss-genai_sycl-graph-record-replay/build'
[ 59%] Building CXX object tests/CMakeFiles/test-tokenizer-0.dir/test-tokenizer-0.cpp.o
/usr/bin/gmake  -f tests/CMakeFiles/test-opt.dir/build.make tests/CMakeFiles/test-opt.dir/build
gmake[2]: Leaving directory '/home/jianyuzh/ws/llama.cpp/auto_ci/28725/aicss-genai_sycl-graph-record-replay/build'
gmake[2]: Entering directory '/home/jianyuzh/ws/llama.cpp/auto_ci/28725/aicss-genai_sycl-graph-record-replay/build'
/usr/bin/gmake  -f tests/CMakeFiles/test-autorelease.dir/build.make tests/CMakeFiles/test-autorelease.dir/build
gmake[2]: Leaving directory '/home/jianyuzh/ws/llama.cpp/auto_ci/28725/aicss-genai_sycl-graph-record-replay/build'
gmake[2]: Entering directory '/home/jianyuzh/ws/llama.cpp/auto_ci/28725/aicss-genai_sycl-graph-record-replay/build'
gmake[2]: Leaving directory '/home/jianyuzh/ws/llama.cpp/auto_ci/28725/aicss-genai_sycl-graph-record-replay/build'
gmake[2]: Entering directory '/home/jianyuzh/ws/llama.cpp/auto_ci/28725/aicss-genai_sycl-graph-record-replay/build'
/usr/bin/gmake  -f tests/CMakeFiles/test-backend-sampler.dir/build.make tests/CMakeFiles/test-backend-sampler.dir/build
/usr/bin/gmake  -f tests/CMakeFiles/test-peg-parser.dir/build.make tests/CMakeFiles/test-peg-parser.dir/build
cd /home/jianyuzh/ws/llama.cpp/auto_ci/28725/aicss-genai_sycl-graph-record-replay/build/tests && /opt/intel/oneapi/compiler/2026.1/bin/icpx -DGGML_BACKEND_SHARED -DGGML_SHARED -DGGML_USE_CPU -DGGML_USE_SYCL -DLLAMA_SHARED -DLLAMA_SUBPROCESS -I/home/jianyuzh/ws/llama.cpp/auto_ci/28725/aicss-genai_sycl-graph-record-replay/src/../include -I/home/jianyuzh/ws/llama.cpp/auto_ci/28725/aicss-genai_sycl-graph-record-replay/ggml/src/../include -I/home/jianyuzh/ws/llama.cpp/auto_ci/28725/aicss-genai_sycl-graph-record-replay/common/. -I/home/jianyuzh/ws/llama.cpp/auto_ci/28725/aicss-genai_sycl-graph-record-replay/vendor/nlohmann/.. -I/home/jianyuzh/ws/llama.cpp/auto_ci/28725/aicss-genai_sycl-graph-record-replay/vendor/sheredom/.. -O3 -DNDEBUG -Xclang -fno-pch-timestamp -Wmissing-declarations -Wmissing-noreturn -Wall -Wextra -Wpedantic -Wcast-qual -Wno-unused-function -MD -MT tests/CMakeFiles/test-recurrent-state-rollback.dir/test-recurrent-state-rollback.cpp.o -MF CMakeFiles/test-recurrent-state-rollback.dir/test-recurrent-state-rollback.cpp.o.d -o CMakeFiles/test-recurrent-state-rollback.dir/test-recurrent-state-rollback.cpp.o -c /home/jianyuzh/ws/llama.cpp/auto_ci/28725/aicss-genai_sycl-graph-record-replay/tests/test-recurrent-state-rollback.cpp
gmake[2]: Entering directory '/home/jianyuzh/ws/llama.cpp/auto_ci/28725/aicss-genai_sycl-graph-record-replay/build'
gmake[2]: Entering directory '/home/jianyuzh/ws/llama.cpp/auto_ci/28725/aicss-genai_sycl-graph-record-replay/build'
/usr/bin/gmake  -f tests/CMakeFiles/test-state-restore-fragmented.dir/build.make tests/CMakeFiles/test-state-restore-fragmented.dir/build
cd /home/jianyuzh/ws/llama.cpp/auto_ci/28725/aicss-genai_sycl-graph-record-replay/build/tests && /opt/intel/oneapi/compiler/2026.1/bin/icpx -DGGML_BACKEND_SHARED -DGGML_SHARED -DGGML_USE_CPU -DGGML_USE_SYCL -DLLAMA_SHARED -DLLAMA_SUBPROCESS -I/home/jianyuzh/ws/llama.cpp/auto_ci/28725/aicss-genai_sycl-graph-record-replay/common/. -I/home/jianyuzh/ws/llama.cpp/auto_ci/28725/aicss-genai_sycl-graph-record-replay/vendor/nlohmann/.. -I/home/jianyuzh/ws/llama.cpp/auto_ci/28725/aicss-genai_sycl-graph-record-replay/vendor/sheredom/.. -I/home/jianyuzh/ws/llama.cpp/auto_ci/28725/aicss-genai_sycl-graph-record-replay/src/../include -I/home/jianyuzh/ws/llama.cpp/auto_ci/28725/aicss-genai_sycl-graph-record-replay/ggml/src/../include -O3 -DNDEBUG -Xclang -fno-pch-timestamp -Wmissing-declarations -Wmissing-noreturn -Wall -Wextra -Wpedantic -Wcast-qual -Wno-unused-function -MD -MT tests/CMakeFiles/test-reasoning-budget.dir/test-reasoning-budget.cpp.o -MF CMakeFiles/test-reasoning-budget.dir/test-reasoning-budget.cpp.o.d -o CMakeFiles/test-reasoning-budget.dir/test-reasoning-budget.cpp.o -c /home/jianyuzh/ws/llama.cpp/auto_ci/28725/aicss-genai_sycl-graph-record-replay/tests/test-reasoning-budget.cpp
gmake[2]: Entering directory '/home/jianyuzh/ws/llama.cpp/auto_ci/28725/aicss-genai_sycl-graph-record-replay/build'
/usr/bin/gmake  -f tests/CMakeFiles/test-barrier.dir/build.make tests/CMakeFiles/test-barrier.dir/build
cd /home/jianyuzh/ws/llama.cpp/auto_ci/28725/aicss-genai_sycl-graph-record-replay/build/tests && /opt/intel/oneapi/compiler/2026.1/bin/icpx -DGGML_BACKEND_SHARED -DGGML_SHARED -DGGML_USE_CPU -DGGML_USE_SYCL -DLLAMA_SHARED -DLLAMA_SUBPROCESS -I/home/jianyuzh/ws/llama.cpp/auto_ci/28725/aicss-genai_sycl-graph-record-replay/src/../include -I/home/jianyuzh/ws/llama.cpp/auto_ci/28725/aicss-genai_sycl-graph-record-replay/ggml/src/../include -I/home/jianyuzh/ws/llama.cpp/auto_ci/28725/aicss-genai_sycl-graph-record-replay/common/. -I/home/jianyuzh/ws/llama.cpp/auto_ci/28725/aicss-genai_sycl-graph-record-replay/vendor/nlohmann/.. -I/home/jianyuzh/ws/llama.cpp/auto_ci/28725/aicss-genai_sycl-graph-record-replay/vendor/sheredom/.. -O3 -DNDEBUG -Xclang -fno-pch-timestamp -Wmissing-declarations -Wmissing-noreturn -Wall -Wextra -Wpedantic -Wcast-qual -Wno-unused-function -MD -MT tests/CMakeFiles/test-tokenizer-0.dir/test-tokenizer-0.cpp.o -MF CMakeFiles/test-tokenizer-0.dir/test-tokenizer-0.cpp.o.d -o CMakeFiles/test-tokenizer-0.dir/test-tokenizer-0.cpp.o -c /home/jianyuzh/ws/llama.cpp/auto_ci/28725/aicss-genai_sycl-graph-record-replay/tests/test-tokenizer-0.cpp
/usr/bin/gmake  -f tests/CMakeFiles/test-quantize-perf.dir/build.make tests/CMakeFiles/test-quantize-perf.dir/build
gmake[2]: Leaving directory '/home/jianyuzh/ws/llama.cpp/auto_ci/28725/aicss-genai_sycl-graph-record-replay/build'
/usr/bin/gmake  -f tests/CMakeFiles/test-col2im-1d.dir/build.make tests/CMakeFiles/test-col2im-1d.dir/build
gmake[2]: Entering directory '/home/jianyuzh/ws/llama.cpp/auto_ci/28725/aicss-genai_sycl-graph-record-replay/build'
gmake[2]: Entering directory '/home/jianyuzh/ws/llama.cpp/auto_ci/28725/aicss-genai_sycl-graph-record-replay/build'
gmake[2]: Leaving directory '/home/jianyuzh/ws/llama.cpp/auto_ci/28725/aicss-genai_sycl-graph-record-replay/build'
gmake[2]: Entering directory '/home/jianyuzh/ws/llama.cpp/auto_ci/28725/aicss-genai_sycl-graph-record-replay/build'
[ 60%] Building CXX object tests/CMakeFiles/test-grammar-integration.dir/test-grammar-integration.cpp.o
/usr/bin/gmake  -f tests/CMakeFiles/test-rope.dir/build.make tests/CMakeFiles/test-rope.dir/build
gmake[2]: Entering directory '/home/jianyuzh/ws/llama.cpp/auto_ci/28725/aicss-genai_sycl-graph-record-replay/build'
gmake[2]: Entering directory '/home/jianyuzh/ws/llama.cpp/auto_ci/28725/aicss-genai_sycl-graph-record-replay/build'
gmake[2]: Leaving directory '/home/jianyuzh/ws/llama.cpp/auto_ci/28725/aicss-genai_sycl-graph-record-replay/build'
/usr/bin/gmake  -f tests/CMakeFiles/test-gguf.dir/build.make tests/CMakeFiles/test-gguf.dir/build
gmake[2]: Entering directory '/home/jianyuzh/ws/llama.cpp/auto_ci/28725/aicss-genai_sycl-graph-record-replay/build'
gmake[2]: Entering directory '/home/jianyuzh/ws/llama.cpp/auto_ci/28725/aicss-genai_sycl-graph-record-replay/build'
[ 60%] Building CXX object tests/CMakeFiles/test-grammar-parser.dir/test-grammar-parser.cpp.o
gmake[2]: Leaving directory '/home/jianyuzh/ws/llama.cpp/auto_ci/28725/aicss-genai_sycl-graph-record-replay/build'
gmake[2]: Leaving directory '/home/jianyuzh/ws/llama.cpp/auto_ci/28725/aicss-genai_sycl-graph-record-replay/build'
[ 60%] Building CXX object tests/CMakeFiles/test-quantize-stats.dir/test-quantize-stats.cpp.o
gmake[2]: Leaving directory '/home/jianyuzh/ws/llama.cpp/auto_ci/28725/aicss-genai_sycl-graph-record-replay/build'
/usr/bin/gmake  -f tests/CMakeFiles/test-mtmd-impl.dir/build.make tests/CMakeFiles/test-mtmd-impl.dir/build
gmake[2]: Leaving directory '/home/jianyuzh/ws/llama.cpp/auto_ci/28725/aicss-genai_sycl-graph-record-replay/build'
/usr/bin/gmake  -f examples/batched/CMakeFiles/llama-batched.dir/build.make examples/batched/CMakeFiles/llama-batched.dir/build
[ 61%] Building CXX object tests/CMakeFiles/test-unicode.dir/test-unicode.cpp.o
[ 61%] Building CXX object tests/CMakeFiles/test-sampling.dir/test-sampling.cpp.o
cd /home/jianyuzh/ws/llama.cpp/auto_ci/28725/aicss-genai_sycl-graph-record-replay/build/tests && /opt/intel/oneapi/compiler/2026.1/bin/icpx -DGGML_BACKEND_SHARED -DGGML_SHARED -DGGML_USE_CPU -DGGML_USE_SYCL -DLLAMA_SHARED -DLLAMA_SUBPROCESS -I/home/jianyuzh/ws/llama.cpp/auto_ci/28725/aicss-genai_sycl-graph-record-replay/common/. -I/home/jianyuzh/ws/llama.cpp/auto_ci/28725/aicss-genai_sycl-graph-record-replay/vendor/nlohmann/.. -I/home/jianyuzh/ws/llama.cpp/auto_ci/28725/aicss-genai_sycl-graph-record-replay/vendor/sheredom/.. -I/home/jianyuzh/ws/llama.cpp/auto_ci/28725/aicss-genai_sycl-graph-record-replay/src/../include -I/home/jianyuzh/ws/llama.cpp/auto_ci/28725/aicss-genai_sycl-graph-record-replay/ggml/src/../include -O3 -DNDEBUG -Xclang -fno-pch-timestamp -Wmissing-declarations -Wmissing-noreturn -Wall -Wextra -Wpedantic -Wcast-qual -Wno-unused-function -MD -MT tests/CMakeFiles/test-grammar-integration.dir/test-grammar-integration.cpp.o -MF CMakeFiles/test-grammar-integration.dir/test-grammar-integration.cpp.o.d -o CMakeFiles/test-grammar-integration.dir/test-grammar-integration.cpp.o -c /home/jianyuzh/ws/llama.cpp/auto_ci/28725/aicss-genai_sycl-graph-record-replay/tests/test-grammar-integration.cpp
gmake[2]: Leaving directory '/home/jianyuzh/ws/llama.cpp/auto_ci/28725/aicss-genai_sycl-graph-record-replay/build'
gmake[2]: Entering directory '/home/jianyuzh/ws/llama.cpp/auto_ci/28725/aicss-genai_sycl-graph-record-replay/build'
/usr/bin/gmake  -f tests/CMakeFiles/test-batch-alloc.dir/build.make tests/CMakeFiles/test-batch-alloc.dir/build
gmake[2]: Leaving directory '/home/jianyuzh/ws/llama.cpp/auto_ci/28725/aicss-genai_sycl-graph-record-replay/build'
gmake[2]: Leaving directory '/home/jianyuzh/ws/llama.cpp/auto_ci/28725/aicss-genai_sycl-graph-record-replay/build'
/usr/bin/gmake  -f tests/CMakeFiles/test-quantize-fns.dir/build.make tests/CMakeFiles/test-quantize-fns.dir/build
[ 61%] Building CXX object tests/CMakeFiles/test-llama-grammar.dir/test-llama-grammar.cpp.o
[ 61%] Building CXX object tests/CMakeFiles/test-json-schema-to-grammar.dir/test-json-schema-to-grammar.cpp.o
/usr/bin/gmake  -f tests/CMakeFiles/test-alloc.dir/build.make tests/CMakeFiles/test-alloc.dir/build
gmake[2]: Entering directory '/home/jianyuzh/ws/llama.cpp/auto_ci/28725/aicss-genai_sycl-graph-record-replay/build'
gmake[2]: Leaving directory '/home/jianyuzh/ws/llama.cpp/auto_ci/28725/aicss-genai_sycl-graph-record-replay/build'
/usr/bin/gmake  -f examples/debug/CMakeFiles/llama-debug.dir/build.make examples/debug/CMakeFiles/llama-debug.dir/build
gmake[2]: Entering directory '/home/jianyuzh/ws/llama.cpp/auto_ci/28725/aicss-genai_sycl-graph-record-replay/build'
/usr/bin/gmake  -f tests/CMakeFiles/test-mtmd-c-api.dir/build.make tests/CMakeFiles/test-mtmd-c-api.dir/build
gmake[2]: Entering directory '/home/jianyuzh/ws/llama.cpp/auto_ci/28725/aicss-genai_sycl-graph-record-replay/build'
cd /home/jianyuzh/ws/llama.cpp/auto_ci/28725/aicss-genai_sycl-graph-record-replay/build/tests && /opt/intel/oneapi/compiler/2026.1/bin/icpx -DGGML_BACKEND_SHARED -DGGML_SHARED -DGGML_USE_CPU -DGGML_USE_SYCL -DLLAMA_SHARED -DLLAMA_SUBPROCESS -I/home/jianyuzh/ws/llama.cpp/auto_ci/28725/aicss-genai_sycl-graph-record-replay/src/../include -I/home/jianyuzh/ws/llama.cpp/auto_ci/28725/aicss-genai_sycl-graph-record-replay/ggml/src/../include -I/home/jianyuzh/ws/llama.cpp/auto_ci/28725/aicss-genai_sycl-graph-record-replay/common/. -I/home/jianyuzh/ws/llama.cpp/auto_ci/28725/aicss-genai_sycl-graph-record-replay/vendor/nlohmann/.. -I/home/jianyuzh/ws/llama.cpp/auto_ci/28725/aicss-genai_sycl-graph-record-replay/vendor/sheredom/.. -O3 -DNDEBUG -Xclang -fno-pch-timestamp -Wmissing-declarations -Wmissing-noreturn -Wall -Wextra -Wpedantic -Wcast-qual -Wno-unused-function -MD -MT tests/CMakeFiles/test-quantize-stats.dir/test-quantize-stats.cpp.o -MF CMakeFiles/test-quantize-stats.dir/test-quantize-stats.cpp.o.d -o CMakeFiles/test-quantize-stats.dir/test-quantize-stats.cpp.o -c /home/jianyuzh/ws/llama.cpp/auto_ci/28725/aicss-genai_sycl-graph-record-replay/tests/test-quantize-stats.cpp
cd /home/jianyuzh/ws/llama.cpp/auto_ci/28725/aicss-genai_sycl-graph-record-replay/build/tests && /opt/intel/oneapi/compiler/2026.1/bin/icpx -DGGML_BACKEND_SHARED -DGGML_SHARED -DGGML_USE_CPU -DGGML_USE_SYCL -DLLAMA_SHARED -DLLAMA_SUBPROCESS -I/home/jianyuzh/ws/llama.cpp/auto_ci/28725/aicss-genai_sycl-graph-record-replay/common/. -I/home/jianyuzh/ws/llama.cpp/auto_ci/28725/aicss-genai_sycl-graph-record-replay/vendor/nlohmann/.. -I/home/jianyuzh/ws/llama.cpp/auto_ci/28725/aicss-genai_sycl-graph-record-replay/vendor/sheredom/.. -I/home/jianyuzh/ws/llama.cpp/auto_ci/28725/aicss-genai_sycl-graph-record-replay/src/../include -I/home/jianyuzh/ws/llama.cpp/auto_ci/28725/aicss-genai_sycl-graph-record-replay/ggml/src/../include -O3 -DNDEBUG -Xclang -fno-pch-timestamp -Wmissing-declarations -Wmissing-noreturn -Wall -Wextra -Wpedantic -Wcast-qual -Wno-unused-function -MD -MT tests/CMakeFiles/test-grammar-parser.dir/test-grammar-parser.cpp.o -MF CMakeFiles/test-grammar-parser.dir/test-grammar-parser.cpp.o.d -o CMakeFiles/test-grammar-parser.dir/test-grammar-parser.cpp.o -c /home/jianyuzh/ws/llama.cpp/auto_ci/28725/aicss-genai_sycl-graph-record-replay/tests/test-grammar-parser.cpp
/usr/bin/gmake  -f examples/embedding/CMakeFiles/llama-embedding.dir/build.make examples/embedding/CMakeFiles/llama-embedding.dir/build
cd /home/jianyuzh/ws/llama.cpp/auto_ci/28725/aicss-genai_sycl-graph-record-replay/build/tests && /opt/intel/oneapi/compiler/2026.1/bin/icpx -DGGML_BACKEND_SHARED -DGGML_SHARED -DGGML_USE_CPU -DGGML_USE_SYCL -DLLAMA_SHARED -DLLAMA_SUBPROCESS -I/home/jianyuzh/ws/llama.cpp/auto_ci/28725/aicss-genai_sycl-graph-record-replay/common/. -I/home/jianyuzh/ws/llama.cpp/auto_ci/28725/aicss-genai_sycl-graph-record-replay/vendor/nlohmann/.. -I/home/jianyuzh/ws/llama.cpp/auto_ci/28725/aicss-genai_sycl-graph-record-replay/vendor/sheredom/.. -I/home/jianyuzh/ws/llama.cpp/auto_ci/28725/aicss-genai_sycl-graph-record-replay/src/../include -I/home/jianyuzh/ws/llama.cpp/auto_ci/28725/aicss-genai_sycl-graph-record-replay/ggml/src/../include -O3 -DNDEBUG -Xclang -fno-pch-timestamp -Wmissing-declarations -Wmissing-noreturn -Wall -Wextra -Wpedantic -Wcast-qual -Wno-unused-function -MD -MT tests/CMakeFiles/test-unicode.dir/test-unicode.cpp.o -MF CMakeFiles/test-unicode.dir/test-unicode.cpp.o.d -o CMakeFiles/test-unicode.dir/test-unicode.cpp.o -c /home/jianyuzh/ws/llama.cpp/auto_ci/28725/aicss-genai_sycl-graph-record-replay/tests/test-unicode.cpp
cd /home/jianyuzh/ws/llama.cpp/auto_ci/28725/aicss-genai_sycl-graph-record-replay/build/tests && /opt/intel/oneapi/compiler/2026.1/bin/icpx -DGGML_BACKEND_SHARED -DGGML_SHARED -DGGML_USE_CPU -DGGML_USE_SYCL -DLLAMA_SHARED -DLLAMA_SUBPROCESS -I/home/jianyuzh/ws/llama.cpp/auto_ci/28725/aicss-genai_sycl-graph-record-replay/common/. -I/home/jianyuzh/ws/llama.cpp/auto_ci/28725/aicss-genai_sycl-graph-record-replay/vendor/nlohmann/.. -I/home/jianyuzh/ws/llama.cpp/auto_ci/28725/aicss-genai_sycl-graph-record-replay/vendor/sheredom/.. -I/home/jianyuzh/ws/llama.cpp/auto_ci/28725/aicss-genai_sycl-graph-record-replay/src/../include -I/home/jianyuzh/ws/llama.cpp/auto_ci/28725/aicss-genai_sycl-graph-record-replay/ggml/src/../include -O3 -DNDEBUG -Xclang -fno-pch-timestamp -Wmissing-declarations -Wmissing-noreturn -Wall -Wextra -Wpedantic -Wcast-qual -Wno-unused-function -MD -MT tests/CMakeFiles/test-sampling.dir/test-sampling.cpp.o -MF CMakeFiles/test-sampling.dir/test-sampling.cpp.o.d -o CMakeFiles/test-sampling.dir/test-sampling.cpp.o -c /home/jianyuzh/ws/llama.cpp/auto_ci/28725/aicss-genai_sycl-graph-record-replay/tests/test-sampling.cpp
gmake[2]: Entering directory '/home/jianyuzh/ws/llama.cpp/auto_ci/28725/aicss-genai_sycl-graph-record-replay/build'
gmake[2]: Entering directory '/home/jianyuzh/ws/llama.cpp/auto_ci/28725/aicss-genai_sycl-graph-record-replay/build'
[ 61%] Building CXX object tests/CMakeFiles/test-tokenizer-1-spm.dir/test-tokenizer-1-spm.cpp.o
[ 61%] Building CXX object tools/server/CMakeFiles/server-context.dir/server-chat.cpp.o
cd /home/jianyuzh/ws/llama.cpp/auto_ci/28725/aicss-genai_sycl-graph-record-replay/build/tests && /opt/intel/oneapi/compiler/2026.1/bin/icpx -DGGML_BACKEND_SHARED -DGGML_SHARED -DGGML_USE_CPU -DGGML_USE_SYCL -DLLAMA_SHARED -DLLAMA_SUBPROCESS -I/home/jianyuzh/ws/llama.cpp/auto_ci/28725/aicss-genai_sycl-graph-record-replay/common/. -I/home/jianyuzh/ws/llama.cpp/auto_ci/28725/aicss-genai_sycl-graph-record-replay/vendor/nlohmann/.. -I/home/jianyuzh/ws/llama.cpp/auto_ci/28725/aicss-genai_sycl-graph-record-replay/vendor/sheredom/.. -I/home/jianyuzh/ws/llama.cpp/auto_ci/28725/aicss-genai_sycl-graph-record-replay/src/../include -I/home/jianyuzh/ws/llama.cpp/auto_ci/28725/aicss-genai_sycl-graph-record-replay/ggml/src/../include -O3 -DNDEBUG -Xclang -fno-pch-timestamp -Wmissing-declarations -Wmissing-noreturn -Wall -Wextra -Wpedantic -Wcast-qual -Wno-unused-function -MD -MT tests/CMakeFiles/test-llama-grammar.dir/test-llama-grammar.cpp.o -MF CMakeFiles/test-llama-grammar.dir/test-llama-grammar.cpp.o.d -o CMakeFiles/test-llama-grammar.dir/test-llama-grammar.cpp.o -c /home/jianyuzh/ws/llama.cpp/auto_ci/28725/aicss-genai_sycl-graph-record-replay/tests/test-llama-grammar.cpp
cd /home/jianyuzh/ws/llama.cpp/auto_ci/28725/aicss-genai_sycl-graph-record-replay/build/tests && /opt/intel/oneapi/compiler/2026.1/bin/icpx -DGGML_BACKEND_SHARED -DGGML_SHARED -DGGML_USE_CPU -DGGML_USE_SYCL -DLLAMA_SHARED -DLLAMA_SUBPROCESS -I/home/jianyuzh/ws/llama.cpp/auto_ci/28725/aicss-genai_sycl-graph-record-replay/common/. -I/home/jianyuzh/ws/llama.cpp/auto_ci/28725/aicss-genai_sycl-graph-record-replay/vendor/nlohmann/.. -I/home/jianyuzh/ws/llama.cpp/auto_ci/28725/aicss-genai_sycl-graph-record-replay/vendor/sheredom/.. -I/home/jianyuzh/ws/llama.cpp/auto_ci/28725/aicss-genai_sycl-graph-record-replay/src/../include -I/home/jianyuzh/ws/llama.cpp/auto_ci/28725/aicss-genai_sycl-graph-record-replay/ggml/src/../include -O3 -DNDEBUG -Xclang -fno-pch-timestamp -Wmissing-declarations -Wmissing-noreturn -Wall -Wextra -Wpedantic -Wcast-qual -Wno-unused-function -MD -MT tests/CMakeFiles/test-json-schema-to-grammar.dir/test-json-schema-to-grammar.cpp.o -MF CMakeFiles/test-json-schema-to-grammar.dir/test-json-schema-to-grammar.cpp.o.d -o CMakeFiles/test-json-schema-to-grammar.dir/test-json-schema-to-grammar.cpp.o -c /home/jianyuzh/ws/llama.cpp/auto_ci/28725/aicss-genai_sycl-graph-record-replay/tests/test-json-schema-to-grammar.cpp
gmake[2]: Entering directory '/home/jianyuzh/ws/llama.cpp/auto_ci/28725/aicss-genai_sycl-graph-record-replay/build'
[ 61%] Building CXX object tests/CMakeFiles/test-chat-peg-parser.dir/test-chat-peg-parser.cpp.o
gmake[2]: Entering directory '/home/jianyuzh/ws/llama.cpp/auto_ci/28725/aicss-genai_sycl-graph-record-replay/build'
[ 62%] Building CXX object tests/CMakeFiles/test-tokenizer-1-bpe.dir/test-tokenizer-1-bpe.cpp.o
gmake[2]: Entering directory '/home/jianyuzh/ws/llama.cpp/auto_ci/28725/aicss-genai_sycl-graph-record-replay/build'
[ 62%] Building CXX object tests/CMakeFiles/test-json-schema.dir/test-json-schema.cpp.o
[ 62%] Building CXX object tests/CMakeFiles/test-gbnf-validator.dir/test-gbnf-validator.cpp.o
gmake[2]: Entering directory '/home/jianyuzh/ws/llama.cpp/auto_ci/28725/aicss-genai_sycl-graph-record-replay/build'
[ 63%] Building CXX object tests/CMakeFiles/test-fusion.dir/test-fusion.cpp.o
[ 64%] Building CXX object tests/CMakeFiles/test-llama-archs.dir/test-llama-archs.cpp.o
[ 64%] Building CXX object tests/CMakeFiles/test-model-resolution.dir/test-model-resolution.cpp.o
[ 64%] Building CXX object tests/CMakeFiles/test-chat-analysis.dir/test-chat-analysis.cpp.o
cd /home/jianyuzh/ws/llama.cpp/auto_ci/28725/aicss-genai_sycl-graph-record-replay/build/tests && /opt/intel/oneapi/compiler/2026.1/bin/icpx -DGGML_BACKEND_SHARED -DGGML_SHARED -DGGML_USE_CPU -DGGML_USE_SYCL -DLLAMA_SHARED -DLLAMA_SUBPROCESS -I/home/jianyuzh/ws/llama.cpp/auto_ci/28725/aicss-genai_sycl-graph-record-replay/src/../include -I/home/jianyuzh/ws/llama.cpp/auto_ci/28725/aicss-genai_sycl-graph-record-replay/ggml/src/../include -I/home/jianyuzh/ws/llama.cpp/auto_ci/28725/aicss-genai_sycl-graph-record-replay/common/. -I/home/jianyuzh/ws/llama.cpp/auto_ci/28725/aicss-genai_sycl-graph-record-replay/vendor/nlohmann/.. -I/home/jianyuzh/ws/llama.cpp/auto_ci/28725/aicss-genai_sycl-graph-record-replay/vendor/sheredom/.. -O3 -DNDEBUG -Xclang -fno-pch-timestamp -Wmissing-declarations -Wmissing-noreturn -Wall -Wextra -Wpedantic -Wcast-qual -Wno-unused-function -MD -MT tests/CMakeFiles/test-tokenizer-1-spm.dir/test-tokenizer-1-spm.cpp.o -MF CMakeFiles/test-tokenizer-1-spm.dir/test-tokenizer-1-spm.cpp.o.d -o CMakeFiles/test-tokenizer-1-spm.dir/test-tokenizer-1-spm.cpp.o -c /home/jianyuzh/ws/llama.cpp/auto_ci/28725/aicss-genai_sycl-graph-record-replay/tests/test-tokenizer-1-spm.cpp
cd /home/jianyuzh/ws/llama.cpp/auto_ci/28725/aicss-genai_sycl-graph-record-replay/build/tools/server && /opt/intel/oneapi/compiler/2026.1/bin/icpx -DGGML_BACKEND_SHARED -DGGML_SHARED -DGGML_USE_CPU -DGGML_USE_SYCL -DLLAMA_SHARED -DLLAMA_SUBPROCESS -I/home/jianyuzh/ws/llama.cpp/auto_ci/28725/aicss-genai_sycl-graph-record-replay/tools/server -I/home/jianyuzh/ws/llama.cpp/auto_ci/28725/aicss-genai_sycl-graph-record-replay/build/tools/server -I/home/jianyuzh/ws/llama.cpp/auto_ci/28725/aicss-genai_sycl-graph-record-replay/tools/server/../mtmd -I/home/jianyuzh/ws/llama.cpp/auto_ci/28725/aicss-genai_sycl-graph-record-replay -I/home/jianyuzh/ws/llama.cpp/auto_ci/28725/aicss-genai_sycl-graph-record-replay/common/. -I/home/jianyuzh/ws/llama.cpp/auto_ci/28725/aicss-genai_sycl-graph-record-replay/vendor/nlohmann/.. -I/home/jianyuzh/ws/llama.cpp/auto_ci/28725/aicss-genai_sycl-graph-record-replay/vendor/sheredom/.. -I/home/jianyuzh/ws/llama.cpp/auto_ci/28725/aicss-genai_sycl-graph-record-replay/src/../include -I/home/jianyuzh/ws/llama.cpp/auto_ci/28725/aicss-genai_sycl-graph-record-replay/ggml/src/../include -I/home/jianyuzh/ws/llama.cpp/auto_ci/28725/aicss-genai_sycl-graph-record-replay/tools/mtmd/. -O3 -DNDEBUG -fPIC -Xclang -fno-pch-timestamp -Wmissing-declarations -Wmissing-noreturn -Wall -Wextra -Wpedantic -Wcast-qual -Wno-unused-function -MD -MT tools/server/CMakeFiles/server-context.dir/server-chat.cpp.o -MF CMakeFiles/server-context.dir/server-chat.cpp.o.d -o CMakeFiles/server-context.dir/server-chat.cpp.o -c /home/jianyuzh/ws/llama.cpp/auto_ci/28725/aicss-genai_sycl-graph-record-replay/tools/server/server-chat.cpp
cd /home/jianyuzh/ws/llama.cpp/auto_ci/28725/aicss-genai_sycl-graph-record-replay/build/tests && /opt/intel/oneapi/compiler/2026.1/bin/icpx -DGGML_BACKEND_SHARED -DGGML_SHARED -DGGML_USE_CPU -DGGML_USE_SYCL -DLLAMA_SHARED -DLLAMA_SUBPROCESS -I/home/jianyuzh/ws/llama.cpp/auto_ci/28725/aicss-genai_sycl-graph-record-replay/common/. -I/home/jianyuzh/ws/llama.cpp/auto_ci/28725/aicss-genai_sycl-graph-record-replay/vendor/nlohmann/.. -I/home/jianyuzh/ws/llama.cpp/auto_ci/28725/aicss-genai_sycl-graph-record-replay/vendor/sheredom/.. -I/home/jianyuzh/ws/llama.cpp/auto_ci/28725/aicss-genai_sycl-graph-record-replay/src/../include -I/home/jianyuzh/ws/llama.cpp/auto_ci/28725/aicss-genai_sycl-graph-record-replay/ggml/src/../include -O3 -DNDEBUG -Xclang -fno-pch-timestamp -Wmissing-declarations -Wmissing-noreturn -Wall -Wextra -Wpedantic -Wcast-qual -Wno-unused-function -MD -MT tests/CMakeFiles/test-chat-peg-parser.dir/test-chat-peg-parser.cpp.o -MF CMakeFiles/test-chat-peg-parser.dir/test-chat-peg-parser.cpp.o.d -o CMakeFiles/test-chat-peg-parser.dir/test-chat-peg-parser.cpp.o -c /home/jianyuzh/ws/llama.cpp/auto_ci/28725/aicss-genai_sycl-graph-record-replay/tests/test-chat-peg-parser.cpp
[ 64%] Building CXX object tests/CMakeFiles/test-jinja.dir/test-jinja.cpp.o
cd /home/jianyuzh/ws/llama.cpp/auto_ci/28725/aicss-genai_sycl-graph-record-replay/build/tests && /opt/intel/oneapi/compiler/2026.1/bin/icpx -DGGML_BACKEND_SHARED -DGGML_SHARED -DGGML_USE_CPU -DGGML_USE_SYCL -DLLAMA_SHARED -DLLAMA_SUBPROCESS -I/home/jianyuzh/ws/llama.cpp/auto_ci/28725/aicss-genai_sycl-graph-record-replay/common/. -I/home/jianyuzh/ws/llama.cpp/auto_ci/28725/aicss-genai_sycl-graph-record-replay/vendor/nlohmann/.. -I/home/jianyuzh/ws/llama.cpp/auto_ci/28725/aicss-genai_sycl-graph-record-replay/vendor/sheredom/.. -I/home/jianyuzh/ws/llama.cpp/auto_ci/28725/aicss-genai_sycl-graph-record-replay/src/../include -I/home/jianyuzh/ws/llama.cpp/auto_ci/28725/aicss-genai_sycl-graph-record-replay/ggml/src/../include -O3 -DNDEBUG -Xclang -fno-pch-timestamp -Wmissing-declarations -Wmissing-noreturn -Wall -Wextra -Wpedantic -Wcast-qual -Wno-unused-function -MD -MT tests/CMakeFiles/test-json-schema.dir/test-json-schema.cpp.o -MF CMakeFiles/test-json-schema.dir/test-json-schema.cpp.o.d -o CMakeFiles/test-json-schema.dir/test-json-schema.cpp.o -c /home/jianyuzh/ws/llama.cpp/auto_ci/28725/aicss-genai_sycl-graph-record-replay/tests/test-json-schema.cpp
cd /home/jianyuzh/ws/llama.cpp/auto_ci/28725/aicss-genai_sycl-graph-record-replay/build/tests && /opt/intel/oneapi/compiler/2026.1/bin/icpx -DGGML_BACKEND_SHARED -DGGML_SHARED -DGGML_USE_CPU -DGGML_USE_SYCL -DLLAMA_SHARED -DLLAMA_SUBPROCESS -I/home/jianyuzh/ws/llama.cpp/auto_ci/28725/aicss-genai_sycl-graph-record-replay/src/../include -I/home/jianyuzh/ws/llama.cpp/auto_ci/28725/aicss-genai_sycl-graph-record-replay/ggml/src/../include -I/home/jianyuzh/ws/llama.cpp/auto_ci/28725/aicss-genai_sycl-graph-record-replay/common/. -I/home/jianyuzh/ws/llama.cpp/auto_ci/28725/aicss-genai_sycl-graph-record-replay/vendor/nlohmann/.. -I/home/jianyuzh/ws/llama.cpp/auto_ci/28725/aicss-genai_sycl-graph-record-replay/vendor/sheredom/.. -O3 -DNDEBUG -Xclang -fno-pch-timestamp -Wmissing-declarations -Wmissing-noreturn -Wall -Wextra -Wpedantic -Wcast-qual -Wno-unused-function -MD -MT tests/CMakeFiles/test-tokenizer-1-bpe.dir/test-tokenizer-1-bpe.cpp.o -MF CMakeFiles/test-tokenizer-1-bpe.dir/test-tokenizer-1-bpe.cpp.o.d -o CMakeFiles/test-tokenizer-1-bpe.dir/test-tokenizer-1-bpe.cpp.o -c /home/jianyuzh/ws/llama.cpp/auto_ci/28725/aicss-genai_sycl-graph-record-replay/tests/test-tokenizer-1-bpe.cpp
cd /home/jianyuzh/ws/llama.cpp/auto_ci/28725/aicss-genai_sycl-graph-record-replay/build/tests && /opt/intel/oneapi/compiler/2026.1/bin/icpx -DGGML_BACKEND_SHARED -DGGML_SHARED -DGGML_USE_CPU -DGGML_USE_SYCL -DLLAMA_SHARED -DLLAMA_SUBPROCESS -I/home/jianyuzh/ws/llama.cpp/auto_ci/28725/aicss-genai_sycl-graph-record-replay/src/../include -I/home/jianyuzh/ws/llama.cpp/auto_ci/28725/aicss-genai_sycl-graph-record-replay/ggml/src/../include -I/home/jianyuzh/ws/llama.cpp/auto_ci/28725/aicss-genai_sycl-graph-record-replay/common/. -I/home/jianyuzh/ws/llama.cpp/auto_ci/28725/aicss-genai_sycl-graph-record-replay/vendor/nlohmann/.. -I/home/jianyuzh/ws/llama.cpp/auto_ci/28725/aicss-genai_sycl-graph-record-replay/vendor/sheredom/.. -O3 -DNDEBUG -Xclang -fno-pch-timestamp -Wmissing-declarations -Wmissing-noreturn -Wall -Wextra -Wpedantic -Wcast-qual -Wno-unused-function -MD -MT tests/CMakeFiles/test-gbnf-validator.dir/test-gbnf-validator.cpp.o -MF CMakeFiles/test-gbnf-validator.dir/test-gbnf-validator.cpp.o.d -o CMakeFiles/test-gbnf-validator.dir/test-gbnf-validator.cpp.o -c /home/jianyuzh/ws/llama.cpp/auto_ci/28725/aicss-genai_sycl-graph-record-replay/tests/test-gbnf-validator.cpp
cd /home/jianyuzh/ws/llama.cpp/auto_ci/28725/aicss-genai_sycl-graph-record-replay/build/tests && /opt/intel/oneapi/compiler/2026.1/bin/icpx -DGGML_BACKEND_SHARED -DGGML_SHARED -DGGML_USE_CPU -DGGML_USE_SYCL -DLLAMA_SHARED -DLLAMA_SUBPROCESS -I/home/jianyuzh/ws/llama.cpp/auto_ci/28725/aicss-genai_sycl-graph-record-replay/src/../include -I/home/jianyuzh/ws/llama.cpp/auto_ci/28725/aicss-genai_sycl-graph-record-replay/ggml/src/../include -I/home/jianyuzh/ws/llama.cpp/auto_ci/28725/aicss-genai_sycl-graph-record-replay/common/. -I/home/jianyuzh/ws/llama.cpp/auto_ci/28725/aicss-genai_sycl-graph-record-replay/vendor/nlohmann/.. -I/home/jianyuzh/ws/llama.cpp/auto_ci/28725/aicss-genai_sycl-graph-record-replay/vendor/sheredom/.. -O3 -DNDEBUG -Xclang -fno-pch-timestamp -Wmissing-declarations -Wmissing-noreturn -Wall -Wextra -Wpedantic -Wcast-qual -Wno-unused-function -MD -MT tests/CMakeFiles/test-fusion.dir/test-fusion.cpp.o -MF CMakeFiles/test-fusion.dir/test-fusion.cpp.o.d -o CMakeFiles/test-fusion.dir/test-fusion.cpp.o -c /home/jianyuzh/ws/llama.cpp/auto_ci/28725/aicss-genai_sycl-graph-record-replay/tests/test-fusion.cpp
cd /home/jianyuzh/ws/llama.cpp/auto_ci/28725/aicss-genai_sycl-graph-record-replay/build/tests && /opt/intel/oneapi/compiler/2026.1/bin/icpx -DGGML_BACKEND_SHARED -DGGML_SHARED -DGGML_USE_CPU -DGGML_USE_SYCL -DLLAMA_SHARED -DLLAMA_SUBPROCESS -I/home/jianyuzh/ws/llama.cpp/auto_ci/28725/aicss-genai_sycl-graph-record-replay/src/../include -I/home/jianyuzh/ws/llama.cpp/auto_ci/28725/aicss-genai_sycl-graph-record-replay/ggml/src/../include -I/home/jianyuzh/ws/llama.cpp/auto_ci/28725/aicss-genai_sycl-graph-record-replay/common/. -I/home/jianyuzh/ws/llama.cpp/auto_ci/28725/aicss-genai_sycl-graph-record-replay/vendor/nlohmann/.. -I/home/jianyuzh/ws/llama.cpp/auto_ci/28725/aicss-genai_sycl-graph-record-replay/vendor/sheredom/.. -O3 -DNDEBUG -Xclang -fno-pch-timestamp -Wmissing-declarations -Wmissing-noreturn -Wall -Wextra -Wpedantic -Wcast-qual -Wno-unused-function -MD -MT tests/CMakeFiles/test-chat-analysis.dir/test-chat-analysis.cpp.o -MF CMakeFiles/test-chat-analysis.dir/test-chat-analysis.cpp.o.d -o CMakeFiles/test-chat-analysis.dir/test-chat-analysis.cpp.o -c /home/jianyuzh/ws/llama.cpp/auto_ci/28725/aicss-genai_sycl-graph-record-replay/tests/test-chat-analysis.cpp
cd /home/jianyuzh/ws/llama.cpp/auto_ci/28725/aicss-genai_sycl-graph-record-replay/build/tests && /opt/intel/oneapi/compiler/2026.1/bin/icpx -DGGML_BACKEND_SHARED -DGGML_SHARED -DGGML_USE_CPU -DGGML_USE_SYCL -DLLAMA_SHARED -DLLAMA_SUBPROCESS -I/home/jianyuzh/ws/llama.cpp/auto_ci/28725/aicss-genai_sycl-graph-record-replay/src/../include -I/home/jianyuzh/ws/llama.cpp/auto_ci/28725/aicss-genai_sycl-graph-record-replay/ggml/src/../include -I/home/jianyuzh/ws/llama.cpp/auto_ci/28725/aicss-genai_sycl-graph-record-replay/common/. -I/home/jianyuzh/ws/llama.cpp/auto_ci/28725/aicss-genai_sycl-graph-record-replay/vendor/nlohmann/.. -I/home/jianyuzh/ws/llama.cpp/auto_ci/28725/aicss-genai_sycl-graph-record-replay/vendor/sheredom/.. -O3 -DNDEBUG -Xclang -fno-pch-timestamp -Wmissing-declarations -Wmissing-noreturn -Wall -Wextra -Wpedantic -Wcast-qual -Wno-unused-function -MD -MT tests/CMakeFiles/test-llama-archs.dir/test-llama-archs.cpp.o -MF CMakeFiles/test-llama-archs.dir/test-llama-archs.cpp.o.d -o CMakeFiles/test-llama-archs.dir/test-llama-archs.cpp.o -c /home/jianyuzh/ws/llama.cpp/auto_ci/28725/aicss-genai_sycl-graph-record-replay/tests/test-llama-archs.cpp
[ 64%] Building CXX object tests/CMakeFiles/test-model-load-cancel.dir/test-model-load-cancel.cpp.o
cd /home/jianyuzh/ws/llama.cpp/auto_ci/28725/aicss-genai_sycl-graph-record-replay/build/tests && /opt/intel/oneapi/compiler/2026.1/bin/icpx -DGGML_BACKEND_SHARED -DGGML_SHARED -DGGML_USE_CPU -DGGML_USE_SYCL -DLLAMA_SHARED -DLLAMA_SUBPROCESS -I/home/jianyuzh/ws/llama.cpp/auto_ci/28725/aicss-genai_sycl-graph-record-replay/common/. -I/home/jianyuzh/ws/llama.cpp/auto_ci/28725/aicss-genai_sycl-graph-record-replay/vendor/nlohmann/.. -I/home/jianyuzh/ws/llama.cpp/auto_ci/28725/aicss-genai_sycl-graph-record-replay/vendor/sheredom/.. -I/home/jianyuzh/ws/llama.cpp/auto_ci/28725/aicss-genai_sycl-graph-record-replay/src/../include -I/home/jianyuzh/ws/llama.cpp/auto_ci/28725/aicss-genai_sycl-graph-record-replay/ggml/src/../include -O3 -DNDEBUG -Xclang -fno-pch-timestamp -Wmissing-declarations -Wmissing-noreturn -Wall -Wextra -Wpedantic -Wcast-qual -Wno-unused-function -MD -MT tests/CMakeFiles/test-model-resolution.dir/test-model-resolution.cpp.o -MF CMakeFiles/test-model-resolution.dir/test-model-resolution.cpp.o.d -o CMakeFiles/test-model-resolution.dir/test-model-resolution.cpp.o -c /home/jianyuzh/ws/llama.cpp/auto_ci/28725/aicss-genai_sycl-graph-record-replay/tests/test-model-resolution.cpp
[ 64%] Building CXX object tests/CMakeFiles/test-backend-ops.dir/test-backend-ops.cpp.o
[ 64%] Building CXX object tests/CMakeFiles/test-log.dir/test-log.cpp.o
[ 64%] Building CXX object tests/CMakeFiles/test-chat-auto-parser.dir/test-chat-auto-parser.cpp.o
cd /home/jianyuzh/ws/llama.cpp/auto_ci/28725/aicss-genai_sycl-graph-record-replay/build/tests && /opt/intel/oneapi/compiler/2026.1/bin/icpx -DGGML_BACKEND_SHARED -DGGML_SHARED -DGGML_USE_CPU -DGGML_USE_SYCL -DLLAMA_SHARED -DLLAMA_SUBPROCESS -I/home/jianyuzh/ws/llama.cpp/auto_ci/28725/aicss-genai_sycl-graph-record-replay/common/. -I/home/jianyuzh/ws/llama.cpp/auto_ci/28725/aicss-genai_sycl-graph-record-replay/vendor/nlohmann/.. -I/home/jianyuzh/ws/llama.cpp/auto_ci/28725/aicss-genai_sycl-graph-record-replay/vendor/sheredom/.. -I/home/jianyuzh/ws/llama.cpp/auto_ci/28725/aicss-genai_sycl-graph-record-replay/src/../include -I/home/jianyuzh/ws/llama.cpp/auto_ci/28725/aicss-genai_sycl-graph-record-replay/ggml/src/../include -O3 -DNDEBUG -Xclang -fno-pch-timestamp -Wmissing-declarations -Wmissing-noreturn -Wall -Wextra -Wpedantic -Wcast-qual -Wno-unused-function -MD -MT tests/CMakeFiles/test-jinja.dir/test-jinja.cpp.o -MF CMakeFiles/test-jinja.dir/test-jinja.cpp.o.d -o CMakeFiles/test-jinja.dir/test-jinja.cpp.o -c /home/jianyuzh/ws/llama.cpp/auto_ci/28725/aicss-genai_sycl-graph-record-replay/tests/test-jinja.cpp
[ 64%] Building CXX object tests/CMakeFiles/test-opt.dir/test-opt.cpp.o
[ 64%] Building CXX object tests/CMakeFiles/test-chat-template.dir/test-chat-template.cpp.o
[ 64%] Building CXX object tests/CMakeFiles/test-thread-safety.dir/test-thread-safety.cpp.o
[ 64%] Building CXX object tests/CMakeFiles/test-arg-parser.dir/test-arg-parser.cpp.o
gmake[2]: Leaving directory '/home/jianyuzh/ws/llama.cpp/auto_ci/28725/aicss-genai_sycl-graph-record-replay/build'
/usr/bin/gmake  -f tests/CMakeFiles/test-export-graph-ops.dir/build.make tests/CMakeFiles/test-export-graph-ops.dir/build
[ 65%] Building CXX object tests/CMakeFiles/test-state-restore-fragmented.dir/test-state-restore-fragmented.cpp.o
[ 65%] Building CXX object tests/CMakeFiles/test-peg-parser.dir/test-peg-parser.cpp.o
cd /home/jianyuzh/ws/llama.cpp/auto_ci/28725/aicss-genai_sycl-graph-record-replay/build/tests && /opt/intel/oneapi/compiler/2026.1/bin/icpx -DGGML_BACKEND_SHARED -DGGML_SHARED -DGGML_USE_CPU -DGGML_USE_SYCL -DLLAMA_SHARED -DLLAMA_SUBPROCESS -I/home/jianyuzh/ws/llama.cpp/auto_ci/28725/aicss-genai_sycl-graph-record-replay/common/. -I/home/jianyuzh/ws/llama.cpp/auto_ci/28725/aicss-genai_sycl-graph-record-replay/vendor/nlohmann/.. -I/home/jianyuzh/ws/llama.cpp/auto_ci/28725/aicss-genai_sycl-graph-record-replay/vendor/sheredom/.. -I/home/jianyuzh/ws/llama.cpp/auto_ci/28725/aicss-genai_sycl-graph-record-replay/src/../include -I/home/jianyuzh/ws/llama.cpp/auto_ci/28725/aicss-genai_sycl-graph-record-replay/ggml/src/../include -O3 -DNDEBUG -Xclang -fno-pch-timestamp -Wmissing-declarations -Wmissing-noreturn -Wall -Wextra -Wpedantic -Wcast-qual -Wno-unused-function -MD -MT tests/CMakeFiles/test-model-load-cancel.dir/test-model-load-cancel.cpp.o -MF CMakeFiles/test-model-load-cancel.dir/test-model-load-cancel.cpp.o.d -o CMakeFiles/test-model-load-cancel.dir/test-model-load-cancel.cpp.o -c /home/jianyuzh/ws/llama.cpp/auto_ci/28725/aicss-genai_sycl-graph-record-replay/tests/test-model-load-cancel.cpp
cd /home/jianyuzh/ws/llama.cpp/auto_ci/28725/aicss-genai_sycl-graph-record-replay/build/tests && /opt/intel/oneapi/compiler/2026.1/bin/icpx -DGGML_BACKEND_SHARED -DGGML_SHARED -DGGML_USE_CPU -DGGML_USE_SYCL -DLLAMA_SHARED -DLLAMA_SUBPROCESS -I/home/jianyuzh/ws/llama.cpp/auto_ci/28725/aicss-genai_sycl-graph-record-replay/common/. -I/home/jianyuzh/ws/llama.cpp/auto_ci/28725/aicss-genai_sycl-graph-record-replay/vendor/nlohmann/.. -I/home/jianyuzh/ws/llama.cpp/auto_ci/28725/aicss-genai_sycl-graph-record-replay/vendor/sheredom/.. -I/home/jianyuzh/ws/llama.cpp/auto_ci/28725/aicss-genai_sycl-graph-record-replay/src/../include -I/home/jianyuzh/ws/llama.cpp/auto_ci/28725/aicss-genai_sycl-graph-record-replay/ggml/src/../include -O3 -DNDEBUG -Xclang -fno-pch-timestamp -Wmissing-declarations -Wmissing-noreturn -Wall -Wextra -Wpedantic -Wcast-qual -Wno-unused-function -MD -MT tests/CMakeFiles/test-chat-auto-parser.dir/test-chat-auto-parser.cpp.o -MF CMakeFiles/test-chat-auto-parser.dir/test-chat-auto-parser.cpp.o.d -o CMakeFiles/test-chat-auto-parser.dir/test-chat-auto-parser.cpp.o -c /home/jianyuzh/ws/llama.cpp/auto_ci/28725/aicss-genai_sycl-graph-record-replay/tests/test-chat-auto-parser.cpp
cd /home/jianyuzh/ws/llama.cpp/auto_ci/28725/aicss-genai_sycl-graph-record-replay/build/tests && /opt/intel/oneapi/compiler/2026.1/bin/icpx -DGGML_BACKEND_SHARED -DGGML_SHARED -DGGML_USE_CPU -DGGML_USE_SYCL -DLLAMA_SHARED -DLLAMA_SUBPROCESS -I/home/jianyuzh/ws/llama.cpp/auto_ci/28725/aicss-genai_sycl-graph-record-replay/src/../include -I/home/jianyuzh/ws/llama.cpp/auto_ci/28725/aicss-genai_sycl-graph-record-replay/ggml/src/../include -I/home/jianyuzh/ws/llama.cpp/auto_ci/28725/aicss-genai_sycl-graph-record-replay/common/. -I/home/jianyuzh/ws/llama.cpp/auto_ci/28725/aicss-genai_sycl-graph-record-replay/vendor/nlohmann/.. -I/home/jianyuzh/ws/llama.cpp/auto_ci/28725/aicss-genai_sycl-graph-record-replay/vendor/sheredom/.. -O3 -DNDEBUG -Xclang -fno-pch-timestamp -Wmissing-declarations -Wmissing-noreturn -Wall -Wextra -Wpedantic -Wcast-qual -Wno-unused-function -MD -MT tests/CMakeFiles/test-backend-ops.dir/test-backend-ops.cpp.o -MF CMakeFiles/test-backend-ops.dir/test-backend-ops.cpp.o.d -o CMakeFiles/test-backend-ops.dir/test-backend-ops.cpp.o -c /home/jianyuzh/ws/llama.cpp/auto_ci/28725/aicss-genai_sycl-graph-record-replay/tests/test-backend-ops.cpp
cd /home/jianyuzh/ws/llama.cpp/auto_ci/28725/aicss-genai_sycl-graph-record-replay/build/tests && /opt/intel/oneapi/compiler/2026.1/bin/icpx -DGGML_BACKEND_SHARED -DGGML_SHARED -DGGML_USE_CPU -DGGML_USE_SYCL -DLLAMA_SHARED -DLLAMA_SUBPROCESS -I/home/jianyuzh/ws/llama.cpp/auto_ci/28725/aicss-genai_sycl-graph-record-replay/common/. -I/home/jianyuzh/ws/llama.cpp/auto_ci/28725/aicss-genai_sycl-graph-record-replay/vendor/nlohmann/.. -I/home/jianyuzh/ws/llama.cpp/auto_ci/28725/aicss-genai_sycl-graph-record-replay/vendor/sheredom/.. -I/home/jianyuzh/ws/llama.cpp/auto_ci/28725/aicss-genai_sycl-graph-record-replay/src/../include -I/home/jianyuzh/ws/llama.cpp/auto_ci/28725/aicss-genai_sycl-graph-record-replay/ggml/src/../include -O3 -DNDEBUG -Xclang -fno-pch-timestamp -Wmissing-declarations -Wmissing-noreturn -Wall -Wextra -Wpedantic -Wcast-qual -Wno-unused-function -MD -MT tests/CMakeFiles/test-log.dir/test-log.cpp.o -MF CMakeFiles/test-log.dir/test-log.cpp.o.d -o CMakeFiles/test-log.dir/test-log.cpp.o -c /home/jianyuzh/ws/llama.cpp/auto_ci/28725/aicss-genai_sycl-graph-record-replay/tests/test-log.cpp
[ 66%] Building CXX object tests/CMakeFiles/test-barrier.dir/test-barrier.cpp.o
cd /home/jianyuzh/ws/llama.cpp/auto_ci/28725/aicss-genai_sycl-graph-record-replay/build/tests && /opt/intel/oneapi/compiler/2026.1/bin/icpx -DGGML_BACKEND_SHARED -DGGML_SHARED -DGGML_USE_CPU -DGGML_USE_SYCL -DLLAMA_SHARED -DLLAMA_SUBPROCESS -I/home/jianyuzh/ws/llama.cpp/auto_ci/28725/aicss-genai_sycl-graph-record-replay/common/. -I/home/jianyuzh/ws/llama.cpp/auto_ci/28725/aicss-genai_sycl-graph-record-replay/vendor/nlohmann/.. -I/home/jianyuzh/ws/llama.cpp/auto_ci/28725/aicss-genai_sycl-graph-record-replay/vendor/sheredom/.. -I/home/jianyuzh/ws/llama.cpp/auto_ci/28725/aicss-genai_sycl-graph-record-replay/src/../include -I/home/jianyuzh/ws/llama.cpp/auto_ci/28725/aicss-genai_sycl-graph-record-replay/ggml/src/../include -O3 -DNDEBUG -Xclang -fno-pch-timestamp -Wmissing-declarations -Wmissing-noreturn -Wall -Wextra -Wpedantic -Wcast-qual -Wno-unused-function -MD -MT tests/CMakeFiles/test-chat-template.dir/test-chat-template.cpp.o -MF CMakeFiles/test-chat-template.dir/test-chat-template.cpp.o.d -o CMakeFiles/test-chat-template.dir/test-chat-template.cpp.o -c /home/jianyuzh/ws/llama.cpp/auto_ci/28725/aicss-genai_sycl-graph-record-replay/tests/test-chat-template.cpp
cd /home/jianyuzh/ws/llama.cpp/auto_ci/28725/aicss-genai_sycl-graph-record-replay/build/tests && /opt/intel/oneapi/compiler/2026.1/bin/icpx -DGGML_BACKEND_SHARED -DGGML_SHARED -DGGML_USE_CPU -DGGML_USE_SYCL -DLLAMA_SHARED -DLLAMA_SUBPROCESS -I/home/jianyuzh/ws/llama.cpp/auto_ci/28725/aicss-genai_sycl-graph-record-replay/common/. -I/home/jianyuzh/ws/llama.cpp/auto_ci/28725/aicss-genai_sycl-graph-record-replay/vendor/nlohmann/.. -I/home/jianyuzh/ws/llama.cpp/auto_ci/28725/aicss-genai_sycl-graph-record-replay/vendor/sheredom/.. -I/home/jianyuzh/ws/llama.cpp/auto_ci/28725/aicss-genai_sycl-graph-record-replay/src/../include -I/home/jianyuzh/ws/llama.cpp/auto_ci/28725/aicss-genai_sycl-graph-record-replay/ggml/src/../include -O3 -DNDEBUG -Xclang -fno-pch-timestamp -Wmissing-declarations -Wmissing-noreturn -Wall -Wextra -Wpedantic -Wcast-qual -Wno-unused-function -MD -MT tests/CMakeFiles/test-opt.dir/test-opt.cpp.o -MF CMakeFiles/test-opt.dir/test-opt.cpp.o.d -o CMakeFiles/test-opt.dir/test-opt.cpp.o -c /home/jianyuzh/ws/llama.cpp/auto_ci/28725/aicss-genai_sycl-graph-record-replay/tests/test-opt.cpp
[ 66%] Building CXX object tests/CMakeFiles/test-backend-sampler.dir/test-backend-sampler.cpp.o
cd /home/jianyuzh/ws/llama.cpp/auto_ci/28725/aicss-genai_sycl-graph-record-replay/build/tests && /opt/intel/oneapi/compiler/2026.1/bin/icpx -DGGML_BACKEND_SHARED -DGGML_SHARED -DGGML_USE_CPU -DGGML_USE_SYCL -DLLAMA_SHARED -DLLAMA_SUBPROCESS -I/home/jianyuzh/ws/llama.cpp/auto_ci/28725/aicss-genai_sycl-graph-record-replay/common/. -I/home/jianyuzh/ws/llama.cpp/auto_ci/28725/aicss-genai_sycl-graph-record-replay/vendor/nlohmann/.. -I/home/jianyuzh/ws/llama.cpp/auto_ci/28725/aicss-genai_sycl-graph-record-replay/vendor/sheredom/.. -I/home/jianyuzh/ws/llama.cpp/auto_ci/28725/aicss-genai_sycl-graph-record-replay/src/../include -I/home/jianyuzh/ws/llama.cpp/auto_ci/28725/aicss-genai_sycl-graph-record-replay/ggml/src/../include -O3 -DNDEBUG -Xclang -fno-pch-timestamp -Wmissing-declarations -Wmissing-noreturn -Wall -Wextra -Wpedantic -Wcast-qual -Wno-unused-function -MD -MT tests/CMakeFiles/test-arg-parser.dir/test-arg-parser.cpp.o -MF CMakeFiles/test-arg-parser.dir/test-arg-parser.cpp.o.d -o CMakeFiles/test-arg-parser.dir/test-arg-parser.cpp.o -c /home/jianyuzh/ws/llama.cpp/auto_ci/28725/aicss-genai_sycl-graph-record-replay/tests/test-arg-parser.cpp
cd /home/jianyuzh/ws/llama.cpp/auto_ci/28725/aicss-genai_sycl-graph-record-replay/build/tests && /opt/intel/oneapi/compiler/2026.1/bin/icpx -DGGML_BACKEND_SHARED -DGGML_SHARED -DGGML_USE_CPU -DGGML_USE_SYCL -DLLAMA_SHARED -DLLAMA_SUBPROCESS -I/home/jianyuzh/ws/llama.cpp/auto_ci/28725/aicss-genai_sycl-graph-record-replay/common/. -I/home/jianyuzh/ws/llama.cpp/auto_ci/28725/aicss-genai_sycl-graph-record-replay/vendor/nlohmann/.. -I/home/jianyuzh/ws/llama.cpp/auto_ci/28725/aicss-genai_sycl-graph-record-replay/vendor/sheredom/.. -I/home/jianyuzh/ws/llama.cpp/auto_ci/28725/aicss-genai_sycl-graph-record-replay/src/../include -I/home/jianyuzh/ws/llama.cpp/auto_ci/28725/aicss-genai_sycl-graph-record-replay/ggml/src/../include -O3 -DNDEBUG -Xclang -fno-pch-timestamp -Wmissing-declarations -Wmissing-noreturn -Wall -Wextra -Wpedantic -Wcast-qual -Wno-unused-function -MD -MT tests/CMakeFiles/test-thread-safety.dir/test-thread-safety.cpp.o -MF CMakeFiles/test-thread-safety.dir/test-thread-safety.cpp.o.d -o CMakeFiles/test-thread-safety.dir/test-thread-safety.cpp.o -c /home/jianyuzh/ws/llama.cpp/auto_ci/28725/aicss-genai_sycl-graph-record-replay/tests/test-thread-safety.cpp
gmake[2]: Entering directory '/home/jianyuzh/ws/llama.cpp/auto_ci/28725/aicss-genai_sycl-graph-record-replay/build'
[ 66%] Building CXX object tests/CMakeFiles/test-col2im-1d.dir/test-col2im-1d.cpp.o
cd /home/jianyuzh/ws/llama.cpp/auto_ci/28725/aicss-genai_sycl-graph-record-replay/build/tests && /opt/intel/oneapi/compiler/2026.1/bin/icpx -DGGML_BACKEND_SHARED -DGGML_SHARED -DGGML_USE_CPU -DGGML_USE_SYCL -DLLAMA_SHARED -DLLAMA_SUBPROCESS -I/home/jianyuzh/ws/llama.cpp/auto_ci/28725/aicss-genai_sycl-graph-record-replay/common/. -I/home/jianyuzh/ws/llama.cpp/auto_ci/28725/aicss-genai_sycl-graph-record-replay/vendor/nlohmann/.. -I/home/jianyuzh/ws/llama.cpp/auto_ci/28725/aicss-genai_sycl-graph-record-replay/vendor/sheredom/.. -I/home/jianyuzh/ws/llama.cpp/auto_ci/28725/aicss-genai_sycl-graph-record-replay/src/../include -I/home/jianyuzh/ws/llama.cpp/auto_ci/28725/aicss-genai_sycl-graph-record-replay/ggml/src/../include -O3 -DNDEBUG -Xclang -fno-pch-timestamp -Wmissing-declarations -Wmissing-noreturn -Wall -Wextra -Wpedantic -Wcast-qual -Wno-unused-function -MD -MT tests/CMakeFiles/test-state-restore-fragmented.dir/test-state-restore-fragmented.cpp.o -MF CMakeFiles/test-state-restore-fragmented.dir/test-state-restore-fragmented.cpp.o.d -o CMakeFiles/test-state-restore-fragmented.dir/test-state-restore-fragmented.cpp.o -c /home/jianyuzh/ws/llama.cpp/auto_ci/28725/aicss-genai_sycl-graph-record-replay/tests/test-state-restore-fragmented.cpp
cd /home/jianyuzh/ws/llama.cpp/auto_ci/28725/aicss-genai_sycl-graph-record-replay/build/tests && /opt/intel/oneapi/compiler/2026.1/bin/icpx -DGGML_BACKEND_SHARED -DGGML_SHARED -DGGML_USE_CPU -DGGML_USE_SYCL -DLLAMA_SHARED -DLLAMA_SUBPROCESS -I/home/jianyuzh/ws/llama.cpp/auto_ci/28725/aicss-genai_sycl-graph-record-replay/common/. -I/home/jianyuzh/ws/llama.cpp/auto_ci/28725/aicss-genai_sycl-graph-record-replay/vendor/nlohmann/.. -I/home/jianyuzh/ws/llama.cpp/auto_ci/28725/aicss-genai_sycl-graph-record-replay/vendor/sheredom/.. -I/home/jianyuzh/ws/llama.cpp/auto_ci/28725/aicss-genai_sycl-graph-record-replay/src/../include -I/home/jianyuzh/ws/llama.cpp/auto_ci/28725/aicss-genai_sycl-graph-record-replay/ggml/src/../include -O3 -DNDEBUG -Xclang -fno-pch-timestamp -Wmissing-declarations -Wmissing-noreturn -Wall -Wextra -Wpedantic -Wcast-qual -Wno-unused-function -MD -MT tests/CMakeFiles/test-peg-parser.dir/test-peg-parser.cpp.o -MF CMakeFiles/test-peg-parser.dir/test-peg-parser.cpp.o.d -o CMakeFiles/test-peg-parser.dir/test-peg-parser.cpp.o -c /home/jianyuzh/ws/llama.cpp/auto_ci/28725/aicss-genai_sycl-graph-record-replay/tests/test-peg-parser.cpp
[ 66%] Building CXX object tests/CMakeFiles/test-rope.dir/test-rope.cpp.o
[ 66%] Building CXX object tests/CMakeFiles/test-quantize-perf.dir/test-quantize-perf.cpp.o
cd /home/jianyuzh/ws/llama.cpp/auto_ci/28725/aicss-genai_sycl-graph-record-replay/build/tests && /opt/intel/oneapi/compiler/2026.1/bin/icpx -DGGML_BACKEND_SHARED -DGGML_SHARED -DGGML_USE_CPU -DGGML_USE_SYCL -DLLAMA_SHARED -DLLAMA_SUBPROCESS -I/home/jianyuzh/ws/llama.cpp/auto_ci/28725/aicss-genai_sycl-graph-record-replay/common/. -I/home/jianyuzh/ws/llama.cpp/auto_ci/28725/aicss-genai_sycl-graph-record-replay/vendor/nlohmann/.. -I/home/jianyuzh/ws/llama.cpp/auto_ci/28725/aicss-genai_sycl-graph-record-replay/vendor/sheredom/.. -I/home/jianyuzh/ws/llama.cpp/auto_ci/28725/aicss-genai_sycl-graph-record-replay/src/../include -I/home/jianyuzh/ws/llama.cpp/auto_ci/28725/aicss-genai_sycl-graph-record-replay/ggml/src/../include -O3 -DNDEBUG -Xclang -fno-pch-timestamp -Wmissing-declarations -Wmissing-noreturn -Wall -Wextra -Wpedantic -Wcast-qual -Wno-unused-function -MD -MT tests/CMakeFiles/test-barrier.dir/test-barrier.cpp.o -MF CMakeFiles/test-barrier.dir/test-barrier.cpp.o.d -o CMakeFiles/test-barrier.dir/test-barrier.cpp.o -c /home/jianyuzh/ws/llama.cpp/auto_ci/28725/aicss-genai_sycl-graph-record-replay/tests/test-barrier.cpp
cd /home/jianyuzh/ws/llama.cpp/auto_ci/28725/aicss-genai_sycl-graph-record-replay/build/tests && /opt/intel/oneapi/compiler/2026.1/bin/icpx -DGGML_BACKEND_SHARED -DGGML_SHARED -DGGML_USE_CPU -DGGML_USE_SYCL -DLLAMA_SHARED -DLLAMA_SUBPROCESS -I/home/jianyuzh/ws/llama.cpp/auto_ci/28725/aicss-genai_sycl-graph-record-replay/common/. -I/home/jianyuzh/ws/llama.cpp/auto_ci/28725/aicss-genai_sycl-graph-record-replay/vendor/nlohmann/.. -I/home/jianyuzh/ws/llama.cpp/auto_ci/28725/aicss-genai_sycl-graph-record-replay/vendor/sheredom/.. -I/home/jianyuzh/ws/llama.cpp/auto_ci/28725/aicss-genai_sycl-graph-record-replay/src/../include -I/home/jianyuzh/ws/llama.cpp/auto_ci/28725/aicss-genai_sycl-graph-record-replay/ggml/src/../include -O3 -DNDEBUG -Xclang -fno-pch-timestamp -Wmissing-declarations -Wmissing-noreturn -Wall -Wextra -Wpedantic -Wcast-qual -Wno-unused-function -MD -MT tests/CMakeFiles/test-backend-sampler.dir/test-backend-sampler.cpp.o -MF CMakeFiles/test-backend-sampler.dir/test-backend-sampler.cpp.o.d -o CMakeFiles/test-backend-sampler.dir/test-backend-sampler.cpp.o -c /home/jianyuzh/ws/llama.cpp/auto_ci/28725/aicss-genai_sycl-graph-record-replay/tests/test-backend-sampler.cpp
[ 66%] Building CXX object examples/batched/CMakeFiles/llama-batched.dir/batched.cpp.o
[ 66%] Building CXX object tests/CMakeFiles/test-mtmd-impl.dir/test-mtmd-impl.cpp.o
cd /home/jianyuzh/ws/llama.cpp/auto_ci/28725/aicss-genai_sycl-graph-record-replay/build/tests && /opt/intel/oneapi/compiler/2026.1/bin/icpx -DGGML_BACKEND_SHARED -DGGML_SHARED -DGGML_USE_CPU -DGGML_USE_SYCL -DLLAMA_SHARED -DLLAMA_SUBPROCESS -I/home/jianyuzh/ws/llama.cpp/auto_ci/28725/aicss-genai_sycl-graph-record-replay/common/. -I/home/jianyuzh/ws/llama.cpp/auto_ci/28725/aicss-genai_sycl-graph-record-replay/vendor/nlohmann/.. -I/home/jianyuzh/ws/llama.cpp/auto_ci/28725/aicss-genai_sycl-graph-record-replay/vendor/sheredom/.. -I/home/jianyuzh/ws/llama.cpp/auto_ci/28725/aicss-genai_sycl-graph-record-replay/src/../include -I/home/jianyuzh/ws/llama.cpp/auto_ci/28725/aicss-genai_sycl-graph-record-replay/ggml/src/../include -O3 -DNDEBUG -Xclang -fno-pch-timestamp -Wmissing-declarations -Wmissing-noreturn -Wall -Wextra -Wpedantic -Wcast-qual -Wno-unused-function -MD -MT tests/CMakeFiles/test-col2im-1d.dir/test-col2im-1d.cpp.o -MF CMakeFiles/test-col2im-1d.dir/test-col2im-1d.cpp.o.d -o CMakeFiles/test-col2im-1d.dir/test-col2im-1d.cpp.o -c /home/jianyuzh/ws/llama.cpp/auto_ci/28725/aicss-genai_sycl-graph-record-replay/tests/test-col2im-1d.cpp
[ 67%] Building CXX object tests/CMakeFiles/test-quantize-fns.dir/test-quantize-fns.cpp.o
[ 67%] Building CXX object tests/CMakeFiles/test-alloc.dir/test-alloc.cpp.o
[ 67%] Building CXX object tests/CMakeFiles/test-gguf.dir/test-gguf.cpp.o
cd /home/jianyuzh/ws/llama.cpp/auto_ci/28725/aicss-genai_sycl-graph-record-replay/build/tests && /opt/intel/oneapi/compiler/2026.1/bin/icpx -DGGML_BACKEND_SHARED -DGGML_SHARED -DGGML_USE_CPU -DGGML_USE_SYCL -DLLAMA_SHARED -DLLAMA_SUBPROCESS -I/home/jianyuzh/ws/llama.cpp/auto_ci/28725/aicss-genai_sycl-graph-record-replay/common/. -I/home/jianyuzh/ws/llama.cpp/auto_ci/28725/aicss-genai_sycl-graph-record-replay/vendor/nlohmann/.. -I/home/jianyuzh/ws/llama.cpp/auto_ci/28725/aicss-genai_sycl-graph-record-replay/vendor/sheredom/.. -I/home/jianyuzh/ws/llama.cpp/auto_ci/28725/aicss-genai_sycl-graph-record-replay/src/../include -I/home/jianyuzh/ws/llama.cpp/auto_ci/28725/aicss-genai_sycl-graph-record-replay/ggml/src/../include -O3 -DNDEBUG -Xclang -fno-pch-timestamp -Wmissing-declarations -Wmissing-noreturn -Wall -Wextra -Wpedantic -Wcast-qual -Wno-unused-function -MD -MT tests/CMakeFiles/test-rope.dir/test-rope.cpp.o -MF CMakeFiles/test-rope.dir/test-rope.cpp.o.d -o CMakeFiles/test-rope.dir/test-rope.cpp.o -c /home/jianyuzh/ws/llama.cpp/auto_ci/28725/aicss-genai_sycl-graph-record-replay/tests/test-rope.cpp
cd /home/jianyuzh/ws/llama.cpp/auto_ci/28725/aicss-genai_sycl-graph-record-replay/build/tests && /opt/intel/oneapi/compiler/2026.1/bin/icpx -DGGML_BACKEND_SHARED -DGGML_SHARED -DGGML_USE_CPU -DGGML_USE_SYCL -DLLAMA_SHARED -DLLAMA_SUBPROCESS -I/home/jianyuzh/ws/llama.cpp/auto_ci/28725/aicss-genai_sycl-graph-record-replay/common/. -I/home/jianyuzh/ws/llama.cpp/auto_ci/28725/aicss-genai_sycl-graph-record-replay/vendor/nlohmann/.. -I/home/jianyuzh/ws/llama.cpp/auto_ci/28725/aicss-genai_sycl-graph-record-replay/vendor/sheredom/.. -I/home/jianyuzh/ws/llama.cpp/auto_ci/28725/aicss-genai_sycl-graph-record-replay/src/../include -I/home/jianyuzh/ws/llama.cpp/auto_ci/28725/aicss-genai_sycl-graph-record-replay/ggml/src/../include -O3 -DNDEBUG -Xclang -fno-pch-timestamp -Wmissing-declarations -Wmissing-noreturn -Wall -Wextra -Wpedantic -Wcast-qual -Wno-unused-function -MD -MT tests/CMakeFiles/test-quantize-perf.dir/test-quantize-perf.cpp.o -MF CMakeFiles/test-quantize-perf.dir/test-quantize-perf.cpp.o.d -o CMakeFiles/test-quantize-perf.dir/test-quantize-perf.cpp.o -c /home/jianyuzh/ws/llama.cpp/auto_ci/28725/aicss-genai_sycl-graph-record-replay/tests/test-quantize-perf.cpp
[ 67%] Building CXX object examples/debug/CMakeFiles/llama-debug.dir/debug.cpp.o
cd /home/jianyuzh/ws/llama.cpp/auto_ci/28725/aicss-genai_sycl-graph-record-replay/build/examples/batched && /opt/intel/oneapi/compiler/2026.1/bin/icpx -DGGML_BACKEND_SHARED -DGGML_SHARED -DGGML_USE_CPU -DGGML_USE_SYCL -DLLAMA_SHARED -DLLAMA_SUBPROCESS -I/home/jianyuzh/ws/llama.cpp/auto_ci/28725/aicss-genai_sycl-graph-record-replay/common/. -I/home/jianyuzh/ws/llama.cpp/auto_ci/28725/aicss-genai_sycl-graph-record-replay/vendor/nlohmann/.. -I/home/jianyuzh/ws/llama.cpp/auto_ci/28725/aicss-genai_sycl-graph-record-replay/vendor/sheredom/.. -I/home/jianyuzh/ws/llama.cpp/auto_ci/28725/aicss-genai_sycl-graph-record-replay/src/../include -I/home/jianyuzh/ws/llama.cpp/auto_ci/28725/aicss-genai_sycl-graph-record-replay/ggml/src/../include -O3 -DNDEBUG -Xclang -fno-pch-timestamp -Wmissing-declarations -Wmissing-noreturn -Wall -Wextra -Wpedantic -Wcast-qual -Wno-unused-function -MD -MT examples/batched/CMakeFiles/llama-batched.dir/batched.cpp.o -MF CMakeFiles/llama-batched.dir/batched.cpp.o.d -o CMakeFiles/llama-batched.dir/batched.cpp.o -c /home/jianyuzh/ws/llama.cpp/auto_ci/28725/aicss-genai_sycl-graph-record-replay/examples/batched/batched.cpp
[ 68%] Building C object tests/CMakeFiles/test-mtmd-c-api.dir/test-mtmd-c-api.c.o
cd /home/jianyuzh/ws/llama.cpp/auto_ci/28725/aicss-genai_sycl-graph-record-replay/build/tests && /opt/intel/oneapi/compiler/2026.1/bin/icpx -DGGML_BACKEND_SHARED -DGGML_SHARED -DGGML_USE_CPU -DGGML_USE_SYCL -DLLAMA_SHARED -DLLAMA_SUBPROCESS -I/home/jianyuzh/ws/llama.cpp/auto_ci/28725/aicss-genai_sycl-graph-record-replay/common/. -I/home/jianyuzh/ws/llama.cpp/auto_ci/28725/aicss-genai_sycl-graph-record-replay/vendor/nlohmann/.. -I/home/jianyuzh/ws/llama.cpp/auto_ci/28725/aicss-genai_sycl-graph-record-replay/vendor/sheredom/.. -I/home/jianyuzh/ws/llama.cpp/auto_ci/28725/aicss-genai_sycl-graph-record-replay/src/../include -I/home/jianyuzh/ws/llama.cpp/auto_ci/28725/aicss-genai_sycl-graph-record-replay/ggml/src/../include -I/home/jianyuzh/ws/llama.cpp/auto_ci/28725/aicss-genai_sycl-graph-record-replay/tools/mtmd/. -O3 -DNDEBUG -Xclang -fno-pch-timestamp -Wmissing-declarations -Wmissing-noreturn -Wall -Wextra -Wpedantic -Wcast-qual -Wno-unused-function -MD -MT tests/CMakeFiles/test-mtmd-impl.dir/test-mtmd-impl.cpp.o -MF CMakeFiles/test-mtmd-impl.dir/test-mtmd-impl.cpp.o.d -o CMakeFiles/test-mtmd-impl.dir/test-mtmd-impl.cpp.o -c /home/jianyuzh/ws/llama.cpp/auto_ci/28725/aicss-genai_sycl-graph-record-replay/tests/test-mtmd-impl.cpp
[ 68%] Building CXX object tests/CMakeFiles/test-batch-alloc.dir/test-batch-alloc.cpp.o
cd /home/jianyuzh/ws/llama.cpp/auto_ci/28725/aicss-genai_sycl-graph-record-replay/build/tests && /opt/intel/oneapi/compiler/2026.1/bin/icpx -DGGML_BACKEND_SHARED -DGGML_SHARED -DGGML_USE_CPU -DGGML_USE_SYCL -DLLAMA_SHARED -DLLAMA_SUBPROCESS -I/home/jianyuzh/ws/llama.cpp/auto_ci/28725/aicss-genai_sycl-graph-record-replay/common/. -I/home/jianyuzh/ws/llama.cpp/auto_ci/28725/aicss-genai_sycl-graph-record-replay/vendor/nlohmann/.. -I/home/jianyuzh/ws/llama.cpp/auto_ci/28725/aicss-genai_sycl-graph-record-replay/vendor/sheredom/.. -I/home/jianyuzh/ws/llama.cpp/auto_ci/28725/aicss-genai_sycl-graph-record-replay/src/../include -I/home/jianyuzh/ws/llama.cpp/auto_ci/28725/aicss-genai_sycl-graph-record-replay/ggml/src/../include -O3 -DNDEBUG -Xclang -fno-pch-timestamp -Wmissing-declarations -Wmissing-noreturn -Wall -Wextra -Wpedantic -Wcast-qual -Wno-unused-function -MD -MT tests/CMakeFiles/test-quantize-fns.dir/test-quantize-fns.cpp.o -MF CMakeFiles/test-quantize-fns.dir/test-quantize-fns.cpp.o.d -o CMakeFiles/test-quantize-fns.dir/test-quantize-fns.cpp.o -c /home/jianyuzh/ws/llama.cpp/auto_ci/28725/aicss-genai_sycl-graph-record-replay/tests/test-quantize-fns.cpp
cd /home/jianyuzh/ws/llama.cpp/auto_ci/28725/aicss-genai_sycl-graph-record-replay/build/tests && /opt/intel/oneapi/compiler/2026.1/bin/icpx -DGGML_BACKEND_SHARED -DGGML_SHARED -DGGML_USE_CPU -DGGML_USE_SYCL -DLLAMA_SHARED -DLLAMA_SUBPROCESS -I/home/jianyuzh/ws/llama.cpp/auto_ci/28725/aicss-genai_sycl-graph-record-replay/common/. -I/home/jianyuzh/ws/llama.cpp/auto_ci/28725/aicss-genai_sycl-graph-record-replay/vendor/nlohmann/.. -I/home/jianyuzh/ws/llama.cpp/auto_ci/28725/aicss-genai_sycl-graph-record-replay/vendor/sheredom/.. -I/home/jianyuzh/ws/llama.cpp/auto_ci/28725/aicss-genai_sycl-graph-record-replay/src/../include -I/home/jianyuzh/ws/llama.cpp/auto_ci/28725/aicss-genai_sycl-graph-record-replay/ggml/src/../include -O3 -DNDEBUG -Xclang -fno-pch-timestamp -Wmissing-declarations -Wmissing-noreturn -Wall -Wextra -Wpedantic -Wcast-qual -Wno-unused-function -MD -MT tests/CMakeFiles/test-alloc.dir/test-alloc.cpp.o -MF CMakeFiles/test-alloc.dir/test-alloc.cpp.o.d -o CMakeFiles/test-alloc.dir/test-alloc.cpp.o -c /home/jianyuzh/ws/llama.cpp/auto_ci/28725/aicss-genai_sycl-graph-record-replay/tests/test-alloc.cpp
cd /home/jianyuzh/ws/llama.cpp/auto_ci/28725/aicss-genai_sycl-graph-record-replay/build/tests && /opt/intel/oneapi/compiler/2026.1/bin/icpx -DGGML_BACKEND_SHARED -DGGML_SHARED -DGGML_USE_CPU -DGGML_USE_SYCL -DLLAMA_SHARED -DLLAMA_SUBPROCESS -I/home/jianyuzh/ws/llama.cpp/auto_ci/28725/aicss-genai_sycl-graph-record-replay/common/. -I/home/jianyuzh/ws/llama.cpp/auto_ci/28725/aicss-genai_sycl-graph-record-replay/vendor/nlohmann/.. -I/home/jianyuzh/ws/llama.cpp/auto_ci/28725/aicss-genai_sycl-graph-record-replay/vendor/sheredom/.. -I/home/jianyuzh/ws/llama.cpp/auto_ci/28725/aicss-genai_sycl-graph-record-replay/src/../include -I/home/jianyuzh/ws/llama.cpp/auto_ci/28725/aicss-genai_sycl-graph-record-replay/ggml/src/../include -O3 -DNDEBUG -Xclang -fno-pch-timestamp -Wmissing-declarations -Wmissing-noreturn -Wall -Wextra -Wpedantic -Wcast-qual -Wno-unused-function -MD -MT tests/CMakeFiles/test-gguf.dir/test-gguf.cpp.o -MF CMakeFiles/test-gguf.dir/test-gguf.cpp.o.d -o CMakeFiles/test-gguf.dir/test-gguf.cpp.o -c /home/jianyuzh/ws/llama.cpp/auto_ci/28725/aicss-genai_sycl-graph-record-replay/tests/test-gguf.cpp
cd /home/jianyuzh/ws/llama.cpp/auto_ci/28725/aicss-genai_sycl-graph-record-replay/build/examples/debug && /opt/intel/oneapi/compiler/2026.1/bin/icpx -DGGML_BACKEND_SHARED -DGGML_SHARED -DGGML_USE_CPU -DGGML_USE_SYCL -DLLAMA_SHARED -DLLAMA_SUBPROCESS -I/home/jianyuzh/ws/llama.cpp/auto_ci/28725/aicss-genai_sycl-graph-record-replay/common/. -I/home/jianyuzh/ws/llama.cpp/auto_ci/28725/aicss-genai_sycl-graph-record-replay/vendor/nlohmann/.. -I/home/jianyuzh/ws/llama.cpp/auto_ci/28725/aicss-genai_sycl-graph-record-replay/vendor/sheredom/.. -I/home/jianyuzh/ws/llama.cpp/auto_ci/28725/aicss-genai_sycl-graph-record-replay/src/../include -I/home/jianyuzh/ws/llama.cpp/auto_ci/28725/aicss-genai_sycl-graph-record-replay/ggml/src/../include -O3 -DNDEBUG -Xclang -fno-pch-timestamp -Wmissing-declarations -Wmissing-noreturn -Wall -Wextra -Wpedantic -Wcast-qual -Wno-unused-function -MD -MT examples/debug/CMakeFiles/llama-debug.dir/debug.cpp.o -MF CMakeFiles/llama-debug.dir/debug.cpp.o.d -o CMakeFiles/llama-debug.dir/debug.cpp.o -c /home/jianyuzh/ws/llama.cpp/auto_ci/28725/aicss-genai_sycl-graph-record-replay/examples/debug/debug.cpp
[ 68%] Building CXX object examples/embedding/CMakeFiles/llama-embedding.dir/embedding.cpp.o
cd /home/jianyuzh/ws/llama.cpp/auto_ci/28725/aicss-genai_sycl-graph-record-replay/build/tests && /opt/intel/oneapi/compiler/2026.1/bin/icx -DGGML_BACKEND_SHARED -DGGML_SHARED -DGGML_USE_CPU -DGGML_USE_SYCL -DLLAMA_SHARED -DLLAMA_SUBPROCESS -I/home/jianyuzh/ws/llama.cpp/auto_ci/28725/aicss-genai_sycl-graph-record-replay/common/. -I/home/jianyuzh/ws/llama.cpp/auto_ci/28725/aicss-genai_sycl-graph-record-replay/vendor/nlohmann/.. -I/home/jianyuzh/ws/llama.cpp/auto_ci/28725/aicss-genai_sycl-graph-record-replay/vendor/sheredom/.. -I/home/jianyuzh/ws/llama.cpp/auto_ci/28725/aicss-genai_sycl-graph-record-replay/src/../include -I/home/jianyuzh/ws/llama.cpp/auto_ci/28725/aicss-genai_sycl-graph-record-replay/ggml/src/../include -I/home/jianyuzh/ws/llama.cpp/auto_ci/28725/aicss-genai_sycl-graph-record-replay/tools/mtmd/. -O3 -DNDEBUG -Xclang -fno-pch-timestamp -Wshadow -Wstrict-prototypes -Wpointer-arith -Wmissing-prototypes -Werror=implicit-int -Werror=implicit-function-declaration -Wall -Wextra -Wpedantic -Wcast-qual -Wno-unused-function -MD -MT tests/CMakeFiles/test-mtmd-c-api.dir/test-mtmd-c-api.c.o -MF CMakeFiles/test-mtmd-c-api.dir/test-mtmd-c-api.c.o.d -o CMakeFiles/test-mtmd-c-api.dir/test-mtmd-c-api.c.o -c /home/jianyuzh/ws/llama.cpp/auto_ci/28725/aicss-genai_sycl-graph-record-replay/tests/test-mtmd-c-api.c
cd /home/jianyuzh/ws/llama.cpp/auto_ci/28725/aicss-genai_sycl-graph-record-replay/build/tests && /opt/intel/oneapi/compiler/2026.1/bin/icpx -DGGML_BACKEND_SHARED -DGGML_SHARED -DGGML_USE_CPU -DGGML_USE_SYCL -DLLAMA_SHARED -DLLAMA_SUBPROCESS -I/home/jianyuzh/ws/llama.cpp/auto_ci/28725/aicss-genai_sycl-graph-record-replay/common/. -I/home/jianyuzh/ws/llama.cpp/auto_ci/28725/aicss-genai_sycl-graph-record-replay/vendor/nlohmann/.. -I/home/jianyuzh/ws/llama.cpp/auto_ci/28725/aicss-genai_sycl-graph-record-replay/vendor/sheredom/.. -I/home/jianyuzh/ws/llama.cpp/auto_ci/28725/aicss-genai_sycl-graph-record-replay/src/../include -I/home/jianyuzh/ws/llama.cpp/auto_ci/28725/aicss-genai_sycl-graph-record-replay/ggml/src/../include -O3 -DNDEBUG -Xclang -fno-pch-timestamp -Wmissing-declarations -Wmissing-noreturn -Wall -Wextra -Wpedantic -Wcast-qual -Wno-unused-function -MD -MT tests/CMakeFiles/test-batch-alloc.dir/test-batch-alloc.cpp.o -MF CMakeFiles/test-batch-alloc.dir/test-batch-alloc.cpp.o.d -o CMakeFiles/test-batch-alloc.dir/test-batch-alloc.cpp.o -c /home/jianyuzh/ws/llama.cpp/auto_ci/28725/aicss-genai_sycl-graph-record-replay/tests/test-batch-alloc.cpp
cd /home/jianyuzh/ws/llama.cpp/auto_ci/28725/aicss-genai_sycl-graph-record-replay/build/examples/embedding && /opt/intel/oneapi/compiler/2026.1/bin/icpx -DGGML_BACKEND_SHARED -DGGML_SHARED -DGGML_USE_CPU -DGGML_USE_SYCL -DLLAMA_SHARED -DLLAMA_SUBPROCESS -I/home/jianyuzh/ws/llama.cpp/auto_ci/28725/aicss-genai_sycl-graph-record-replay/common/. -I/home/jianyuzh/ws/llama.cpp/auto_ci/28725/aicss-genai_sycl-graph-record-replay/vendor/nlohmann/.. -I/home/jianyuzh/ws/llama.cpp/auto_ci/28725/aicss-genai_sycl-graph-record-replay/vendor/sheredom/.. -I/home/jianyuzh/ws/llama.cpp/auto_ci/28725/aicss-genai_sycl-graph-record-replay/src/../include -I/home/jianyuzh/ws/llama.cpp/auto_ci/28725/aicss-genai_sycl-graph-record-replay/ggml/src/../include -O3 -DNDEBUG -Xclang -fno-pch-timestamp -Wmissing-declarations -Wmissing-noreturn -Wall -Wextra -Wpedantic -Wcast-qual -Wno-unused-function -MD -MT examples/embedding/CMakeFiles/llama-embedding.dir/embedding.cpp.o -MF CMakeFiles/llama-embedding.dir/embedding.cpp.o.d -o CMakeFiles/llama-embedding.dir/embedding.cpp.o -c /home/jianyuzh/ws/llama.cpp/auto_ci/28725/aicss-genai_sycl-graph-record-replay/examples/embedding/embedding.cpp
[ 68%] Building CXX object tests/CMakeFiles/test-autorelease.dir/test-autorelease.cpp.o
[ 68%] Building CXX object tests/CMakeFiles/test-export-graph-ops.dir/test-export-graph-ops.cpp.o
cd /home/jianyuzh/ws/llama.cpp/auto_ci/28725/aicss-genai_sycl-graph-record-replay/build/tests && /opt/intel/oneapi/compiler/2026.1/bin/icpx -DGGML_BACKEND_SHARED -DGGML_SHARED -DGGML_USE_CPU -DGGML_USE_SYCL -DLLAMA_SHARED -DLLAMA_SUBPROCESS -I/home/jianyuzh/ws/llama.cpp/auto_ci/28725/aicss-genai_sycl-graph-record-replay/src/../include -I/home/jianyuzh/ws/llama.cpp/auto_ci/28725/aicss-genai_sycl-graph-record-replay/ggml/src/../include -I/home/jianyuzh/ws/llama.cpp/auto_ci/28725/aicss-genai_sycl-graph-record-replay/common/. -I/home/jianyuzh/ws/llama.cpp/auto_ci/28725/aicss-genai_sycl-graph-record-replay/vendor/nlohmann/.. -I/home/jianyuzh/ws/llama.cpp/auto_ci/28725/aicss-genai_sycl-graph-record-replay/vendor/sheredom/.. -O3 -DNDEBUG -Xclang -fno-pch-timestamp -Wmissing-declarations -Wmissing-noreturn -Wall -Wextra -Wpedantic -Wcast-qual -Wno-unused-function -MD -MT tests/CMakeFiles/test-export-graph-ops.dir/test-export-graph-ops.cpp.o -MF CMakeFiles/test-export-graph-ops.dir/test-export-graph-ops.cpp.o.d -o CMakeFiles/test-export-graph-ops.dir/test-export-graph-ops.cpp.o -c /home/jianyuzh/ws/llama.cpp/auto_ci/28725/aicss-genai_sycl-graph-record-replay/tests/test-export-graph-ops.cpp
cd /home/jianyuzh/ws/llama.cpp/auto_ci/28725/aicss-genai_sycl-graph-record-replay/build/tests && /opt/intel/oneapi/compiler/2026.1/bin/icpx -DGGML_BACKEND_SHARED -DGGML_SHARED -DGGML_USE_CPU -DGGML_USE_SYCL -DLLAMA_SHARED -DLLAMA_SUBPROCESS -I/home/jianyuzh/ws/llama.cpp/auto_ci/28725/aicss-genai_sycl-graph-record-replay/common/. -I/home/jianyuzh/ws/llama.cpp/auto_ci/28725/aicss-genai_sycl-graph-record-replay/vendor/nlohmann/.. -I/home/jianyuzh/ws/llama.cpp/auto_ci/28725/aicss-genai_sycl-graph-record-replay/vendor/sheredom/.. -I/home/jianyuzh/ws/llama.cpp/auto_ci/28725/aicss-genai_sycl-graph-record-replay/src/../include -I/home/jianyuzh/ws/llama.cpp/auto_ci/28725/aicss-genai_sycl-graph-record-replay/ggml/src/../include -O3 -DNDEBUG -Xclang -fno-pch-timestamp -Wmissing-declarations -Wmissing-noreturn -Wall -Wextra -Wpedantic -Wcast-qual -Wno-unused-function -MD -MT tests/CMakeFiles/test-autorelease.dir/test-autorelease.cpp.o -MF CMakeFiles/test-autorelease.dir/test-autorelease.cpp.o.d -o CMakeFiles/test-autorelease.dir/test-autorelease.cpp.o -c /home/jianyuzh/ws/llama.cpp/auto_ci/28725/aicss-genai_sycl-graph-record-replay/tests/test-autorelease.cpp
[ 68%] Linking CXX executable ../bin/test-mtmd-c-api
cd /home/jianyuzh/ws/llama.cpp/auto_ci/28725/aicss-genai_sycl-graph-record-replay/build/tests && /usr/bin/cmake -E cmake_link_script CMakeFiles/test-mtmd-c-api.dir/link.txt --verbose=1
[ 69%] Linking CXX executable ../bin/test-log
cd /home/jianyuzh/ws/llama.cpp/auto_ci/28725/aicss-genai_sycl-graph-record-replay/build/tests && /usr/bin/cmake -E cmake_link_script CMakeFiles/test-log.dir/link.txt --verbose=1
[ 70%] Linking CXX executable ../bin/test-unicode
cd /home/jianyuzh/ws/llama.cpp/auto_ci/28725/aicss-genai_sycl-graph-record-replay/build/tests && /usr/bin/cmake -E cmake_link_script CMakeFiles/test-unicode.dir/link.txt --verbose=1
[ 70%] Linking CXX executable ../bin/test-col2im-1d
cd /home/jianyuzh/ws/llama.cpp/auto_ci/28725/aicss-genai_sycl-graph-record-replay/build/tests && /usr/bin/cmake -E cmake_link_script CMakeFiles/test-col2im-1d.dir/link.txt --verbose=1
[ 70%] Linking CXX executable ../bin/test-rope
cd /home/jianyuzh/ws/llama.cpp/auto_ci/28725/aicss-genai_sycl-graph-record-replay/build/tests && /usr/bin/cmake -E cmake_link_script CMakeFiles/test-rope.dir/link.txt --verbose=1
[ 70%] Linking CXX executable ../bin/test-barrier
cd /home/jianyuzh/ws/llama.cpp/auto_ci/28725/aicss-genai_sycl-graph-record-replay/build/tests && /usr/bin/cmake -E cmake_link_script CMakeFiles/test-barrier.dir/link.txt --verbose=1
[ 70%] Linking CXX executable ../bin/test-model-load-cancel
cd /home/jianyuzh/ws/llama.cpp/auto_ci/28725/aicss-genai_sycl-graph-record-replay/build/tests && /usr/bin/cmake -E cmake_link_script CMakeFiles/test-model-load-cancel.dir/link.txt --verbose=1
[ 71%] Linking CXX executable ../bin/test-quantize-fns
cd /home/jianyuzh/ws/llama.cpp/auto_ci/28725/aicss-genai_sycl-graph-record-replay/build/tests && /usr/bin/cmake -E cmake_link_script CMakeFiles/test-quantize-fns.dir/link.txt --verbose=1
/opt/intel/oneapi/compiler/2026.1/bin/icpx -O3 -DNDEBUG -Wl,--dependency-file=CMakeFiles/test-mtmd-c-api.dir/link.d "CMakeFiles/test-mtmd-c-api.dir/test-mtmd-c-api.c.o" -o ../bin/test-mtmd-c-api  -Wl,-rpath,/home/jianyuzh/ws/llama.cpp/auto_ci/28725/aicss-genai_sycl-graph-record-replay/build/bin: ../bin/libllama-common.so.0.4.1 ../bin/libmtmd.so.0.4.1 ../common/libllama-common-base.a ../bin/libllama.so.0.4.1 ../bin/libggml.so.0.24.0 ../bin/libggml-cpu.so.0.24.0 ../bin/libggml-sycl.so.0.24.0 ../bin/libggml-base.so.0.24.0
gmake[2]: Leaving directory '/home/jianyuzh/ws/llama.cpp/auto_ci/28725/aicss-genai_sycl-graph-record-replay/build'
[ 72%] Linking CXX executable ../bin/test-autorelease
[ 72%] Built target test-mtmd-c-api
cd /home/jianyuzh/ws/llama.cpp/auto_ci/28725/aicss-genai_sycl-graph-record-replay/build/tests && /usr/bin/cmake -E cmake_link_script CMakeFiles/test-autorelease.dir/link.txt --verbose=1
[ 72%] Building CXX object tests/CMakeFiles/test-peg-parser.dir/peg-parser/simple-tokenize.cpp.o
cd /home/jianyuzh/ws/llama.cpp/auto_ci/28725/aicss-genai_sycl-graph-record-replay/build/tests && /opt/intel/oneapi/compiler/2026.1/bin/icpx -DGGML_BACKEND_SHARED -DGGML_SHARED -DGGML_USE_CPU -DGGML_USE_SYCL -DLLAMA_SHARED -DLLAMA_SUBPROCESS -I/home/jianyuzh/ws/llama.cpp/auto_ci/28725/aicss-genai_sycl-graph-record-replay/common/. -I/home/jianyuzh/ws/llama.cpp/auto_ci/28725/aicss-genai_sycl-graph-record-replay/vendor/nlohmann/.. -I/home/jianyuzh/ws/llama.cpp/auto_ci/28725/aicss-genai_sycl-graph-record-replay/vendor/sheredom/.. -I/home/jianyuzh/ws/llama.cpp/auto_ci/28725/aicss-genai_sycl-graph-record-replay/src/../include -I/home/jianyuzh/ws/llama.cpp/auto_ci/28725/aicss-genai_sycl-graph-record-replay/ggml/src/../include -O3 -DNDEBUG -Xclang -fno-pch-timestamp -Wmissing-declarations -Wmissing-noreturn -Wall -Wextra -Wpedantic -Wcast-qual -Wno-unused-function -MD -MT tests/CMakeFiles/test-peg-parser.dir/peg-parser/simple-tokenize.cpp.o -MF CMakeFiles/test-peg-parser.dir/peg-parser/simple-tokenize.cpp.o.d -o CMakeFiles/test-peg-parser.dir/peg-parser/simple-tokenize.cpp.o -c /home/jianyuzh/ws/llama.cpp/auto_ci/28725/aicss-genai_sycl-graph-record-replay/tests/peg-parser/simple-tokenize.cpp
/opt/intel/oneapi/compiler/2026.1/bin/icpx -O3 -DNDEBUG -Wl,--dependency-file=CMakeFiles/test-log.dir/link.d "CMakeFiles/test-log.dir/test-log.cpp.o" -o ../bin/test-log  -Wl,-rpath,/home/jianyuzh/ws/llama.cpp/auto_ci/28725/aicss-genai_sycl-graph-record-replay/build/bin: ../bin/libllama-common.so.0.4.1 ../common/libllama-common-base.a ../bin/libllama.so.0.4.1 ../bin/libggml.so.0.24.0 ../bin/libggml-cpu.so.0.24.0 ../bin/libggml-sycl.so.0.24.0 ../bin/libggml-base.so.0.24.0
gmake[2]: Leaving directory '/home/jianyuzh/ws/llama.cpp/auto_ci/28725/aicss-genai_sycl-graph-record-replay/build'
[ 72%] Built target test-log
/usr/bin/gmake  -f examples/eval-callback/CMakeFiles/llama-eval-callback.dir/build.make examples/eval-callback/CMakeFiles/llama-eval-callback.dir/depend
gmake[2]: Entering directory '/home/jianyuzh/ws/llama.cpp/auto_ci/28725/aicss-genai_sycl-graph-record-replay/build'
cd /home/jianyuzh/ws/llama.cpp/auto_ci/28725/aicss-genai_sycl-graph-record-replay/build && /usr/bin/cmake -E cmake_depends "Unix Makefiles" /home/jianyuzh/ws/llama.cpp/auto_ci/28725/aicss-genai_sycl-graph-record-replay /home/jianyuzh/ws/llama.cpp/auto_ci/28725/aicss-genai_sycl-graph-record-replay/examples/eval-callback /home/jianyuzh/ws/llama.cpp/auto_ci/28725/aicss-genai_sycl-graph-record-replay/build /home/jianyuzh/ws/llama.cpp/auto_ci/28725/aicss-genai_sycl-graph-record-replay/build/examples/eval-callback /home/jianyuzh/ws/llama.cpp/auto_ci/28725/aicss-genai_sycl-graph-record-replay/build/examples/eval-callback/CMakeFiles/llama-eval-callback.dir/DependInfo.cmake "--color=" llama-eval-callback
gmake[2]: Leaving directory '/home/jianyuzh/ws/llama.cpp/auto_ci/28725/aicss-genai_sycl-graph-record-replay/build'
/usr/bin/gmake  -f examples/eval-callback/CMakeFiles/llama-eval-callback.dir/build.make examples/eval-callback/CMakeFiles/llama-eval-callback.dir/build
gmake[2]: Entering directory '/home/jianyuzh/ws/llama.cpp/auto_ci/28725/aicss-genai_sycl-graph-record-replay/build'
[ 72%] Building CXX object examples/eval-callback/CMakeFiles/llama-eval-callback.dir/eval-callback.cpp.o
cd /home/jianyuzh/ws/llama.cpp/auto_ci/28725/aicss-genai_sycl-graph-record-replay/build/examples/eval-callback && /opt/intel/oneapi/compiler/2026.1/bin/icpx -DGGML_BACKEND_SHARED -DGGML_SHARED -DGGML_USE_CPU -DGGML_USE_SYCL -DLLAMA_SHARED -DLLAMA_SUBPROCESS -I/home/jianyuzh/ws/llama.cpp/auto_ci/28725/aicss-genai_sycl-graph-record-replay/common/. -I/home/jianyuzh/ws/llama.cpp/auto_ci/28725/aicss-genai_sycl-graph-record-replay/vendor/nlohmann/.. -I/home/jianyuzh/ws/llama.cpp/auto_ci/28725/aicss-genai_sycl-graph-record-replay/vendor/sheredom/.. -I/home/jianyuzh/ws/llama.cpp/auto_ci/28725/aicss-genai_sycl-graph-record-replay/src/../include -I/home/jianyuzh/ws/llama.cpp/auto_ci/28725/aicss-genai_sycl-graph-record-replay/ggml/src/../include -O3 -DNDEBUG -Xclang -fno-pch-timestamp -Wmissing-declarations -Wmissing-noreturn -Wall -Wextra -Wpedantic -Wcast-qual -Wno-unused-function -MD -MT examples/eval-callback/CMakeFiles/llama-eval-callback.dir/eval-callback.cpp.o -MF CMakeFiles/llama-eval-callback.dir/eval-callback.cpp.o.d -o CMakeFiles/llama-eval-callback.dir/eval-callback.cpp.o -c /home/jianyuzh/ws/llama.cpp/auto_ci/28725/aicss-genai_sycl-graph-record-replay/examples/eval-callback/eval-callback.cpp
/opt/intel/oneapi/compiler/2026.1/bin/icpx -O3 -DNDEBUG -Wl,--dependency-file=CMakeFiles/test-unicode.dir/link.d "CMakeFiles/test-unicode.dir/test-unicode.cpp.o" -o ../bin/test-unicode  -Wl,-rpath,/home/jianyuzh/ws/llama.cpp/auto_ci/28725/aicss-genai_sycl-graph-record-replay/build/bin: ../bin/libllama-common.so.0.4.1 ../common/libllama-common-base.a ../bin/libllama.so.0.4.1 ../bin/libggml.so.0.24.0 ../bin/libggml-cpu.so.0.24.0 ../bin/libggml-sycl.so.0.24.0 ../bin/libggml-base.so.0.24.0
gmake[2]: Leaving directory '/home/jianyuzh/ws/llama.cpp/auto_ci/28725/aicss-genai_sycl-graph-record-replay/build'
[ 72%] Built target test-unicode
/usr/bin/gmake  -f examples/idle/CMakeFiles/llama-idle.dir/build.make examples/idle/CMakeFiles/llama-idle.dir/depend
gmake[2]: Entering directory '/home/jianyuzh/ws/llama.cpp/auto_ci/28725/aicss-genai_sycl-graph-record-replay/build'
cd /home/jianyuzh/ws/llama.cpp/auto_ci/28725/aicss-genai_sycl-graph-record-replay/build && /usr/bin/cmake -E cmake_depends "Unix Makefiles" /home/jianyuzh/ws/llama.cpp/auto_ci/28725/aicss-genai_sycl-graph-record-replay /home/jianyuzh/ws/llama.cpp/auto_ci/28725/aicss-genai_sycl-graph-record-replay/examples/idle /home/jianyuzh/ws/llama.cpp/auto_ci/28725/aicss-genai_sycl-graph-record-replay/build /home/jianyuzh/ws/llama.cpp/auto_ci/28725/aicss-genai_sycl-graph-record-replay/build/examples/idle /home/jianyuzh/ws/llama.cpp/auto_ci/28725/aicss-genai_sycl-graph-record-replay/build/examples/idle/CMakeFiles/llama-idle.dir/DependInfo.cmake "--color=" llama-idle
[ 72%] Linking CXX executable ../bin/test-gbnf-validator
/opt/intel/oneapi/compiler/2026.1/bin/icpx -O3 -DNDEBUG -Wl,--dependency-file=CMakeFiles/test-col2im-1d.dir/link.d "CMakeFiles/test-col2im-1d.dir/test-col2im-1d.cpp.o" -o ../bin/test-col2im-1d  -Wl,-rpath,/home/jianyuzh/ws/llama.cpp/auto_ci/28725/aicss-genai_sycl-graph-record-replay/build/bin: ../bin/libllama-common.so.0.4.1 ../common/libllama-common-base.a ../bin/libllama.so.0.4.1 ../bin/libggml.so.0.24.0 ../bin/libggml-cpu.so.0.24.0 ../bin/libggml-sycl.so.0.24.0 ../bin/libggml-base.so.0.24.0
cd /home/jianyuzh/ws/llama.cpp/auto_ci/28725/aicss-genai_sycl-graph-record-replay/build/tests && /usr/bin/cmake -E cmake_link_script CMakeFiles/test-gbnf-validator.dir/link.txt --verbose=1
gmake[2]: Leaving directory '/home/jianyuzh/ws/llama.cpp/auto_ci/28725/aicss-genai_sycl-graph-record-replay/build'
gmake[2]: Leaving directory '/home/jianyuzh/ws/llama.cpp/auto_ci/28725/aicss-genai_sycl-graph-record-replay/build'
/usr/bin/gmake  -f examples/idle/CMakeFiles/llama-idle.dir/build.make examples/idle/CMakeFiles/llama-idle.dir/build
gmake[2]: Entering directory '/home/jianyuzh/ws/llama.cpp/auto_ci/28725/aicss-genai_sycl-graph-record-replay/build'
[ 72%] Built target test-col2im-1d
/usr/bin/gmake  -f examples/lookahead/CMakeFiles/llama-lookahead.dir/build.make examples/lookahead/CMakeFiles/llama-lookahead.dir/depend
gmake[2]: Entering directory '/home/jianyuzh/ws/llama.cpp/auto_ci/28725/aicss-genai_sycl-graph-record-replay/build'
cd /home/jianyuzh/ws/llama.cpp/auto_ci/28725/aicss-genai_sycl-graph-record-replay/build && /usr/bin/cmake -E cmake_depends "Unix Makefiles" /home/jianyuzh/ws/llama.cpp/auto_ci/28725/aicss-genai_sycl-graph-record-replay /home/jianyuzh/ws/llama.cpp/auto_ci/28725/aicss-genai_sycl-graph-record-replay/examples/lookahead /home/jianyuzh/ws/llama.cpp/auto_ci/28725/aicss-genai_sycl-graph-record-replay/build /home/jianyuzh/ws/llama.cpp/auto_ci/28725/aicss-genai_sycl-graph-record-replay/build/examples/lookahead /home/jianyuzh/ws/llama.cpp/auto_ci/28725/aicss-genai_sycl-graph-record-replay/build/examples/lookahead/CMakeFiles/llama-lookahead.dir/DependInfo.cmake "--color=" llama-lookahead
[ 72%] Building CXX object examples/idle/CMakeFiles/llama-idle.dir/idle.cpp.o
cd /home/jianyuzh/ws/llama.cpp/auto_ci/28725/aicss-genai_sycl-graph-record-replay/build/examples/idle && /opt/intel/oneapi/compiler/2026.1/bin/icpx -DGGML_BACKEND_SHARED -DGGML_SHARED -DGGML_USE_CPU -DGGML_USE_SYCL -DLLAMA_SHARED -DLLAMA_SUBPROCESS -I/home/jianyuzh/ws/llama.cpp/auto_ci/28725/aicss-genai_sycl-graph-record-replay/src/../include -I/home/jianyuzh/ws/llama.cpp/auto_ci/28725/aicss-genai_sycl-graph-record-replay/ggml/src/../include -I/home/jianyuzh/ws/llama.cpp/auto_ci/28725/aicss-genai_sycl-graph-record-replay/common/. -I/home/jianyuzh/ws/llama.cpp/auto_ci/28725/aicss-genai_sycl-graph-record-replay/vendor/nlohmann/.. -I/home/jianyuzh/ws/llama.cpp/auto_ci/28725/aicss-genai_sycl-graph-record-replay/vendor/sheredom/.. -O3 -DNDEBUG -Xclang -fno-pch-timestamp -Wmissing-declarations -Wmissing-noreturn -Wall -Wextra -Wpedantic -Wcast-qual -Wno-unused-function -MD -MT examples/idle/CMakeFiles/llama-idle.dir/idle.cpp.o -MF CMakeFiles/llama-idle.dir/idle.cpp.o.d -o CMakeFiles/llama-idle.dir/idle.cpp.o -c /home/jianyuzh/ws/llama.cpp/auto_ci/28725/aicss-genai_sycl-graph-record-replay/examples/idle/idle.cpp
gmake[2]: Leaving directory '/home/jianyuzh/ws/llama.cpp/auto_ci/28725/aicss-genai_sycl-graph-record-replay/build'
/usr/bin/gmake  -f examples/lookahead/CMakeFiles/llama-lookahead.dir/build.make examples/lookahead/CMakeFiles/llama-lookahead.dir/build
gmake[2]: Entering directory '/home/jianyuzh/ws/llama.cpp/auto_ci/28725/aicss-genai_sycl-graph-record-replay/build'
/opt/intel/oneapi/compiler/2026.1/bin/icpx -O3 -DNDEBUG -Wl,--dependency-file=CMakeFiles/test-rope.dir/link.d "CMakeFiles/test-rope.dir/test-rope.cpp.o" -o ../bin/test-rope  -Wl,-rpath,/home/jianyuzh/ws/llama.cpp/auto_ci/28725/aicss-genai_sycl-graph-record-replay/build/bin: ../bin/libllama-common.so.0.4.1 ../common/libllama-common-base.a ../bin/libllama.so.0.4.1 ../bin/libggml.so.0.24.0 ../bin/libggml-cpu.so.0.24.0 ../bin/libggml-sycl.so.0.24.0 ../bin/libggml-base.so.0.24.0
gmake[2]: Leaving directory '/home/jianyuzh/ws/llama.cpp/auto_ci/28725/aicss-genai_sycl-graph-record-replay/build'
[ 72%] Building CXX object examples/lookahead/CMakeFiles/llama-lookahead.dir/lookahead.cpp.o
cd /home/jianyuzh/ws/llama.cpp/auto_ci/28725/aicss-genai_sycl-graph-record-replay/build/examples/lookahead && /opt/intel/oneapi/compiler/2026.1/bin/icpx -DGGML_BACKEND_SHARED -DGGML_SHARED -DGGML_USE_CPU -DGGML_USE_SYCL -DLLAMA_SHARED -DLLAMA_SUBPROCESS -I/home/jianyuzh/ws/llama.cpp/auto_ci/28725/aicss-genai_sycl-graph-record-replay/common/. -I/home/jianyuzh/ws/llama.cpp/auto_ci/28725/aicss-genai_sycl-graph-record-replay/vendor/nlohmann/.. -I/home/jianyuzh/ws/llama.cpp/auto_ci/28725/aicss-genai_sycl-graph-record-replay/vendor/sheredom/.. -I/home/jianyuzh/ws/llama.cpp/auto_ci/28725/aicss-genai_sycl-graph-record-replay/src/../include -I/home/jianyuzh/ws/llama.cpp/auto_ci/28725/aicss-genai_sycl-graph-record-replay/ggml/src/../include -O3 -DNDEBUG -Xclang -fno-pch-timestamp -Wmissing-declarations -Wmissing-noreturn -Wall -Wextra -Wpedantic -Wcast-qual -Wno-unused-function -MD -MT examples/lookahead/CMakeFiles/llama-lookahead.dir/lookahead.cpp.o -MF CMakeFiles/llama-lookahead.dir/lookahead.cpp.o.d -o CMakeFiles/llama-lookahead.dir/lookahead.cpp.o -c /home/jianyuzh/ws/llama.cpp/auto_ci/28725/aicss-genai_sycl-graph-record-replay/examples/lookahead/lookahead.cpp
[ 72%] Built target test-rope
[ 72%] Linking CXX executable ../bin/test-tokenizer-1-spm
/usr/bin/gmake  -f examples/lookup/CMakeFiles/llama-lookup.dir/build.make examples/lookup/CMakeFiles/llama-lookup.dir/depend
cd /home/jianyuzh/ws/llama.cpp/auto_ci/28725/aicss-genai_sycl-graph-record-replay/build/tests && /usr/bin/cmake -E cmake_link_script CMakeFiles/test-tokenizer-1-spm.dir/link.txt --verbose=1
gmake[2]: Entering directory '/home/jianyuzh/ws/llama.cpp/auto_ci/28725/aicss-genai_sycl-graph-record-replay/build'
cd /home/jianyuzh/ws/llama.cpp/auto_ci/28725/aicss-genai_sycl-graph-record-replay/build && /usr/bin/cmake -E cmake_depends "Unix Makefiles" /home/jianyuzh/ws/llama.cpp/auto_ci/28725/aicss-genai_sycl-graph-record-replay /home/jianyuzh/ws/llama.cpp/auto_ci/28725/aicss-genai_sycl-graph-record-replay/examples/lookup /home/jianyuzh/ws/llama.cpp/auto_ci/28725/aicss-genai_sycl-graph-record-replay/build /home/jianyuzh/ws/llama.cpp/auto_ci/28725/aicss-genai_sycl-graph-record-replay/build/examples/lookup /home/jianyuzh/ws/llama.cpp/auto_ci/28725/aicss-genai_sycl-graph-record-replay/build/examples/lookup/CMakeFiles/llama-lookup.dir/DependInfo.cmake "--color=" llama-lookup
gmake[2]: Leaving directory '/home/jianyuzh/ws/llama.cpp/auto_ci/28725/aicss-genai_sycl-graph-record-replay/build'
/usr/bin/gmake  -f examples/lookup/CMakeFiles/llama-lookup.dir/build.make examples/lookup/CMakeFiles/llama-lookup.dir/build
gmake[2]: Entering directory '/home/jianyuzh/ws/llama.cpp/auto_ci/28725/aicss-genai_sycl-graph-record-replay/build'
[ 73%] Building CXX object examples/lookup/CMakeFiles/llama-lookup.dir/lookup.cpp.o
cd /home/jianyuzh/ws/llama.cpp/auto_ci/28725/aicss-genai_sycl-graph-record-replay/build/examples/lookup && /opt/intel/oneapi/compiler/2026.1/bin/icpx -DGGML_BACKEND_SHARED -DGGML_SHARED -DGGML_USE_CPU -DGGML_USE_SYCL -DLLAMA_SHARED -DLLAMA_SUBPROCESS -I/home/jianyuzh/ws/llama.cpp/auto_ci/28725/aicss-genai_sycl-graph-record-replay/common/. -I/home/jianyuzh/ws/llama.cpp/auto_ci/28725/aicss-genai_sycl-graph-record-replay/vendor/nlohmann/.. -I/home/jianyuzh/ws/llama.cpp/auto_ci/28725/aicss-genai_sycl-graph-record-replay/vendor/sheredom/.. -I/home/jianyuzh/ws/llama.cpp/auto_ci/28725/aicss-genai_sycl-graph-record-replay/src/../include -I/home/jianyuzh/ws/llama.cpp/auto_ci/28725/aicss-genai_sycl-graph-record-replay/ggml/src/../include -O3 -DNDEBUG -Xclang -fno-pch-timestamp -Wmissing-declarations -Wmissing-noreturn -Wall -Wextra -Wpedantic -Wcast-qual -Wno-unused-function -MD -MT examples/lookup/CMakeFiles/llama-lookup.dir/lookup.cpp.o -MF CMakeFiles/llama-lookup.dir/lookup.cpp.o.d -o CMakeFiles/llama-lookup.dir/lookup.cpp.o -c /home/jianyuzh/ws/llama.cpp/auto_ci/28725/aicss-genai_sycl-graph-record-replay/examples/lookup/lookup.cpp
[ 73%] Linking CXX executable ../bin/test-tokenizer-1-bpe
cd /home/jianyuzh/ws/llama.cpp/auto_ci/28725/aicss-genai_sycl-graph-record-replay/build/tests && /usr/bin/cmake -E cmake_link_script CMakeFiles/test-tokenizer-1-bpe.dir/link.txt --verbose=1
/opt/intel/oneapi/compiler/2026.1/bin/icpx -O3 -DNDEBUG -Wl,--dependency-file=CMakeFiles/test-barrier.dir/link.d "CMakeFiles/test-barrier.dir/test-barrier.cpp.o" -o ../bin/test-barrier  -Wl,-rpath,/home/jianyuzh/ws/llama.cpp/auto_ci/28725/aicss-genai_sycl-graph-record-replay/build/bin: ../bin/libllama-common.so.0.4.1 ../common/libllama-common-base.a ../bin/libllama.so.0.4.1 ../bin/libggml.so.0.24.0 ../bin/libggml-cpu.so.0.24.0 ../bin/libggml-sycl.so.0.24.0 ../bin/libggml-base.so.0.24.0
gmake[2]: Leaving directory '/home/jianyuzh/ws/llama.cpp/auto_ci/28725/aicss-genai_sycl-graph-record-replay/build'
[ 73%] Built target test-barrier
/usr/bin/gmake  -f examples/lookup/CMakeFiles/llama-lookup-create.dir/build.make examples/lookup/CMakeFiles/llama-lookup-create.dir/depend
gmake[2]: Entering directory '/home/jianyuzh/ws/llama.cpp/auto_ci/28725/aicss-genai_sycl-graph-record-replay/build'
cd /home/jianyuzh/ws/llama.cpp/auto_ci/28725/aicss-genai_sycl-graph-record-replay/build && /usr/bin/cmake -E cmake_depends "Unix Makefiles" /home/jianyuzh/ws/llama.cpp/auto_ci/28725/aicss-genai_sycl-graph-record-replay /home/jianyuzh/ws/llama.cpp/auto_ci/28725/aicss-genai_sycl-graph-record-replay/examples/lookup /home/jianyuzh/ws/llama.cpp/auto_ci/28725/aicss-genai_sycl-graph-record-replay/build /home/jianyuzh/ws/llama.cpp/auto_ci/28725/aicss-genai_sycl-graph-record-replay/build/examples/lookup /home/jianyuzh/ws/llama.cpp/auto_ci/28725/aicss-genai_sycl-graph-record-replay/build/examples/lookup/CMakeFiles/llama-lookup-create.dir/DependInfo.cmake "--color=" llama-lookup-create
gmake[2]: Leaving directory '/home/jianyuzh/ws/llama.cpp/auto_ci/28725/aicss-genai_sycl-graph-record-replay/build'
/usr/bin/gmake  -f examples/lookup/CMakeFiles/llama-lookup-create.dir/build.make examples/lookup/CMakeFiles/llama-lookup-create.dir/build
gmake[2]: Entering directory '/home/jianyuzh/ws/llama.cpp/auto_ci/28725/aicss-genai_sycl-graph-record-replay/build'
[ 73%] Building CXX object examples/lookup/CMakeFiles/llama-lookup-create.dir/lookup-create.cpp.o
cd /home/jianyuzh/ws/llama.cpp/auto_ci/28725/aicss-genai_sycl-graph-record-replay/build/examples/lookup && /opt/intel/oneapi/compiler/2026.1/bin/icpx -DGGML_BACKEND_SHARED -DGGML_SHARED -DGGML_USE_CPU -DGGML_USE_SYCL -DLLAMA_SHARED -DLLAMA_SUBPROCESS -I/home/jianyuzh/ws/llama.cpp/auto_ci/28725/aicss-genai_sycl-graph-record-replay/common/. -I/home/jianyuzh/ws/llama.cpp/auto_ci/28725/aicss-genai_sycl-graph-record-replay/vendor/nlohmann/.. -I/home/jianyuzh/ws/llama.cpp/auto_ci/28725/aicss-genai_sycl-graph-record-replay/vendor/sheredom/.. -I/home/jianyuzh/ws/llama.cpp/auto_ci/28725/aicss-genai_sycl-graph-record-replay/src/../include -I/home/jianyuzh/ws/llama.cpp/auto_ci/28725/aicss-genai_sycl-graph-record-replay/ggml/src/../include -O3 -DNDEBUG -Xclang -fno-pch-timestamp -Wmissing-declarations -Wmissing-noreturn -Wall -Wextra -Wpedantic -Wcast-qual -Wno-unused-function -MD -MT examples/lookup/CMakeFiles/llama-lookup-create.dir/lookup-create.cpp.o -MF CMakeFiles/llama-lookup-create.dir/lookup-create.cpp.o.d -o CMakeFiles/llama-lookup-create.dir/lookup-create.cpp.o -c /home/jianyuzh/ws/llama.cpp/auto_ci/28725/aicss-genai_sycl-graph-record-replay/examples/lookup/lookup-create.cpp
[ 73%] Building CXX object tests/CMakeFiles/test-peg-parser.dir/peg-parser/test-basic.cpp.o
cd /home/jianyuzh/ws/llama.cpp/auto_ci/28725/aicss-genai_sycl-graph-record-replay/build/tests && /opt/intel/oneapi/compiler/2026.1/bin/icpx -DGGML_BACKEND_SHARED -DGGML_SHARED -DGGML_USE_CPU -DGGML_USE_SYCL -DLLAMA_SHARED -DLLAMA_SUBPROCESS -I/home/jianyuzh/ws/llama.cpp/auto_ci/28725/aicss-genai_sycl-graph-record-replay/common/. -I/home/jianyuzh/ws/llama.cpp/auto_ci/28725/aicss-genai_sycl-graph-record-replay/vendor/nlohmann/.. -I/home/jianyuzh/ws/llama.cpp/auto_ci/28725/aicss-genai_sycl-graph-record-replay/vendor/sheredom/.. -I/home/jianyuzh/ws/llama.cpp/auto_ci/28725/aicss-genai_sycl-graph-record-replay/src/../include -I/home/jianyuzh/ws/llama.cpp/auto_ci/28725/aicss-genai_sycl-graph-record-replay/ggml/src/../include -O3 -DNDEBUG -Xclang -fno-pch-timestamp -Wmissing-declarations -Wmissing-noreturn -Wall -Wextra -Wpedantic -Wcast-qual -Wno-unused-function -MD -MT tests/CMakeFiles/test-peg-parser.dir/peg-parser/test-basic.cpp.o -MF CMakeFiles/test-peg-parser.dir/peg-parser/test-basic.cpp.o.d -o CMakeFiles/test-peg-parser.dir/peg-parser/test-basic.cpp.o -c /home/jianyuzh/ws/llama.cpp/auto_ci/28725/aicss-genai_sycl-graph-record-replay/tests/peg-parser/test-basic.cpp
/opt/intel/oneapi/compiler/2026.1/bin/icpx -O3 -DNDEBUG -Wl,--dependency-file=CMakeFiles/test-model-load-cancel.dir/link.d "CMakeFiles/test-model-load-cancel.dir/test-model-load-cancel.cpp.o" -o ../bin/test-model-load-cancel  -Wl,-rpath,/home/jianyuzh/ws/llama.cpp/auto_ci/28725/aicss-genai_sycl-graph-record-replay/build/bin: ../bin/libllama-common.so.0.4.1 ../common/libllama-common-base.a ../bin/libllama.so.0.4.1 ../bin/libggml.so.0.24.0 ../bin/libggml-cpu.so.0.24.0 ../bin/libggml-sycl.so.0.24.0 ../bin/libggml-base.so.0.24.0
gmake[2]: Leaving directory '/home/jianyuzh/ws/llama.cpp/auto_ci/28725/aicss-genai_sycl-graph-record-replay/build'
[ 73%] Built target test-model-load-cancel
/usr/bin/gmake  -f examples/lookup/CMakeFiles/llama-lookup-merge.dir/build.make examples/lookup/CMakeFiles/llama-lookup-merge.dir/depend
gmake[2]: Entering directory '/home/jianyuzh/ws/llama.cpp/auto_ci/28725/aicss-genai_sycl-graph-record-replay/build'
cd /home/jianyuzh/ws/llama.cpp/auto_ci/28725/aicss-genai_sycl-graph-record-replay/build && /usr/bin/cmake -E cmake_depends "Unix Makefiles" /home/jianyuzh/ws/llama.cpp/auto_ci/28725/aicss-genai_sycl-graph-record-replay /home/jianyuzh/ws/llama.cpp/auto_ci/28725/aicss-genai_sycl-graph-record-replay/examples/lookup /home/jianyuzh/ws/llama.cpp/auto_ci/28725/aicss-genai_sycl-graph-record-replay/build /home/jianyuzh/ws/llama.cpp/auto_ci/28725/aicss-genai_sycl-graph-record-replay/build/examples/lookup /home/jianyuzh/ws/llama.cpp/auto_ci/28725/aicss-genai_sycl-graph-record-replay/build/examples/lookup/CMakeFiles/llama-lookup-merge.dir/DependInfo.cmake "--color=" llama-lookup-merge
gmake[2]: Leaving directory '/home/jianyuzh/ws/llama.cpp/auto_ci/28725/aicss-genai_sycl-graph-record-replay/build'
/usr/bin/gmake  -f examples/lookup/CMakeFiles/llama-lookup-merge.dir/build.make examples/lookup/CMakeFiles/llama-lookup-merge.dir/build
gmake[2]: Entering directory '/home/jianyuzh/ws/llama.cpp/auto_ci/28725/aicss-genai_sycl-graph-record-replay/build'
[ 73%] Building CXX object examples/lookup/CMakeFiles/llama-lookup-merge.dir/lookup-merge.cpp.o
cd /home/jianyuzh/ws/llama.cpp/auto_ci/28725/aicss-genai_sycl-graph-record-replay/build/examples/lookup && /opt/intel/oneapi/compiler/2026.1/bin/icpx -DGGML_BACKEND_SHARED -DGGML_SHARED -DGGML_USE_CPU -DGGML_USE_SYCL -DLLAMA_SHARED -DLLAMA_SUBPROCESS -I/home/jianyuzh/ws/llama.cpp/auto_ci/28725/aicss-genai_sycl-graph-record-replay/common/. -I/home/jianyuzh/ws/llama.cpp/auto_ci/28725/aicss-genai_sycl-graph-record-replay/vendor/nlohmann/.. -I/home/jianyuzh/ws/llama.cpp/auto_ci/28725/aicss-genai_sycl-graph-record-replay/vendor/sheredom/.. -I/home/jianyuzh/ws/llama.cpp/auto_ci/28725/aicss-genai_sycl-graph-record-replay/src/../include -I/home/jianyuzh/ws/llama.cpp/auto_ci/28725/aicss-genai_sycl-graph-record-replay/ggml/src/../include -O3 -DNDEBUG -Xclang -fno-pch-timestamp -Wmissing-declarations -Wmissing-noreturn -Wall -Wextra -Wpedantic -Wcast-qual -Wno-unused-function -MD -MT examples/lookup/CMakeFiles/llama-lookup-merge.dir/lookup-merge.cpp.o -MF CMakeFiles/llama-lookup-merge.dir/lookup-merge.cpp.o.d -o CMakeFiles/llama-lookup-merge.dir/lookup-merge.cpp.o -c /home/jianyuzh/ws/llama.cpp/auto_ci/28725/aicss-genai_sycl-graph-record-replay/examples/lookup/lookup-merge.cpp
/opt/intel/oneapi/compiler/2026.1/bin/icpx -O3 -DNDEBUG -Wl,--dependency-file=CMakeFiles/test-quantize-fns.dir/link.d "CMakeFiles/test-quantize-fns.dir/test-quantize-fns.cpp.o" -o ../bin/test-quantize-fns  -Wl,-rpath,/home/jianyuzh/ws/llama.cpp/auto_ci/28725/aicss-genai_sycl-graph-record-replay/build/bin: ../bin/libllama-common.so.0.4.1 ../common/libllama-common-base.a ../bin/libllama.so.0.4.1 ../bin/libggml.so.0.24.0 ../bin/libggml-cpu.so.0.24.0 ../bin/libggml-sycl.so.0.24.0 ../bin/libggml-base.so.0.24.0
gmake[2]: Leaving directory '/home/jianyuzh/ws/llama.cpp/auto_ci/28725/aicss-genai_sycl-graph-record-replay/build'
[ 73%] Built target test-quantize-fns
/usr/bin/gmake  -f examples/lookup/CMakeFiles/llama-lookup-stats.dir/build.make examples/lookup/CMakeFiles/llama-lookup-stats.dir/depend
gmake[2]: Entering directory '/home/jianyuzh/ws/llama.cpp/auto_ci/28725/aicss-genai_sycl-graph-record-replay/build'
cd /home/jianyuzh/ws/llama.cpp/auto_ci/28725/aicss-genai_sycl-graph-record-replay/build && /usr/bin/cmake -E cmake_depends "Unix Makefiles" /home/jianyuzh/ws/llama.cpp/auto_ci/28725/aicss-genai_sycl-graph-record-replay /home/jianyuzh/ws/llama.cpp/auto_ci/28725/aicss-genai_sycl-graph-record-replay/examples/lookup /home/jianyuzh/ws/llama.cpp/auto_ci/28725/aicss-genai_sycl-graph-record-replay/build /home/jianyuzh/ws/llama.cpp/auto_ci/28725/aicss-genai_sycl-graph-record-replay/build/examples/lookup /home/jianyuzh/ws/llama.cpp/auto_ci/28725/aicss-genai_sycl-graph-record-replay/build/examples/lookup/CMakeFiles/llama-lookup-stats.dir/DependInfo.cmake "--color=" llama-lookup-stats
gmake[2]: Leaving directory '/home/jianyuzh/ws/llama.cpp/auto_ci/28725/aicss-genai_sycl-graph-record-replay/build'
/usr/bin/gmake  -f examples/lookup/CMakeFiles/llama-lookup-stats.dir/build.make examples/lookup/CMakeFiles/llama-lookup-stats.dir/build
gmake[2]: Entering directory '/home/jianyuzh/ws/llama.cpp/auto_ci/28725/aicss-genai_sycl-graph-record-replay/build'
/opt/intel/oneapi/compiler/2026.1/bin/icpx -O3 -DNDEBUG -Wl,--dependency-file=CMakeFiles/test-autorelease.dir/link.d "CMakeFiles/test-autorelease.dir/test-autorelease.cpp.o" -o ../bin/test-autorelease  -Wl,-rpath,/home/jianyuzh/ws/llama.cpp/auto_ci/28725/aicss-genai_sycl-graph-record-replay/build/bin: ../bin/libllama-common.so.0.4.1 ../common/libllama-common-base.a ../bin/libllama.so.0.4.1 ../bin/libggml.so.0.24.0 ../bin/libggml-cpu.so.0.24.0 ../bin/libggml-sycl.so.0.24.0 ../bin/libggml-base.so.0.24.0
gmake[2]: Leaving directory '/home/jianyuzh/ws/llama.cpp/auto_ci/28725/aicss-genai_sycl-graph-record-replay/build'
[ 73%] Building CXX object examples/lookup/CMakeFiles/llama-lookup-stats.dir/lookup-stats.cpp.o
cd /home/jianyuzh/ws/llama.cpp/auto_ci/28725/aicss-genai_sycl-graph-record-replay/build/examples/lookup && /opt/intel/oneapi/compiler/2026.1/bin/icpx -DGGML_BACKEND_SHARED -DGGML_SHARED -DGGML_USE_CPU -DGGML_USE_SYCL -DLLAMA_SHARED -DLLAMA_SUBPROCESS -I/home/jianyuzh/ws/llama.cpp/auto_ci/28725/aicss-genai_sycl-graph-record-replay/common/. -I/home/jianyuzh/ws/llama.cpp/auto_ci/28725/aicss-genai_sycl-graph-record-replay/vendor/nlohmann/.. -I/home/jianyuzh/ws/llama.cpp/auto_ci/28725/aicss-genai_sycl-graph-record-replay/vendor/sheredom/.. -I/home/jianyuzh/ws/llama.cpp/auto_ci/28725/aicss-genai_sycl-graph-record-replay/src/../include -I/home/jianyuzh/ws/llama.cpp/auto_ci/28725/aicss-genai_sycl-graph-record-replay/ggml/src/../include -O3 -DNDEBUG -Xclang -fno-pch-timestamp -Wmissing-declarations -Wmissing-noreturn -Wall -Wextra -Wpedantic -Wcast-qual -Wno-unused-function -MD -MT examples/lookup/CMakeFiles/llama-lookup-stats.dir/lookup-stats.cpp.o -MF CMakeFiles/llama-lookup-stats.dir/lookup-stats.cpp.o.d -o CMakeFiles/llama-lookup-stats.dir/lookup-stats.cpp.o -c /home/jianyuzh/ws/llama.cpp/auto_ci/28725/aicss-genai_sycl-graph-record-replay/examples/lookup/lookup-stats.cpp
[ 73%] Built target test-autorelease
/usr/bin/gmake  -f examples/parallel/CMakeFiles/llama-parallel.dir/build.make examples/parallel/CMakeFiles/llama-parallel.dir/depend
gmake[2]: Entering directory '/home/jianyuzh/ws/llama.cpp/auto_ci/28725/aicss-genai_sycl-graph-record-replay/build'
cd /home/jianyuzh/ws/llama.cpp/auto_ci/28725/aicss-genai_sycl-graph-record-replay/build && /usr/bin/cmake -E cmake_depends "Unix Makefiles" /home/jianyuzh/ws/llama.cpp/auto_ci/28725/aicss-genai_sycl-graph-record-replay /home/jianyuzh/ws/llama.cpp/auto_ci/28725/aicss-genai_sycl-graph-record-replay/examples/parallel /home/jianyuzh/ws/llama.cpp/auto_ci/28725/aicss-genai_sycl-graph-record-replay/build /home/jianyuzh/ws/llama.cpp/auto_ci/28725/aicss-genai_sycl-graph-record-replay/build/examples/parallel /home/jianyuzh/ws/llama.cpp/auto_ci/28725/aicss-genai_sycl-graph-record-replay/build/examples/parallel/CMakeFiles/llama-parallel.dir/DependInfo.cmake "--color=" llama-parallel
gmake[2]: Leaving directory '/home/jianyuzh/ws/llama.cpp/auto_ci/28725/aicss-genai_sycl-graph-record-replay/build'
/usr/bin/gmake  -f examples/parallel/CMakeFiles/llama-parallel.dir/build.make examples/parallel/CMakeFiles/llama-parallel.dir/build
gmake[2]: Entering directory '/home/jianyuzh/ws/llama.cpp/auto_ci/28725/aicss-genai_sycl-graph-record-replay/build'
[ 73%] Building CXX object examples/parallel/CMakeFiles/llama-parallel.dir/parallel.cpp.o
cd /home/jianyuzh/ws/llama.cpp/auto_ci/28725/aicss-genai_sycl-graph-record-replay/build/examples/parallel && /opt/intel/oneapi/compiler/2026.1/bin/icpx -DGGML_BACKEND_SHARED -DGGML_SHARED -DGGML_USE_CPU -DGGML_USE_SYCL -DLLAMA_SHARED -DLLAMA_SUBPROCESS -I/home/jianyuzh/ws/llama.cpp/auto_ci/28725/aicss-genai_sycl-graph-record-replay/common/. -I/home/jianyuzh/ws/llama.cpp/auto_ci/28725/aicss-genai_sycl-graph-record-replay/vendor/nlohmann/.. -I/home/jianyuzh/ws/llama.cpp/auto_ci/28725/aicss-genai_sycl-graph-record-replay/vendor/sheredom/.. -I/home/jianyuzh/ws/llama.cpp/auto_ci/28725/aicss-genai_sycl-graph-record-replay/src/../include -I/home/jianyuzh/ws/llama.cpp/auto_ci/28725/aicss-genai_sycl-graph-record-replay/ggml/src/../include -O3 -DNDEBUG -Xclang -fno-pch-timestamp -Wmissing-declarations -Wmissing-noreturn -Wall -Wextra -Wpedantic -Wcast-qual -Wno-unused-function -MD -MT examples/parallel/CMakeFiles/llama-parallel.dir/parallel.cpp.o -MF CMakeFiles/llama-parallel.dir/parallel.cpp.o.d -o CMakeFiles/llama-parallel.dir/parallel.cpp.o -c /home/jianyuzh/ws/llama.cpp/auto_ci/28725/aicss-genai_sycl-graph-record-replay/examples/parallel/parallel.cpp
[ 73%] Linking CXX executable ../bin/test-alloc
cd /home/jianyuzh/ws/llama.cpp/auto_ci/28725/aicss-genai_sycl-graph-record-replay/build/tests && /usr/bin/cmake -E cmake_link_script CMakeFiles/test-alloc.dir/link.txt --verbose=1
[ 73%] Linking CXX executable ../bin/test-grammar-parser
cd /home/jianyuzh/ws/llama.cpp/auto_ci/28725/aicss-genai_sycl-graph-record-replay/build/tests && /usr/bin/cmake -E cmake_link_script CMakeFiles/test-grammar-parser.dir/link.txt --verbose=1
[ 73%] Linking CXX executable ../bin/test-sampling
cd /home/jianyuzh/ws/llama.cpp/auto_ci/28725/aicss-genai_sycl-graph-record-replay/build/tests && /usr/bin/cmake -E cmake_link_script CMakeFiles/test-sampling.dir/link.txt --verbose=1
/opt/intel/oneapi/compiler/2026.1/bin/icpx -O3 -DNDEBUG -Wl,--dependency-file=CMakeFiles/test-gbnf-validator.dir/link.d "CMakeFiles/test-gbnf-validator.dir/test-gbnf-validator.cpp.o" -o ../bin/test-gbnf-validator  -Wl,-rpath,/home/jianyuzh/ws/llama.cpp/auto_ci/28725/aicss-genai_sycl-graph-record-replay/build/bin: ../bin/libllama-common.so.0.4.1 ../bin/libllama.so.0.4.1 ../bin/libggml.so.0.24.0 ../bin/libggml-cpu.so.0.24.0 ../bin/libggml-sycl.so.0.24.0 ../bin/libggml-base.so.0.24.0 ../common/libllama-common-base.a
gmake[2]: Leaving directory '/home/jianyuzh/ws/llama.cpp/auto_ci/28725/aicss-genai_sycl-graph-record-replay/build'
[ 74%] Linking CXX executable ../bin/test-state-restore-fragmented
[ 74%] Built target test-gbnf-validator
cd /home/jianyuzh/ws/llama.cpp/auto_ci/28725/aicss-genai_sycl-graph-record-replay/build/tests && /usr/bin/cmake -E cmake_link_script CMakeFiles/test-state-restore-fragmented.dir/link.txt --verbose=1
/usr/bin/gmake  -f examples/passkey/CMakeFiles/llama-passkey.dir/build.make examples/passkey/CMakeFiles/llama-passkey.dir/depend
gmake[2]: Entering directory '/home/jianyuzh/ws/llama.cpp/auto_ci/28725/aicss-genai_sycl-graph-record-replay/build'
cd /home/jianyuzh/ws/llama.cpp/auto_ci/28725/aicss-genai_sycl-graph-record-replay/build && /usr/bin/cmake -E cmake_depends "Unix Makefiles" /home/jianyuzh/ws/llama.cpp/auto_ci/28725/aicss-genai_sycl-graph-record-replay /home/jianyuzh/ws/llama.cpp/auto_ci/28725/aicss-genai_sycl-graph-record-replay/examples/passkey /home/jianyuzh/ws/llama.cpp/auto_ci/28725/aicss-genai_sycl-graph-record-replay/build /home/jianyuzh/ws/llama.cpp/auto_ci/28725/aicss-genai_sycl-graph-record-replay/build/examples/passkey /home/jianyuzh/ws/llama.cpp/auto_ci/28725/aicss-genai_sycl-graph-record-replay/build/examples/passkey/CMakeFiles/llama-passkey.dir/DependInfo.cmake "--color=" llama-passkey
gmake[2]: Leaving directory '/home/jianyuzh/ws/llama.cpp/auto_ci/28725/aicss-genai_sycl-graph-record-replay/build'
/usr/bin/gmake  -f examples/passkey/CMakeFiles/llama-passkey.dir/build.make examples/passkey/CMakeFiles/llama-passkey.dir/build
gmake[2]: Entering directory '/home/jianyuzh/ws/llama.cpp/auto_ci/28725/aicss-genai_sycl-graph-record-replay/build'
[ 74%] Building CXX object examples/passkey/CMakeFiles/llama-passkey.dir/passkey.cpp.o
cd /home/jianyuzh/ws/llama.cpp/auto_ci/28725/aicss-genai_sycl-graph-record-replay/build/examples/passkey && /opt/intel/oneapi/compiler/2026.1/bin/icpx -DGGML_BACKEND_SHARED -DGGML_SHARED -DGGML_USE_CPU -DGGML_USE_SYCL -DLLAMA_SHARED -DLLAMA_SUBPROCESS -I/home/jianyuzh/ws/llama.cpp/auto_ci/28725/aicss-genai_sycl-graph-record-replay/common/. -I/home/jianyuzh/ws/llama.cpp/auto_ci/28725/aicss-genai_sycl-graph-record-replay/vendor/nlohmann/.. -I/home/jianyuzh/ws/llama.cpp/auto_ci/28725/aicss-genai_sycl-graph-record-replay/vendor/sheredom/.. -I/home/jianyuzh/ws/llama.cpp/auto_ci/28725/aicss-genai_sycl-graph-record-replay/src/../include -I/home/jianyuzh/ws/llama.cpp/auto_ci/28725/aicss-genai_sycl-graph-record-replay/ggml/src/../include -O3 -DNDEBUG -Xclang -fno-pch-timestamp -Wmissing-declarations -Wmissing-noreturn -Wall -Wextra -Wpedantic -Wcast-qual -Wno-unused-function -MD -MT examples/passkey/CMakeFiles/llama-passkey.dir/passkey.cpp.o -MF CMakeFiles/llama-passkey.dir/passkey.cpp.o.d -o CMakeFiles/llama-passkey.dir/passkey.cpp.o -c /home/jianyuzh/ws/llama.cpp/auto_ci/28725/aicss-genai_sycl-graph-record-replay/examples/passkey/passkey.cpp
/opt/intel/oneapi/compiler/2026.1/bin/icpx -O3 -DNDEBUG -Wl,--dependency-file=CMakeFiles/test-tokenizer-1-spm.dir/link.d "CMakeFiles/test-tokenizer-1-spm.dir/test-tokenizer-1-spm.cpp.o" -o ../bin/test-tokenizer-1-spm  -Wl,-rpath,/home/jianyuzh/ws/llama.cpp/auto_ci/28725/aicss-genai_sycl-graph-record-replay/build/bin: ../bin/libllama-common.so.0.4.1 ../bin/libllama.so.0.4.1 ../bin/libggml.so.0.24.0 ../bin/libggml-cpu.so.0.24.0 ../bin/libggml-sycl.so.0.24.0 ../bin/libggml-base.so.0.24.0 ../common/libllama-common-base.a
gmake[2]: Leaving directory '/home/jianyuzh/ws/llama.cpp/auto_ci/28725/aicss-genai_sycl-graph-record-replay/build'
[ 74%] Built target test-tokenizer-1-spm
[ 74%] Building CXX object tools/server/CMakeFiles/server-context.dir/server-task.cpp.o
/opt/intel/oneapi/compiler/2026.1/bin/icpx -O3 -DNDEBUG -Wl,--dependency-file=CMakeFiles/test-tokenizer-1-bpe.dir/link.d "CMakeFiles/test-tokenizer-1-bpe.dir/test-tokenizer-1-bpe.cpp.o" -o ../bin/test-tokenizer-1-bpe  -Wl,-rpath,/home/jianyuzh/ws/llama.cpp/auto_ci/28725/aicss-genai_sycl-graph-record-replay/build/bin: ../bin/libllama-common.so.0.4.1 ../bin/libllama.so.0.4.1 ../bin/libggml.so.0.24.0 ../bin/libggml-cpu.so.0.24.0 ../bin/libggml-sycl.so.0.24.0 ../bin/libggml-base.so.0.24.0 ../common/libllama-common-base.a
cd /home/jianyuzh/ws/llama.cpp/auto_ci/28725/aicss-genai_sycl-graph-record-replay/build/tools/server && /opt/intel/oneapi/compiler/2026.1/bin/icpx -DGGML_BACKEND_SHARED -DGGML_SHARED -DGGML_USE_CPU -DGGML_USE_SYCL -DLLAMA_SHARED -DLLAMA_SUBPROCESS -I/home/jianyuzh/ws/llama.cpp/auto_ci/28725/aicss-genai_sycl-graph-record-replay/tools/server -I/home/jianyuzh/ws/llama.cpp/auto_ci/28725/aicss-genai_sycl-graph-record-replay/build/tools/server -I/home/jianyuzh/ws/llama.cpp/auto_ci/28725/aicss-genai_sycl-graph-record-replay/tools/server/../mtmd -I/home/jianyuzh/ws/llama.cpp/auto_ci/28725/aicss-genai_sycl-graph-record-replay -I/home/jianyuzh/ws/llama.cpp/auto_ci/28725/aicss-genai_sycl-graph-record-replay/common/. -I/home/jianyuzh/ws/llama.cpp/auto_ci/28725/aicss-genai_sycl-graph-record-replay/vendor/nlohmann/.. -I/home/jianyuzh/ws/llama.cpp/auto_ci/28725/aicss-genai_sycl-graph-record-replay/vendor/sheredom/.. -I/home/jianyuzh/ws/llama.cpp/auto_ci/28725/aicss-genai_sycl-graph-record-replay/src/../include -I/home/jianyuzh/ws/llama.cpp/auto_ci/28725/aicss-genai_sycl-graph-record-replay/ggml/src/../include -I/home/jianyuzh/ws/llama.cpp/auto_ci/28725/aicss-genai_sycl-graph-record-replay/tools/mtmd/. -O3 -DNDEBUG -fPIC -Xclang -fno-pch-timestamp -Wmissing-declarations -Wmissing-noreturn -Wall -Wextra -Wpedantic -Wcast-qual -Wno-unused-function -MD -MT tools/server/CMakeFiles/server-context.dir/server-task.cpp.o -MF CMakeFiles/server-context.dir/server-task.cpp.o.d -o CMakeFiles/server-context.dir/server-task.cpp.o -c /home/jianyuzh/ws/llama.cpp/auto_ci/28725/aicss-genai_sycl-graph-record-replay/tools/server/server-task.cpp
gmake[2]: Leaving directory '/home/jianyuzh/ws/llama.cpp/auto_ci/28725/aicss-genai_sycl-graph-record-replay/build'
[ 74%] Built target test-tokenizer-1-bpe
[ 74%] Linking CXX executable ../bin/test-tokenizer-0
[ 74%] Linking CXX executable ../bin/test-reasoning-budget
cd /home/jianyuzh/ws/llama.cpp/auto_ci/28725/aicss-genai_sycl-graph-record-replay/build/tests && /usr/bin/cmake -E cmake_link_script CMakeFiles/test-tokenizer-0.dir/link.txt --verbose=1
cd /home/jianyuzh/ws/llama.cpp/auto_ci/28725/aicss-genai_sycl-graph-record-replay/build/tests && /usr/bin/cmake -E cmake_link_script CMakeFiles/test-reasoning-budget.dir/link.txt --verbose=1
[ 74%] Building CXX object tools/server/CMakeFiles/server-context.dir/server-queue.cpp.o
cd /home/jianyuzh/ws/llama.cpp/auto_ci/28725/aicss-genai_sycl-graph-record-replay/build/tools/server && /opt/intel/oneapi/compiler/2026.1/bin/icpx -DGGML_BACKEND_SHARED -DGGML_SHARED -DGGML_USE_CPU -DGGML_USE_SYCL -DLLAMA_SHARED -DLLAMA_SUBPROCESS -I/home/jianyuzh/ws/llama.cpp/auto_ci/28725/aicss-genai_sycl-graph-record-replay/tools/server -I/home/jianyuzh/ws/llama.cpp/auto_ci/28725/aicss-genai_sycl-graph-record-replay/build/tools/server -I/home/jianyuzh/ws/llama.cpp/auto_ci/28725/aicss-genai_sycl-graph-record-replay/tools/server/../mtmd -I/home/jianyuzh/ws/llama.cpp/auto_ci/28725/aicss-genai_sycl-graph-record-replay -I/home/jianyuzh/ws/llama.cpp/auto_ci/28725/aicss-genai_sycl-graph-record-replay/common/. -I/home/jianyuzh/ws/llama.cpp/auto_ci/28725/aicss-genai_sycl-graph-record-replay/vendor/nlohmann/.. -I/home/jianyuzh/ws/llama.cpp/auto_ci/28725/aicss-genai_sycl-graph-record-replay/vendor/sheredom/.. -I/home/jianyuzh/ws/llama.cpp/auto_ci/28725/aicss-genai_sycl-graph-record-replay/src/../include -I/home/jianyuzh/ws/llama.cpp/auto_ci/28725/aicss-genai_sycl-graph-record-replay/ggml/src/../include -I/home/jianyuzh/ws/llama.cpp/auto_ci/28725/aicss-genai_sycl-graph-record-replay/tools/mtmd/. -O3 -DNDEBUG -fPIC -Xclang -fno-pch-timestamp -Wmissing-declarations -Wmissing-noreturn -Wall -Wextra -Wpedantic -Wcast-qual -Wno-unused-function -MD -MT tools/server/CMakeFiles/server-context.dir/server-queue.cpp.o -MF CMakeFiles/server-context.dir/server-queue.cpp.o.d -o CMakeFiles/server-context.dir/server-queue.cpp.o -c /home/jianyuzh/ws/llama.cpp/auto_ci/28725/aicss-genai_sycl-graph-record-replay/tools/server/server-queue.cpp
[ 74%] Linking CXX executable ../bin/test-opt
cd /home/jianyuzh/ws/llama.cpp/auto_ci/28725/aicss-genai_sycl-graph-record-replay/build/tests && /usr/bin/cmake -E cmake_link_script CMakeFiles/test-opt.dir/link.txt --verbose=1
[ 74%] Linking CXX executable ../../bin/llama-batched
cd /home/jianyuzh/ws/llama.cpp/auto_ci/28725/aicss-genai_sycl-graph-record-replay/build/examples/batched && /usr/bin/cmake -E cmake_link_script CMakeFiles/llama-batched.dir/link.txt --verbose=1
[ 74%] Linking CXX executable ../bin/test-llama-grammar
cd /home/jianyuzh/ws/llama.cpp/auto_ci/28725/aicss-genai_sycl-graph-record-replay/build/tests && /usr/bin/cmake -E cmake_link_script CMakeFiles/test-llama-grammar.dir/link.txt --verbose=1
[ 74%] Linking CXX executable ../bin/test-quantize-perf
cd /home/jianyuzh/ws/llama.cpp/auto_ci/28725/aicss-genai_sycl-graph-record-replay/build/tests && /usr/bin/cmake -E cmake_link_script CMakeFiles/test-quantize-perf.dir/link.txt --verbose=1
/opt/intel/oneapi/compiler/2026.1/bin/icpx -O3 -DNDEBUG -Wl,--dependency-file=CMakeFiles/test-alloc.dir/link.d "CMakeFiles/test-alloc.dir/test-alloc.cpp.o" -o ../bin/test-alloc  -Wl,-rpath,/home/jianyuzh/ws/llama.cpp/auto_ci/28725/aicss-genai_sycl-graph-record-replay/build/bin: ../bin/libllama-common.so.0.4.1 ../common/libllama-common-base.a ../bin/libllama.so.0.4.1 ../bin/libggml.so.0.24.0 ../bin/libggml-cpu.so.0.24.0 ../bin/libggml-sycl.so.0.24.0 ../bin/libggml-base.so.0.24.0
[ 74%] Linking CXX executable ../bin/test-thread-safety
gmake[2]: Leaving directory '/home/jianyuzh/ws/llama.cpp/auto_ci/28725/aicss-genai_sycl-graph-record-replay/build'
cd /home/jianyuzh/ws/llama.cpp/auto_ci/28725/aicss-genai_sycl-graph-record-replay/build/tests && /usr/bin/cmake -E cmake_link_script CMakeFiles/test-thread-safety.dir/link.txt --verbose=1
[ 74%] Built target test-alloc
/opt/intel/oneapi/compiler/2026.1/bin/icpx -O3 -DNDEBUG -Wl,--dependency-file=CMakeFiles/test-grammar-parser.dir/link.d "CMakeFiles/test-grammar-parser.dir/test-grammar-parser.cpp.o" -o ../bin/test-grammar-parser  -Wl,-rpath,/home/jianyuzh/ws/llama.cpp/auto_ci/28725/aicss-genai_sycl-graph-record-replay/build/bin: ../bin/libllama-common.so.0.4.1 ../common/libllama-common-base.a ../bin/libllama.so.0.4.1 ../bin/libggml.so.0.24.0 ../bin/libggml-cpu.so.0.24.0 ../bin/libggml-sycl.so.0.24.0 ../bin/libggml-base.so.0.24.0
[ 74%] Building CXX object tools/server/CMakeFiles/server-context.dir/server-common.cpp.o
gmake[2]: Leaving directory '/home/jianyuzh/ws/llama.cpp/auto_ci/28725/aicss-genai_sycl-graph-record-replay/build'
cd /home/jianyuzh/ws/llama.cpp/auto_ci/28725/aicss-genai_sycl-graph-record-replay/build/tools/server && /opt/intel/oneapi/compiler/2026.1/bin/icpx -DGGML_BACKEND_SHARED -DGGML_SHARED -DGGML_USE_CPU -DGGML_USE_SYCL -DLLAMA_SHARED -DLLAMA_SUBPROCESS -I/home/jianyuzh/ws/llama.cpp/auto_ci/28725/aicss-genai_sycl-graph-record-replay/tools/server -I/home/jianyuzh/ws/llama.cpp/auto_ci/28725/aicss-genai_sycl-graph-record-replay/build/tools/server -I/home/jianyuzh/ws/llama.cpp/auto_ci/28725/aicss-genai_sycl-graph-record-replay/tools/server/../mtmd -I/home/jianyuzh/ws/llama.cpp/auto_ci/28725/aicss-genai_sycl-graph-record-replay -I/home/jianyuzh/ws/llama.cpp/auto_ci/28725/aicss-genai_sycl-graph-record-replay/common/. -I/home/jianyuzh/ws/llama.cpp/auto_ci/28725/aicss-genai_sycl-graph-record-replay/vendor/nlohmann/.. -I/home/jianyuzh/ws/llama.cpp/auto_ci/28725/aicss-genai_sycl-graph-record-replay/vendor/sheredom/.. -I/home/jianyuzh/ws/llama.cpp/auto_ci/28725/aicss-genai_sycl-graph-record-replay/src/../include -I/home/jianyuzh/ws/llama.cpp/auto_ci/28725/aicss-genai_sycl-graph-record-replay/ggml/src/../include -I/home/jianyuzh/ws/llama.cpp/auto_ci/28725/aicss-genai_sycl-graph-record-replay/tools/mtmd/. -O3 -DNDEBUG -fPIC -Xclang -fno-pch-timestamp -Wmissing-declarations -Wmissing-noreturn -Wall -Wextra -Wpedantic -Wcast-qual -Wno-unused-function -MD -MT tools/server/CMakeFiles/server-context.dir/server-common.cpp.o -MF CMakeFiles/server-context.dir/server-common.cpp.o.d -o CMakeFiles/server-context.dir/server-common.cpp.o -c /home/jianyuzh/ws/llama.cpp/auto_ci/28725/aicss-genai_sycl-graph-record-replay/tools/server/server-common.cpp
[ 74%] Built target test-grammar-parser
[ 74%] Building CXX object tests/CMakeFiles/test-chat-peg-parser.dir/peg-parser/simple-tokenize.cpp.o
cd /home/jianyuzh/ws/llama.cpp/auto_ci/28725/aicss-genai_sycl-graph-record-replay/build/tests && /opt/intel/oneapi/compiler/2026.1/bin/icpx -DGGML_BACKEND_SHARED -DGGML_SHARED -DGGML_USE_CPU -DGGML_USE_SYCL -DLLAMA_SHARED -DLLAMA_SUBPROCESS -I/home/jianyuzh/ws/llama.cpp/auto_ci/28725/aicss-genai_sycl-graph-record-replay/common/. -I/home/jianyuzh/ws/llama.cpp/auto_ci/28725/aicss-genai_sycl-graph-record-replay/vendor/nlohmann/.. -I/home/jianyuzh/ws/llama.cpp/auto_ci/28725/aicss-genai_sycl-graph-record-replay/vendor/sheredom/.. -I/home/jianyuzh/ws/llama.cpp/auto_ci/28725/aicss-genai_sycl-graph-record-replay/src/../include -I/home/jianyuzh/ws/llama.cpp/auto_ci/28725/aicss-genai_sycl-graph-record-replay/ggml/src/../include -O3 -DNDEBUG -Xclang -fno-pch-timestamp -Wmissing-declarations -Wmissing-noreturn -Wall -Wextra -Wpedantic -Wcast-qual -Wno-unused-function -MD -MT tests/CMakeFiles/test-chat-peg-parser.dir/peg-parser/simple-tokenize.cpp.o -MF CMakeFiles/test-chat-peg-parser.dir/peg-parser/simple-tokenize.cpp.o.d -o CMakeFiles/test-chat-peg-parser.dir/peg-parser/simple-tokenize.cpp.o -c /home/jianyuzh/ws/llama.cpp/auto_ci/28725/aicss-genai_sycl-graph-record-replay/tests/peg-parser/simple-tokenize.cpp
/opt/intel/oneapi/compiler/2026.1/bin/icpx -O3 -DNDEBUG -Wl,--dependency-file=CMakeFiles/test-sampling.dir/link.d "CMakeFiles/test-sampling.dir/test-sampling.cpp.o" -o ../bin/test-sampling  -Wl,-rpath,/home/jianyuzh/ws/llama.cpp/auto_ci/28725/aicss-genai_sycl-graph-record-replay/build/bin: ../bin/libllama-common.so.0.4.1 ../common/libllama-common-base.a ../bin/libllama.so.0.4.1 ../bin/libggml.so.0.24.0 ../bin/libggml-cpu.so.0.24.0 ../bin/libggml-sycl.so.0.24.0 ../bin/libggml-base.so.0.24.0
gmake[2]: Leaving directory '/home/jianyuzh/ws/llama.cpp/auto_ci/28725/aicss-genai_sycl-graph-record-replay/build'
[ 74%] Built target test-sampling
/usr/bin/gmake  -f examples/retrieval/CMakeFiles/llama-retrieval.dir/build.make examples/retrieval/CMakeFiles/llama-retrieval.dir/depend
gmake[2]: Entering directory '/home/jianyuzh/ws/llama.cpp/auto_ci/28725/aicss-genai_sycl-graph-record-replay/build'
cd /home/jianyuzh/ws/llama.cpp/auto_ci/28725/aicss-genai_sycl-graph-record-replay/build && /usr/bin/cmake -E cmake_depends "Unix Makefiles" /home/jianyuzh/ws/llama.cpp/auto_ci/28725/aicss-genai_sycl-graph-record-replay /home/jianyuzh/ws/llama.cpp/auto_ci/28725/aicss-genai_sycl-graph-record-replay/examples/retrieval /home/jianyuzh/ws/llama.cpp/auto_ci/28725/aicss-genai_sycl-graph-record-replay/build /home/jianyuzh/ws/llama.cpp/auto_ci/28725/aicss-genai_sycl-graph-record-replay/build/examples/retrieval /home/jianyuzh/ws/llama.cpp/auto_ci/28725/aicss-genai_sycl-graph-record-replay/build/examples/retrieval/CMakeFiles/llama-retrieval.dir/DependInfo.cmake "--color=" llama-retrieval
gmake[2]: Leaving directory '/home/jianyuzh/ws/llama.cpp/auto_ci/28725/aicss-genai_sycl-graph-record-replay/build'
/usr/bin/gmake  -f examples/retrieval/CMakeFiles/llama-retrieval.dir/build.make examples/retrieval/CMakeFiles/llama-retrieval.dir/build
gmake[2]: Entering directory '/home/jianyuzh/ws/llama.cpp/auto_ci/28725/aicss-genai_sycl-graph-record-replay/build'
[ 74%] Building CXX object examples/retrieval/CMakeFiles/llama-retrieval.dir/retrieval.cpp.o
cd /home/jianyuzh/ws/llama.cpp/auto_ci/28725/aicss-genai_sycl-graph-record-replay/build/examples/retrieval && /opt/intel/oneapi/compiler/2026.1/bin/icpx -DGGML_BACKEND_SHARED -DGGML_SHARED -DGGML_USE_CPU -DGGML_USE_SYCL -DLLAMA_SHARED -DLLAMA_SUBPROCESS -I/home/jianyuzh/ws/llama.cpp/auto_ci/28725/aicss-genai_sycl-graph-record-replay/common/. -I/home/jianyuzh/ws/llama.cpp/auto_ci/28725/aicss-genai_sycl-graph-record-replay/vendor/nlohmann/.. -I/home/jianyuzh/ws/llama.cpp/auto_ci/28725/aicss-genai_sycl-graph-record-replay/vendor/sheredom/.. -I/home/jianyuzh/ws/llama.cpp/auto_ci/28725/aicss-genai_sycl-graph-record-replay/src/../include -I/home/jianyuzh/ws/llama.cpp/auto_ci/28725/aicss-genai_sycl-graph-record-replay/ggml/src/../include -O3 -DNDEBUG -Xclang -fno-pch-timestamp -Wmissing-declarations -Wmissing-noreturn -Wall -Wextra -Wpedantic -Wcast-qual -Wno-unused-function -MD -MT examples/retrieval/CMakeFiles/llama-retrieval.dir/retrieval.cpp.o -MF CMakeFiles/llama-retrieval.dir/retrieval.cpp.o.d -o CMakeFiles/llama-retrieval.dir/retrieval.cpp.o -c /home/jianyuzh/ws/llama.cpp/auto_ci/28725/aicss-genai_sycl-graph-record-replay/examples/retrieval/retrieval.cpp
/opt/intel/oneapi/compiler/2026.1/bin/icpx -O3 -DNDEBUG -Wl,--dependency-file=CMakeFiles/test-state-restore-fragmented.dir/link.d "CMakeFiles/test-state-restore-fragmented.dir/test-state-restore-fragmented.cpp.o" -o ../bin/test-state-restore-fragmented  -Wl,-rpath,/home/jianyuzh/ws/llama.cpp/auto_ci/28725/aicss-genai_sycl-graph-record-replay/build/bin: ../bin/libllama-common.so.0.4.1 ../common/libllama-common-base.a ../bin/libllama.so.0.4.1 ../bin/libggml.so.0.24.0 ../bin/libggml-cpu.so.0.24.0 ../bin/libggml-sycl.so.0.24.0 ../bin/libggml-base.so.0.24.0
gmake[2]: Leaving directory '/home/jianyuzh/ws/llama.cpp/auto_ci/28725/aicss-genai_sycl-graph-record-replay/build'
[ 74%] Built target test-state-restore-fragmented
/usr/bin/gmake  -f examples/speculative/CMakeFiles/llama-speculative.dir/build.make examples/speculative/CMakeFiles/llama-speculative.dir/depend
gmake[2]: Entering directory '/home/jianyuzh/ws/llama.cpp/auto_ci/28725/aicss-genai_sycl-graph-record-replay/build'
cd /home/jianyuzh/ws/llama.cpp/auto_ci/28725/aicss-genai_sycl-graph-record-replay/build && /usr/bin/cmake -E cmake_depends "Unix Makefiles" /home/jianyuzh/ws/llama.cpp/auto_ci/28725/aicss-genai_sycl-graph-record-replay /home/jianyuzh/ws/llama.cpp/auto_ci/28725/aicss-genai_sycl-graph-record-replay/examples/speculative /home/jianyuzh/ws/llama.cpp/auto_ci/28725/aicss-genai_sycl-graph-record-replay/build /home/jianyuzh/ws/llama.cpp/auto_ci/28725/aicss-genai_sycl-graph-record-replay/build/examples/speculative /home/jianyuzh/ws/llama.cpp/auto_ci/28725/aicss-genai_sycl-graph-record-replay/build/examples/speculative/CMakeFiles/llama-speculative.dir/DependInfo.cmake "--color=" llama-speculative
gmake[2]: Leaving directory '/home/jianyuzh/ws/llama.cpp/auto_ci/28725/aicss-genai_sycl-graph-record-replay/build'
/usr/bin/gmake  -f examples/speculative/CMakeFiles/llama-speculative.dir/build.make examples/speculative/CMakeFiles/llama-speculative.dir/build
gmake[2]: Entering directory '/home/jianyuzh/ws/llama.cpp/auto_ci/28725/aicss-genai_sycl-graph-record-replay/build'
[ 74%] Building CXX object examples/speculative/CMakeFiles/llama-speculative.dir/speculative.cpp.o
cd /home/jianyuzh/ws/llama.cpp/auto_ci/28725/aicss-genai_sycl-graph-record-replay/build/examples/speculative && /opt/intel/oneapi/compiler/2026.1/bin/icpx -DGGML_BACKEND_SHARED -DGGML_SHARED -DGGML_USE_CPU -DGGML_USE_SYCL -DLLAMA_SHARED -DLLAMA_SUBPROCESS -I/home/jianyuzh/ws/llama.cpp/auto_ci/28725/aicss-genai_sycl-graph-record-replay/common/. -I/home/jianyuzh/ws/llama.cpp/auto_ci/28725/aicss-genai_sycl-graph-record-replay/vendor/nlohmann/.. -I/home/jianyuzh/ws/llama.cpp/auto_ci/28725/aicss-genai_sycl-graph-record-replay/vendor/sheredom/.. -I/home/jianyuzh/ws/llama.cpp/auto_ci/28725/aicss-genai_sycl-graph-record-replay/src/../include -I/home/jianyuzh/ws/llama.cpp/auto_ci/28725/aicss-genai_sycl-graph-record-replay/ggml/src/../include -O3 -DNDEBUG -Xclang -fno-pch-timestamp -Wmissing-declarations -Wmissing-noreturn -Wall -Wextra -Wpedantic -Wcast-qual -Wno-unused-function -MD -MT examples/speculative/CMakeFiles/llama-speculative.dir/speculative.cpp.o -MF CMakeFiles/llama-speculative.dir/speculative.cpp.o.d -o CMakeFiles/llama-speculative.dir/speculative.cpp.o -c /home/jianyuzh/ws/llama.cpp/auto_ci/28725/aicss-genai_sycl-graph-record-replay/examples/speculative/speculative.cpp
[ 75%] Linking CXX executable ../../bin/llama-lookup-merge
cd /home/jianyuzh/ws/llama.cpp/auto_ci/28725/aicss-genai_sycl-graph-record-replay/build/examples/lookup && /usr/bin/cmake -E cmake_link_script CMakeFiles/llama-lookup-merge.dir/link.txt --verbose=1
/opt/intel/oneapi/compiler/2026.1/bin/icpx -O3 -DNDEBUG -Wl,--dependency-file=CMakeFiles/test-reasoning-budget.dir/link.d "CMakeFiles/test-reasoning-budget.dir/test-reasoning-budget.cpp.o" -o ../bin/test-reasoning-budget  -Wl,-rpath,/home/jianyuzh/ws/llama.cpp/auto_ci/28725/aicss-genai_sycl-graph-record-replay/build/bin: ../bin/libllama-common.so.0.4.1 ../common/libllama-common-base.a ../bin/libllama.so.0.4.1 ../bin/libggml.so.0.24.0 ../bin/libggml-cpu.so.0.24.0 ../bin/libggml-sycl.so.0.24.0 ../bin/libggml-base.so.0.24.0
/opt/intel/oneapi/compiler/2026.1/bin/icpx -O3 -DNDEBUG -Wl,--dependency-file=CMakeFiles/test-tokenizer-0.dir/link.d "CMakeFiles/test-tokenizer-0.dir/test-tokenizer-0.cpp.o" -o ../bin/test-tokenizer-0  -Wl,-rpath,/home/jianyuzh/ws/llama.cpp/auto_ci/28725/aicss-genai_sycl-graph-record-replay/build/bin: ../bin/libllama-common.so.0.4.1 ../bin/libllama.so.0.4.1 ../bin/libggml.so.0.24.0 ../bin/libggml-cpu.so.0.24.0 ../bin/libggml-sycl.so.0.24.0 ../bin/libggml-base.so.0.24.0 ../common/libllama-common-base.a
gmake[2]: Leaving directory '/home/jianyuzh/ws/llama.cpp/auto_ci/28725/aicss-genai_sycl-graph-record-replay/build'
gmake[2]: Leaving directory '/home/jianyuzh/ws/llama.cpp/auto_ci/28725/aicss-genai_sycl-graph-record-replay/build'
[ 75%] Linking CXX executable ../../bin/llama-embedding
cd /home/jianyuzh/ws/llama.cpp/auto_ci/28725/aicss-genai_sycl-graph-record-replay/build/examples/embedding && /usr/bin/cmake -E cmake_link_script CMakeFiles/llama-embedding.dir/link.txt --verbose=1
[ 75%] Built target test-tokenizer-0
[ 75%] Built target test-reasoning-budget
[ 75%] Building CXX object tests/CMakeFiles/test-peg-parser.dir/peg-parser/test-gbnf-generation.cpp.o
[ 75%] Building CXX object tools/server/CMakeFiles/server-context.dir/server-context.cpp.o
cd /home/jianyuzh/ws/llama.cpp/auto_ci/28725/aicss-genai_sycl-graph-record-replay/build/tests && /opt/intel/oneapi/compiler/2026.1/bin/icpx -DGGML_BACKEND_SHARED -DGGML_SHARED -DGGML_USE_CPU -DGGML_USE_SYCL -DLLAMA_SHARED -DLLAMA_SUBPROCESS -I/home/jianyuzh/ws/llama.cpp/auto_ci/28725/aicss-genai_sycl-graph-record-replay/common/. -I/home/jianyuzh/ws/llama.cpp/auto_ci/28725/aicss-genai_sycl-graph-record-replay/vendor/nlohmann/.. -I/home/jianyuzh/ws/llama.cpp/auto_ci/28725/aicss-genai_sycl-graph-record-replay/vendor/sheredom/.. -I/home/jianyuzh/ws/llama.cpp/auto_ci/28725/aicss-genai_sycl-graph-record-replay/src/../include -I/home/jianyuzh/ws/llama.cpp/auto_ci/28725/aicss-genai_sycl-graph-record-replay/ggml/src/../include -O3 -DNDEBUG -Xclang -fno-pch-timestamp -Wmissing-declarations -Wmissing-noreturn -Wall -Wextra -Wpedantic -Wcast-qual -Wno-unused-function -MD -MT tests/CMakeFiles/test-peg-parser.dir/peg-parser/test-gbnf-generation.cpp.o -MF CMakeFiles/test-peg-parser.dir/peg-parser/test-gbnf-generation.cpp.o.d -o CMakeFiles/test-peg-parser.dir/peg-parser/test-gbnf-generation.cpp.o -c /home/jianyuzh/ws/llama.cpp/auto_ci/28725/aicss-genai_sycl-graph-record-replay/tests/peg-parser/test-gbnf-generation.cpp
cd /home/jianyuzh/ws/llama.cpp/auto_ci/28725/aicss-genai_sycl-graph-record-replay/build/tools/server && /opt/intel/oneapi/compiler/2026.1/bin/icpx -DGGML_BACKEND_SHARED -DGGML_SHARED -DGGML_USE_CPU -DGGML_USE_SYCL -DLLAMA_SHARED -DLLAMA_SUBPROCESS -I/home/jianyuzh/ws/llama.cpp/auto_ci/28725/aicss-genai_sycl-graph-record-replay/tools/server -I/home/jianyuzh/ws/llama.cpp/auto_ci/28725/aicss-genai_sycl-graph-record-replay/build/tools/server -I/home/jianyuzh/ws/llama.cpp/auto_ci/28725/aicss-genai_sycl-graph-record-replay/tools/server/../mtmd -I/home/jianyuzh/ws/llama.cpp/auto_ci/28725/aicss-genai_sycl-graph-record-replay -I/home/jianyuzh/ws/llama.cpp/auto_ci/28725/aicss-genai_sycl-graph-record-replay/common/. -I/home/jianyuzh/ws/llama.cpp/auto_ci/28725/aicss-genai_sycl-graph-record-replay/vendor/nlohmann/.. -I/home/jianyuzh/ws/llama.cpp/auto_ci/28725/aicss-genai_sycl-graph-record-replay/vendor/sheredom/.. -I/home/jianyuzh/ws/llama.cpp/auto_ci/28725/aicss-genai_sycl-graph-record-replay/src/../include -I/home/jianyuzh/ws/llama.cpp/auto_ci/28725/aicss-genai_sycl-graph-record-replay/ggml/src/../include -I/home/jianyuzh/ws/llama.cpp/auto_ci/28725/aicss-genai_sycl-graph-record-replay/tools/mtmd/. -O3 -DNDEBUG -fPIC -Xclang -fno-pch-timestamp -Wmissing-declarations -Wmissing-noreturn -Wall -Wextra -Wpedantic -Wcast-qual -Wno-unused-function -MD -MT tools/server/CMakeFiles/server-context.dir/server-context.cpp.o -MF CMakeFiles/server-context.dir/server-context.cpp.o.d -o CMakeFiles/server-context.dir/server-context.cpp.o -c /home/jianyuzh/ws/llama.cpp/auto_ci/28725/aicss-genai_sycl-graph-record-replay/tools/server/server-context.cpp
/opt/intel/oneapi/compiler/2026.1/bin/icpx -O3 -DNDEBUG -Wl,--dependency-file=CMakeFiles/llama-batched.dir/link.d "CMakeFiles/llama-batched.dir/batched.cpp.o" -o ../../bin/llama-batched  -Wl,-rpath,/home/jianyuzh/ws/llama.cpp/auto_ci/28725/aicss-genai_sycl-graph-record-replay/build/bin: ../../bin/libllama-common.so.0.4.1 ../../bin/libllama.so.0.4.1 ../../bin/libggml.so.0.24.0 ../../bin/libggml-cpu.so.0.24.0 ../../bin/libggml-sycl.so.0.24.0 ../../bin/libggml-base.so.0.24.0 ../../common/libllama-common-base.a
gmake[2]: Leaving directory '/home/jianyuzh/ws/llama.cpp/auto_ci/28725/aicss-genai_sycl-graph-record-replay/build'
/opt/intel/oneapi/compiler/2026.1/bin/icpx -O3 -DNDEBUG -Wl,--dependency-file=CMakeFiles/test-opt.dir/link.d "CMakeFiles/test-opt.dir/test-opt.cpp.o" -o ../bin/test-opt  -Wl,-rpath,/home/jianyuzh/ws/llama.cpp/auto_ci/28725/aicss-genai_sycl-graph-record-replay/build/bin: ../bin/libllama-common.so.0.4.1 ../common/libllama-common-base.a ../bin/libllama.so.0.4.1 ../bin/libggml.so.0.24.0 ../bin/libggml-cpu.so.0.24.0 ../bin/libggml-sycl.so.0.24.0 ../bin/libggml-base.so.0.24.0
[ 75%] Built target llama-batched
gmake[2]: Leaving directory '/home/jianyuzh/ws/llama.cpp/auto_ci/28725/aicss-genai_sycl-graph-record-replay/build'
/usr/bin/gmake  -f examples/speculative-simple/CMakeFiles/llama-speculative-simple.dir/build.make examples/speculative-simple/CMakeFiles/llama-speculative-simple.dir/depend
gmake[2]: Entering directory '/home/jianyuzh/ws/llama.cpp/auto_ci/28725/aicss-genai_sycl-graph-record-replay/build'
cd /home/jianyuzh/ws/llama.cpp/auto_ci/28725/aicss-genai_sycl-graph-record-replay/build && /usr/bin/cmake -E cmake_depends "Unix Makefiles" /home/jianyuzh/ws/llama.cpp/auto_ci/28725/aicss-genai_sycl-graph-record-replay /home/jianyuzh/ws/llama.cpp/auto_ci/28725/aicss-genai_sycl-graph-record-replay/examples/speculative-simple /home/jianyuzh/ws/llama.cpp/auto_ci/28725/aicss-genai_sycl-graph-record-replay/build /home/jianyuzh/ws/llama.cpp/auto_ci/28725/aicss-genai_sycl-graph-record-replay/build/examples/speculative-simple /home/jianyuzh/ws/llama.cpp/auto_ci/28725/aicss-genai_sycl-graph-record-replay/build/examples/speculative-simple/CMakeFiles/llama-speculative-simple.dir/DependInfo.cmake "--color=" llama-speculative-simple
[ 76%] Linking CXX executable ../../bin/llama-eval-callback
[ 76%] Built target test-opt
cd /home/jianyuzh/ws/llama.cpp/auto_ci/28725/aicss-genai_sycl-graph-record-replay/build/examples/eval-callback && /usr/bin/cmake -E cmake_link_script CMakeFiles/llama-eval-callback.dir/link.txt --verbose=1
/usr/bin/gmake  -f examples/gen-docs/CMakeFiles/llama-gen-docs.dir/build.make examples/gen-docs/CMakeFiles/llama-gen-docs.dir/depend
gmake[2]: Leaving directory '/home/jianyuzh/ws/llama.cpp/auto_ci/28725/aicss-genai_sycl-graph-record-replay/build'
/usr/bin/gmake  -f examples/speculative-simple/CMakeFiles/llama-speculative-simple.dir/build.make examples/speculative-simple/CMakeFiles/llama-speculative-simple.dir/build
[ 76%] Linking CXX executable ../bin/test-export-graph-ops
gmake[2]: Entering directory '/home/jianyuzh/ws/llama.cpp/auto_ci/28725/aicss-genai_sycl-graph-record-replay/build'
cd /home/jianyuzh/ws/llama.cpp/auto_ci/28725/aicss-genai_sycl-graph-record-replay/build && /usr/bin/cmake -E cmake_depends "Unix Makefiles" /home/jianyuzh/ws/llama.cpp/auto_ci/28725/aicss-genai_sycl-graph-record-replay /home/jianyuzh/ws/llama.cpp/auto_ci/28725/aicss-genai_sycl-graph-record-replay/examples/gen-docs /home/jianyuzh/ws/llama.cpp/auto_ci/28725/aicss-genai_sycl-graph-record-replay/build /home/jianyuzh/ws/llama.cpp/auto_ci/28725/aicss-genai_sycl-graph-record-replay/build/examples/gen-docs /home/jianyuzh/ws/llama.cpp/auto_ci/28725/aicss-genai_sycl-graph-record-replay/build/examples/gen-docs/CMakeFiles/llama-gen-docs.dir/DependInfo.cmake "--color=" llama-gen-docs
cd /home/jianyuzh/ws/llama.cpp/auto_ci/28725/aicss-genai_sycl-graph-record-replay/build/tests && /usr/bin/cmake -E cmake_link_script CMakeFiles/test-export-graph-ops.dir/link.txt --verbose=1
gmake[2]: Entering directory '/home/jianyuzh/ws/llama.cpp/auto_ci/28725/aicss-genai_sycl-graph-record-replay/build'
[ 76%] Building CXX object examples/speculative-simple/CMakeFiles/llama-speculative-simple.dir/speculative-simple.cpp.o
cd /home/jianyuzh/ws/llama.cpp/auto_ci/28725/aicss-genai_sycl-graph-record-replay/build/examples/speculative-simple && /opt/intel/oneapi/compiler/2026.1/bin/icpx -DGGML_BACKEND_SHARED -DGGML_SHARED -DGGML_USE_CPU -DGGML_USE_SYCL -DLLAMA_SHARED -DLLAMA_SUBPROCESS -I/home/jianyuzh/ws/llama.cpp/auto_ci/28725/aicss-genai_sycl-graph-record-replay/common/. -I/home/jianyuzh/ws/llama.cpp/auto_ci/28725/aicss-genai_sycl-graph-record-replay/vendor/nlohmann/.. -I/home/jianyuzh/ws/llama.cpp/auto_ci/28725/aicss-genai_sycl-graph-record-replay/vendor/sheredom/.. -I/home/jianyuzh/ws/llama.cpp/auto_ci/28725/aicss-genai_sycl-graph-record-replay/src/../include -I/home/jianyuzh/ws/llama.cpp/auto_ci/28725/aicss-genai_sycl-graph-record-replay/ggml/src/../include -O3 -DNDEBUG -Xclang -fno-pch-timestamp -Wmissing-declarations -Wmissing-noreturn -Wall -Wextra -Wpedantic -Wcast-qual -Wno-unused-function -MD -MT examples/speculative-simple/CMakeFiles/llama-speculative-simple.dir/speculative-simple.cpp.o -MF CMakeFiles/llama-speculative-simple.dir/speculative-simple.cpp.o.d -o CMakeFiles/llama-speculative-simple.dir/speculative-simple.cpp.o -c /home/jianyuzh/ws/llama.cpp/auto_ci/28725/aicss-genai_sycl-graph-record-replay/examples/speculative-simple/speculative-simple.cpp
gmake[2]: Leaving directory '/home/jianyuzh/ws/llama.cpp/auto_ci/28725/aicss-genai_sycl-graph-record-replay/build'
/usr/bin/gmake  -f examples/gen-docs/CMakeFiles/llama-gen-docs.dir/build.make examples/gen-docs/CMakeFiles/llama-gen-docs.dir/build
gmake[2]: Entering directory '/home/jianyuzh/ws/llama.cpp/auto_ci/28725/aicss-genai_sycl-graph-record-replay/build'
[ 77%] Building CXX object examples/gen-docs/CMakeFiles/llama-gen-docs.dir/gen-docs.cpp.o
/opt/intel/oneapi/compiler/2026.1/bin/icpx -O3 -DNDEBUG -Wl,--dependency-file=CMakeFiles/test-llama-grammar.dir/link.d "CMakeFiles/test-llama-grammar.dir/test-llama-grammar.cpp.o" -o ../bin/test-llama-grammar  -Wl,-rpath,/home/jianyuzh/ws/llama.cpp/auto_ci/28725/aicss-genai_sycl-graph-record-replay/build/bin: ../bin/libllama-common.so.0.4.1 ../common/libllama-common-base.a ../bin/libllama.so.0.4.1 ../bin/libggml.so.0.24.0 ../bin/libggml-cpu.so.0.24.0 ../bin/libggml-sycl.so.0.24.0 ../bin/libggml-base.so.0.24.0
cd /home/jianyuzh/ws/llama.cpp/auto_ci/28725/aicss-genai_sycl-graph-record-replay/build/examples/gen-docs && /opt/intel/oneapi/compiler/2026.1/bin/icpx -DGGML_BACKEND_SHARED -DGGML_SHARED -DGGML_USE_CPU -DGGML_USE_SYCL -DLLAMA_SHARED -DLLAMA_SUBPROCESS -I/home/jianyuzh/ws/llama.cpp/auto_ci/28725/aicss-genai_sycl-graph-record-replay/common/. -I/home/jianyuzh/ws/llama.cpp/auto_ci/28725/aicss-genai_sycl-graph-record-replay/vendor/nlohmann/.. -I/home/jianyuzh/ws/llama.cpp/auto_ci/28725/aicss-genai_sycl-graph-record-replay/vendor/sheredom/.. -I/home/jianyuzh/ws/llama.cpp/auto_ci/28725/aicss-genai_sycl-graph-record-replay/src/../include -I/home/jianyuzh/ws/llama.cpp/auto_ci/28725/aicss-genai_sycl-graph-record-replay/ggml/src/../include -O3 -DNDEBUG -Xclang -fno-pch-timestamp -Wmissing-declarations -Wmissing-noreturn -Wall -Wextra -Wpedantic -Wcast-qual -Wno-unused-function -MD -MT examples/gen-docs/CMakeFiles/llama-gen-docs.dir/gen-docs.cpp.o -MF CMakeFiles/llama-gen-docs.dir/gen-docs.cpp.o.d -o CMakeFiles/llama-gen-docs.dir/gen-docs.cpp.o -c /home/jianyuzh/ws/llama.cpp/auto_ci/28725/aicss-genai_sycl-graph-record-replay/examples/gen-docs/gen-docs.cpp
gmake[2]: Leaving directory '/home/jianyuzh/ws/llama.cpp/auto_ci/28725/aicss-genai_sycl-graph-record-replay/build'
[ 77%] Built target test-llama-grammar
/usr/bin/gmake  -f examples/training/CMakeFiles/llama-finetune.dir/build.make examples/training/CMakeFiles/llama-finetune.dir/depend
gmake[2]: Entering directory '/home/jianyuzh/ws/llama.cpp/auto_ci/28725/aicss-genai_sycl-graph-record-replay/build'
cd /home/jianyuzh/ws/llama.cpp/auto_ci/28725/aicss-genai_sycl-graph-record-replay/build && /usr/bin/cmake -E cmake_depends "Unix Makefiles" /home/jianyuzh/ws/llama.cpp/auto_ci/28725/aicss-genai_sycl-graph-record-replay /home/jianyuzh/ws/llama.cpp/auto_ci/28725/aicss-genai_sycl-graph-record-replay/examples/training /home/jianyuzh/ws/llama.cpp/auto_ci/28725/aicss-genai_sycl-graph-record-replay/build /home/jianyuzh/ws/llama.cpp/auto_ci/28725/aicss-genai_sycl-graph-record-replay/build/examples/training /home/jianyuzh/ws/llama.cpp/auto_ci/28725/aicss-genai_sycl-graph-record-replay/build/examples/training/CMakeFiles/llama-finetune.dir/DependInfo.cmake "--color=" llama-finetune
/usr/bin/gmake  -f examples/diffusion/CMakeFiles/llama-diffusion.dir/build.make examples/diffusion/CMakeFiles/llama-diffusion.dir/depend
gmake[2]: Entering directory '/home/jianyuzh/ws/llama.cpp/auto_ci/28725/aicss-genai_sycl-graph-record-replay/build'
cd /home/jianyuzh/ws/llama.cpp/auto_ci/28725/aicss-genai_sycl-graph-record-replay/build && /usr/bin/cmake -E cmake_depends "Unix Makefiles" /home/jianyuzh/ws/llama.cpp/auto_ci/28725/aicss-genai_sycl-graph-record-replay /home/jianyuzh/ws/llama.cpp/auto_ci/28725/aicss-genai_sycl-graph-record-replay/examples/diffusion /home/jianyuzh/ws/llama.cpp/auto_ci/28725/aicss-genai_sycl-graph-record-replay/build /home/jianyuzh/ws/llama.cpp/auto_ci/28725/aicss-genai_sycl-graph-record-replay/build/examples/diffusion /home/jianyuzh/ws/llama.cpp/auto_ci/28725/aicss-genai_sycl-graph-record-replay/build/examples/diffusion/CMakeFiles/llama-diffusion.dir/DependInfo.cmake "--color=" llama-diffusion
gmake[2]: Leaving directory '/home/jianyuzh/ws/llama.cpp/auto_ci/28725/aicss-genai_sycl-graph-record-replay/build'
/usr/bin/gmake  -f examples/training/CMakeFiles/llama-finetune.dir/build.make examples/training/CMakeFiles/llama-finetune.dir/build
gmake[2]: Entering directory '/home/jianyuzh/ws/llama.cpp/auto_ci/28725/aicss-genai_sycl-graph-record-replay/build'
gmake[2]: Leaving directory '/home/jianyuzh/ws/llama.cpp/auto_ci/28725/aicss-genai_sycl-graph-record-replay/build'
/usr/bin/gmake  -f examples/diffusion/CMakeFiles/llama-diffusion.dir/build.make examples/diffusion/CMakeFiles/llama-diffusion.dir/build
gmake[2]: Entering directory '/home/jianyuzh/ws/llama.cpp/auto_ci/28725/aicss-genai_sycl-graph-record-replay/build'
[ 77%] Linking CXX executable ../bin/test-recurrent-state-rollback
cd /home/jianyuzh/ws/llama.cpp/auto_ci/28725/aicss-genai_sycl-graph-record-replay/build/tests && /usr/bin/cmake -E cmake_link_script CMakeFiles/test-recurrent-state-rollback.dir/link.txt --verbose=1
[ 77%] Building CXX object examples/training/CMakeFiles/llama-finetune.dir/finetune.cpp.o
cd /home/jianyuzh/ws/llama.cpp/auto_ci/28725/aicss-genai_sycl-graph-record-replay/build/examples/training && /opt/intel/oneapi/compiler/2026.1/bin/icpx -DGGML_BACKEND_SHARED -DGGML_SHARED -DGGML_USE_CPU -DGGML_USE_SYCL -DLLAMA_SHARED -DLLAMA_SUBPROCESS -I/home/jianyuzh/ws/llama.cpp/auto_ci/28725/aicss-genai_sycl-graph-record-replay/common/. -I/home/jianyuzh/ws/llama.cpp/auto_ci/28725/aicss-genai_sycl-graph-record-replay/vendor/nlohmann/.. -I/home/jianyuzh/ws/llama.cpp/auto_ci/28725/aicss-genai_sycl-graph-record-replay/vendor/sheredom/.. -I/home/jianyuzh/ws/llama.cpp/auto_ci/28725/aicss-genai_sycl-graph-record-replay/src/../include -I/home/jianyuzh/ws/llama.cpp/auto_ci/28725/aicss-genai_sycl-graph-record-replay/ggml/src/../include -O3 -DNDEBUG -Xclang -fno-pch-timestamp -Wmissing-declarations -Wmissing-noreturn -Wall -Wextra -Wpedantic -Wcast-qual -Wno-unused-function -MD -MT examples/training/CMakeFiles/llama-finetune.dir/finetune.cpp.o -MF CMakeFiles/llama-finetune.dir/finetune.cpp.o.d -o CMakeFiles/llama-finetune.dir/finetune.cpp.o -c /home/jianyuzh/ws/llama.cpp/auto_ci/28725/aicss-genai_sycl-graph-record-replay/examples/training/finetune.cpp
[ 77%] Building CXX object examples/diffusion/CMakeFiles/llama-diffusion.dir/diffusion.cpp.o
cd /home/jianyuzh/ws/llama.cpp/auto_ci/28725/aicss-genai_sycl-graph-record-replay/build/examples/diffusion && /opt/intel/oneapi/compiler/2026.1/bin/icpx -DGGML_BACKEND_SHARED -DGGML_SHARED -DGGML_USE_CPU -DGGML_USE_SYCL -DLLAMA_SHARED -DLLAMA_SUBPROCESS -I/home/jianyuzh/ws/llama.cpp/auto_ci/28725/aicss-genai_sycl-graph-record-replay/src/../include -I/home/jianyuzh/ws/llama.cpp/auto_ci/28725/aicss-genai_sycl-graph-record-replay/ggml/src/../include -I/home/jianyuzh/ws/llama.cpp/auto_ci/28725/aicss-genai_sycl-graph-record-replay/common/. -I/home/jianyuzh/ws/llama.cpp/auto_ci/28725/aicss-genai_sycl-graph-record-replay/vendor/nlohmann/.. -I/home/jianyuzh/ws/llama.cpp/auto_ci/28725/aicss-genai_sycl-graph-record-replay/vendor/sheredom/.. -O3 -DNDEBUG -Xclang -fno-pch-timestamp -Wmissing-declarations -Wmissing-noreturn -Wall -Wextra -Wpedantic -Wcast-qual -Wno-unused-function -MD -MT examples/diffusion/CMakeFiles/llama-diffusion.dir/diffusion.cpp.o -MF CMakeFiles/llama-diffusion.dir/diffusion.cpp.o.d -o CMakeFiles/llama-diffusion.dir/diffusion.cpp.o -c /home/jianyuzh/ws/llama.cpp/auto_ci/28725/aicss-genai_sycl-graph-record-replay/examples/diffusion/diffusion.cpp
/opt/intel/oneapi/compiler/2026.1/bin/icpx -O3 -DNDEBUG -Wl,--dependency-file=CMakeFiles/test-quantize-perf.dir/link.d "CMakeFiles/test-quantize-perf.dir/test-quantize-perf.cpp.o" -o ../bin/test-quantize-perf  -Wl,-rpath,/home/jianyuzh/ws/llama.cpp/auto_ci/28725/aicss-genai_sycl-graph-record-replay/build/bin: ../bin/libllama-common.so.0.4.1 ../common/libllama-common-base.a ../bin/libllama.so.0.4.1 ../bin/libggml.so.0.24.0 ../bin/libggml-cpu.so.0.24.0 ../bin/libggml-sycl.so.0.24.0 ../bin/libggml-base.so.0.24.0
gmake[2]: Leaving directory '/home/jianyuzh/ws/llama.cpp/auto_ci/28725/aicss-genai_sycl-graph-record-replay/build'
[ 77%] Built target test-quantize-perf
/usr/bin/gmake  -f examples/convert-llama2c-to-ggml/CMakeFiles/llama-convert-llama2c-to-ggml.dir/build.make examples/convert-llama2c-to-ggml/CMakeFiles/llama-convert-llama2c-to-ggml.dir/depend
gmake[2]: Entering directory '/home/jianyuzh/ws/llama.cpp/auto_ci/28725/aicss-genai_sycl-graph-record-replay/build'
cd /home/jianyuzh/ws/llama.cpp/auto_ci/28725/aicss-genai_sycl-graph-record-replay/build && /usr/bin/cmake -E cmake_depends "Unix Makefiles" /home/jianyuzh/ws/llama.cpp/auto_ci/28725/aicss-genai_sycl-graph-record-replay /home/jianyuzh/ws/llama.cpp/auto_ci/28725/aicss-genai_sycl-graph-record-replay/examples/convert-llama2c-to-ggml /home/jianyuzh/ws/llama.cpp/auto_ci/28725/aicss-genai_sycl-graph-record-replay/build /home/jianyuzh/ws/llama.cpp/auto_ci/28725/aicss-genai_sycl-graph-record-replay/build/examples/convert-llama2c-to-ggml /home/jianyuzh/ws/llama.cpp/auto_ci/28725/aicss-genai_sycl-graph-record-replay/build/examples/convert-llama2c-to-ggml/CMakeFiles/llama-convert-llama2c-to-ggml.dir/DependInfo.cmake "--color=" llama-convert-llama2c-to-ggml
/opt/intel/oneapi/compiler/2026.1/bin/icpx -O3 -DNDEBUG -Wl,--dependency-file=CMakeFiles/test-thread-safety.dir/link.d "CMakeFiles/test-thread-safety.dir/test-thread-safety.cpp.o" -o ../bin/test-thread-safety  -Wl,-rpath,/home/jianyuzh/ws/llama.cpp/auto_ci/28725/aicss-genai_sycl-graph-record-replay/build/bin: ../bin/libllama-common.so.0.4.1 ../common/libllama-common-base.a ../bin/libllama.so.0.4.1 ../bin/libggml.so.0.24.0 ../bin/libggml-cpu.so.0.24.0 ../bin/libggml-sycl.so.0.24.0 ../bin/libggml-base.so.0.24.0
gmake[2]: Leaving directory '/home/jianyuzh/ws/llama.cpp/auto_ci/28725/aicss-genai_sycl-graph-record-replay/build'
gmake[2]: Leaving directory '/home/jianyuzh/ws/llama.cpp/auto_ci/28725/aicss-genai_sycl-graph-record-replay/build'
/usr/bin/gmake  -f examples/convert-llama2c-to-ggml/CMakeFiles/llama-convert-llama2c-to-ggml.dir/build.make examples/convert-llama2c-to-ggml/CMakeFiles/llama-convert-llama2c-to-ggml.dir/build
gmake[2]: Entering directory '/home/jianyuzh/ws/llama.cpp/auto_ci/28725/aicss-genai_sycl-graph-record-replay/build'
[ 77%] Built target test-thread-safety
/usr/bin/gmake  -f examples/sycl/CMakeFiles/llama-ls-sycl-device.dir/build.make examples/sycl/CMakeFiles/llama-ls-sycl-device.dir/depend
gmake[2]: Entering directory '/home/jianyuzh/ws/llama.cpp/auto_ci/28725/aicss-genai_sycl-graph-record-replay/build'
cd /home/jianyuzh/ws/llama.cpp/auto_ci/28725/aicss-genai_sycl-graph-record-replay/build && /usr/bin/cmake -E cmake_depends "Unix Makefiles" /home/jianyuzh/ws/llama.cpp/auto_ci/28725/aicss-genai_sycl-graph-record-replay /home/jianyuzh/ws/llama.cpp/auto_ci/28725/aicss-genai_sycl-graph-record-replay/examples/sycl /home/jianyuzh/ws/llama.cpp/auto_ci/28725/aicss-genai_sycl-graph-record-replay/build /home/jianyuzh/ws/llama.cpp/auto_ci/28725/aicss-genai_sycl-graph-record-replay/build/examples/sycl /home/jianyuzh/ws/llama.cpp/auto_ci/28725/aicss-genai_sycl-graph-record-replay/build/examples/sycl/CMakeFiles/llama-ls-sycl-device.dir/DependInfo.cmake "--color=" llama-ls-sycl-device
[ 77%] Linking CXX executable ../bin/test-gguf
[ 77%] Building CXX object examples/convert-llama2c-to-ggml/CMakeFiles/llama-convert-llama2c-to-ggml.dir/convert-llama2c-to-ggml.cpp.o
cd /home/jianyuzh/ws/llama.cpp/auto_ci/28725/aicss-genai_sycl-graph-record-replay/build/tests && /usr/bin/cmake -E cmake_link_script CMakeFiles/test-gguf.dir/link.txt --verbose=1
cd /home/jianyuzh/ws/llama.cpp/auto_ci/28725/aicss-genai_sycl-graph-record-replay/build/examples/convert-llama2c-to-ggml && /opt/intel/oneapi/compiler/2026.1/bin/icpx -DGGML_BACKEND_SHARED -DGGML_SHARED -DGGML_USE_CPU -DGGML_USE_SYCL -DLLAMA_SHARED -DLLAMA_SUBPROCESS -I/home/jianyuzh/ws/llama.cpp/auto_ci/28725/aicss-genai_sycl-graph-record-replay/common/. -I/home/jianyuzh/ws/llama.cpp/auto_ci/28725/aicss-genai_sycl-graph-record-replay/vendor/nlohmann/.. -I/home/jianyuzh/ws/llama.cpp/auto_ci/28725/aicss-genai_sycl-graph-record-replay/vendor/sheredom/.. -I/home/jianyuzh/ws/llama.cpp/auto_ci/28725/aicss-genai_sycl-graph-record-replay/src/../include -I/home/jianyuzh/ws/llama.cpp/auto_ci/28725/aicss-genai_sycl-graph-record-replay/ggml/src/../include -O3 -DNDEBUG -Xclang -fno-pch-timestamp -Wmissing-declarations -Wmissing-noreturn -Wall -Wextra -Wpedantic -Wcast-qual -Wno-unused-function -MD -MT examples/convert-llama2c-to-ggml/CMakeFiles/llama-convert-llama2c-to-ggml.dir/convert-llama2c-to-ggml.cpp.o -MF CMakeFiles/llama-convert-llama2c-to-ggml.dir/convert-llama2c-to-ggml.cpp.o.d -o CMakeFiles/llama-convert-llama2c-to-ggml.dir/convert-llama2c-to-ggml.cpp.o -c /home/jianyuzh/ws/llama.cpp/auto_ci/28725/aicss-genai_sycl-graph-record-replay/examples/convert-llama2c-to-ggml/convert-llama2c-to-ggml.cpp
gmake[2]: Leaving directory '/home/jianyuzh/ws/llama.cpp/auto_ci/28725/aicss-genai_sycl-graph-record-replay/build'
/usr/bin/gmake  -f examples/sycl/CMakeFiles/llama-ls-sycl-device.dir/build.make examples/sycl/CMakeFiles/llama-ls-sycl-device.dir/build
gmake[2]: Entering directory '/home/jianyuzh/ws/llama.cpp/auto_ci/28725/aicss-genai_sycl-graph-record-replay/build'
[ 77%] Building CXX object examples/sycl/CMakeFiles/llama-ls-sycl-device.dir/ls-sycl-device.cpp.o
cd /home/jianyuzh/ws/llama.cpp/auto_ci/28725/aicss-genai_sycl-graph-record-replay/build/examples/sycl && /opt/intel/oneapi/compiler/2026.1/bin/icpx -DGGML_BACKEND_SHARED -DGGML_SHARED -DGGML_USE_CPU -DGGML_USE_SYCL -DLLAMA_SHARED -DLLAMA_SUBPROCESS -I/home/jianyuzh/ws/llama.cpp/auto_ci/28725/aicss-genai_sycl-graph-record-replay/common/. -I/home/jianyuzh/ws/llama.cpp/auto_ci/28725/aicss-genai_sycl-graph-record-replay/vendor/nlohmann/.. -I/home/jianyuzh/ws/llama.cpp/auto_ci/28725/aicss-genai_sycl-graph-record-replay/vendor/sheredom/.. -I/home/jianyuzh/ws/llama.cpp/auto_ci/28725/aicss-genai_sycl-graph-record-replay/src/../include -I/home/jianyuzh/ws/llama.cpp/auto_ci/28725/aicss-genai_sycl-graph-record-replay/ggml/src/../include -O3 -DNDEBUG -Xclang -fno-pch-timestamp -Wmissing-declarations -Wmissing-noreturn -Wall -Wextra -Wpedantic -Wcast-qual -Wno-unused-function -MD -MT examples/sycl/CMakeFiles/llama-ls-sycl-device.dir/ls-sycl-device.cpp.o -MF CMakeFiles/llama-ls-sycl-device.dir/ls-sycl-device.cpp.o.d -o CMakeFiles/llama-ls-sycl-device.dir/ls-sycl-device.cpp.o -c /home/jianyuzh/ws/llama.cpp/auto_ci/28725/aicss-genai_sycl-graph-record-replay/examples/sycl/ls-sycl-device.cpp
[ 77%] Linking CXX executable ../../bin/llama-ls-sycl-device
cd /home/jianyuzh/ws/llama.cpp/auto_ci/28725/aicss-genai_sycl-graph-record-replay/build/examples/sycl && /usr/bin/cmake -E cmake_link_script CMakeFiles/llama-ls-sycl-device.dir/link.txt --verbose=1
[ 77%] Linking CXX executable ../../bin/llama-idle
cd /home/jianyuzh/ws/llama.cpp/auto_ci/28725/aicss-genai_sycl-graph-record-replay/build/examples/idle && /usr/bin/cmake -E cmake_link_script CMakeFiles/llama-idle.dir/link.txt --verbose=1
[ 77%] Linking CXX executable ../../bin/llama-lookup-create
cd /home/jianyuzh/ws/llama.cpp/auto_ci/28725/aicss-genai_sycl-graph-record-replay/build/examples/lookup && /usr/bin/cmake -E cmake_link_script CMakeFiles/llama-lookup-create.dir/link.txt --verbose=1
/opt/intel/oneapi/compiler/2026.1/bin/icpx -O3 -DNDEBUG -Wl,--dependency-file=CMakeFiles/llama-lookup-merge.dir/link.d "CMakeFiles/llama-lookup-merge.dir/lookup-merge.cpp.o" -o ../../bin/llama-lookup-merge  -Wl,-rpath,/home/jianyuzh/ws/llama.cpp/auto_ci/28725/aicss-genai_sycl-graph-record-replay/build/bin: ../../bin/libllama-common.so.0.4.1 ../../bin/libllama.so.0.4.1 ../../bin/libggml.so.0.24.0 ../../bin/libggml-cpu.so.0.24.0 ../../bin/libggml-sycl.so.0.24.0 ../../bin/libggml-base.so.0.24.0 ../../common/libllama-common-base.a
gmake[2]: Leaving directory '/home/jianyuzh/ws/llama.cpp/auto_ci/28725/aicss-genai_sycl-graph-record-replay/build'
[ 77%] Built target llama-lookup-merge
/usr/bin/gmake  -f pocs/vdot/CMakeFiles/llama-vdot.dir/build.make pocs/vdot/CMakeFiles/llama-vdot.dir/depend
gmake[2]: Entering directory '/home/jianyuzh/ws/llama.cpp/auto_ci/28725/aicss-genai_sycl-graph-record-replay/build'
cd /home/jianyuzh/ws/llama.cpp/auto_ci/28725/aicss-genai_sycl-graph-record-replay/build && /usr/bin/cmake -E cmake_depends "Unix Makefiles" /home/jianyuzh/ws/llama.cpp/auto_ci/28725/aicss-genai_sycl-graph-record-replay /home/jianyuzh/ws/llama.cpp/auto_ci/28725/aicss-genai_sycl-graph-record-replay/pocs/vdot /home/jianyuzh/ws/llama.cpp/auto_ci/28725/aicss-genai_sycl-graph-record-replay/build /home/jianyuzh/ws/llama.cpp/auto_ci/28725/aicss-genai_sycl-graph-record-replay/build/pocs/vdot /home/jianyuzh/ws/llama.cpp/auto_ci/28725/aicss-genai_sycl-graph-record-replay/build/pocs/vdot/CMakeFiles/llama-vdot.dir/DependInfo.cmake "--color=" llama-vdot
/opt/intel/oneapi/compiler/2026.1/bin/icpx -O3 -DNDEBUG -Wl,--dependency-file=CMakeFiles/llama-embedding.dir/link.d "CMakeFiles/llama-embedding.dir/embedding.cpp.o" -o ../../bin/llama-embedding  -Wl,-rpath,/home/jianyuzh/ws/llama.cpp/auto_ci/28725/aicss-genai_sycl-graph-record-replay/build/bin: ../../bin/libllama-common.so.0.4.1 ../../bin/libllama.so.0.4.1 ../../bin/libggml.so.0.24.0 ../../bin/libggml-cpu.so.0.24.0 ../../bin/libggml-sycl.so.0.24.0 ../../bin/libggml-base.so.0.24.0 ../../common/libllama-common-base.a
gmake[2]: Leaving directory '/home/jianyuzh/ws/llama.cpp/auto_ci/28725/aicss-genai_sycl-graph-record-replay/build'
gmake[2]: Leaving directory '/home/jianyuzh/ws/llama.cpp/auto_ci/28725/aicss-genai_sycl-graph-record-replay/build'
/usr/bin/gmake  -f pocs/vdot/CMakeFiles/llama-vdot.dir/build.make pocs/vdot/CMakeFiles/llama-vdot.dir/build
gmake[2]: Entering directory '/home/jianyuzh/ws/llama.cpp/auto_ci/28725/aicss-genai_sycl-graph-record-replay/build'
[ 77%] Built target llama-embedding
[ 78%] Building CXX object pocs/vdot/CMakeFiles/llama-vdot.dir/vdot.cpp.o
/usr/bin/gmake  -f pocs/vdot/CMakeFiles/llama-q8dot.dir/build.make pocs/vdot/CMakeFiles/llama-q8dot.dir/depend
cd /home/jianyuzh/ws/llama.cpp/auto_ci/28725/aicss-genai_sycl-graph-record-replay/build/pocs/vdot && /opt/intel/oneapi/compiler/2026.1/bin/icpx -DGGML_BACKEND_SHARED -DGGML_SHARED -DGGML_USE_CPU -DGGML_USE_SYCL -DLLAMA_SHARED -DLLAMA_SUBPROCESS -I/home/jianyuzh/ws/llama.cpp/auto_ci/28725/aicss-genai_sycl-graph-record-replay/pocs -I/home/jianyuzh/ws/llama.cpp/auto_ci/28725/aicss-genai_sycl-graph-record-replay/common/. -I/home/jianyuzh/ws/llama.cpp/auto_ci/28725/aicss-genai_sycl-graph-record-replay/vendor/nlohmann/.. -I/home/jianyuzh/ws/llama.cpp/auto_ci/28725/aicss-genai_sycl-graph-record-replay/vendor/sheredom/.. -I/home/jianyuzh/ws/llama.cpp/auto_ci/28725/aicss-genai_sycl-graph-record-replay/src/../include -I/home/jianyuzh/ws/llama.cpp/auto_ci/28725/aicss-genai_sycl-graph-record-replay/ggml/src/../include -O3 -DNDEBUG -Xclang -fno-pch-timestamp -MD -MT pocs/vdot/CMakeFiles/llama-vdot.dir/vdot.cpp.o -MF CMakeFiles/llama-vdot.dir/vdot.cpp.o.d -o CMakeFiles/llama-vdot.dir/vdot.cpp.o -c /home/jianyuzh/ws/llama.cpp/auto_ci/28725/aicss-genai_sycl-graph-record-replay/pocs/vdot/vdot.cpp
gmake[2]: Entering directory '/home/jianyuzh/ws/llama.cpp/auto_ci/28725/aicss-genai_sycl-graph-record-replay/build'
cd /home/jianyuzh/ws/llama.cpp/auto_ci/28725/aicss-genai_sycl-graph-record-replay/build && /usr/bin/cmake -E cmake_depends "Unix Makefiles" /home/jianyuzh/ws/llama.cpp/auto_ci/28725/aicss-genai_sycl-graph-record-replay /home/jianyuzh/ws/llama.cpp/auto_ci/28725/aicss-genai_sycl-graph-record-replay/pocs/vdot /home/jianyuzh/ws/llama.cpp/auto_ci/28725/aicss-genai_sycl-graph-record-replay/build /home/jianyuzh/ws/llama.cpp/auto_ci/28725/aicss-genai_sycl-graph-record-replay/build/pocs/vdot /home/jianyuzh/ws/llama.cpp/auto_ci/28725/aicss-genai_sycl-graph-record-replay/build/pocs/vdot/CMakeFiles/llama-q8dot.dir/DependInfo.cmake "--color=" llama-q8dot
gmake[2]: Leaving directory '/home/jianyuzh/ws/llama.cpp/auto_ci/28725/aicss-genai_sycl-graph-record-replay/build'
/usr/bin/gmake  -f pocs/vdot/CMakeFiles/llama-q8dot.dir/build.make pocs/vdot/CMakeFiles/llama-q8dot.dir/build
gmake[2]: Entering directory '/home/jianyuzh/ws/llama.cpp/auto_ci/28725/aicss-genai_sycl-graph-record-replay/build'
[ 78%] Building CXX object pocs/vdot/CMakeFiles/llama-q8dot.dir/q8dot.cpp.o
cd /home/jianyuzh/ws/llama.cpp/auto_ci/28725/aicss-genai_sycl-graph-record-replay/build/pocs/vdot && /opt/intel/oneapi/compiler/2026.1/bin/icpx -DGGML_BACKEND_SHARED -DGGML_SHARED -DGGML_USE_CPU -DGGML_USE_SYCL -DLLAMA_SHARED -DLLAMA_SUBPROCESS -I/home/jianyuzh/ws/llama.cpp/auto_ci/28725/aicss-genai_sycl-graph-record-replay/pocs -I/home/jianyuzh/ws/llama.cpp/auto_ci/28725/aicss-genai_sycl-graph-record-replay/common/. -I/home/jianyuzh/ws/llama.cpp/auto_ci/28725/aicss-genai_sycl-graph-record-replay/vendor/nlohmann/.. -I/home/jianyuzh/ws/llama.cpp/auto_ci/28725/aicss-genai_sycl-graph-record-replay/vendor/sheredom/.. -I/home/jianyuzh/ws/llama.cpp/auto_ci/28725/aicss-genai_sycl-graph-record-replay/src/../include -I/home/jianyuzh/ws/llama.cpp/auto_ci/28725/aicss-genai_sycl-graph-record-replay/ggml/src/../include -O3 -DNDEBUG -Xclang -fno-pch-timestamp -MD -MT pocs/vdot/CMakeFiles/llama-q8dot.dir/q8dot.cpp.o -MF CMakeFiles/llama-q8dot.dir/q8dot.cpp.o.d -o CMakeFiles/llama-q8dot.dir/q8dot.cpp.o -c /home/jianyuzh/ws/llama.cpp/auto_ci/28725/aicss-genai_sycl-graph-record-replay/pocs/vdot/q8dot.cpp
[ 78%] Linking CXX executable ../../bin/llama-lookup
cd /home/jianyuzh/ws/llama.cpp/auto_ci/28725/aicss-genai_sycl-graph-record-replay/build/examples/lookup && /usr/bin/cmake -E cmake_link_script CMakeFiles/llama-lookup.dir/link.txt --verbose=1
/opt/intel/oneapi/compiler/2026.1/bin/icpx -O3 -DNDEBUG -Wl,--dependency-file=CMakeFiles/test-export-graph-ops.dir/link.d "CMakeFiles/test-export-graph-ops.dir/test-export-graph-ops.cpp.o" -o ../bin/test-export-graph-ops  -Wl,-rpath,/home/jianyuzh/ws/llama.cpp/auto_ci/28725/aicss-genai_sycl-graph-record-replay/build/bin: ../bin/libllama-common.so.0.4.1 ../bin/libllama.so.0.4.1 ../bin/libggml.so.0.24.0 ../bin/libggml-cpu.so.0.24.0 ../bin/libggml-sycl.so.0.24.0 ../bin/libggml-base.so.0.24.0 ../common/libllama-common-base.a
gmake[2]: Leaving directory '/home/jianyuzh/ws/llama.cpp/auto_ci/28725/aicss-genai_sycl-graph-record-replay/build'
/opt/intel/oneapi/compiler/2026.1/bin/icpx -O3 -DNDEBUG -Wl,--dependency-file=CMakeFiles/llama-eval-callback.dir/link.d "CMakeFiles/llama-eval-callback.dir/eval-callback.cpp.o" -o ../../bin/llama-eval-callback  -Wl,-rpath,/home/jianyuzh/ws/llama.cpp/auto_ci/28725/aicss-genai_sycl-graph-record-replay/build/bin: ../../bin/libllama-common.so.0.4.1 ../../bin/libllama.so.0.4.1 ../../bin/libggml.so.0.24.0 ../../bin/libggml-cpu.so.0.24.0 ../../bin/libggml-sycl.so.0.24.0 ../../bin/libggml-base.so.0.24.0 ../../common/libllama-common-base.a
gmake[2]: Leaving directory '/home/jianyuzh/ws/llama.cpp/auto_ci/28725/aicss-genai_sycl-graph-record-replay/build'
[ 78%] Built target test-export-graph-ops
/usr/bin/gmake  -f tools/batched-bench/CMakeFiles/llama-batched-bench-impl.dir/build.make tools/batched-bench/CMakeFiles/llama-batched-bench-impl.dir/depend
gmake[2]: Entering directory '/home/jianyuzh/ws/llama.cpp/auto_ci/28725/aicss-genai_sycl-graph-record-replay/build'
cd /home/jianyuzh/ws/llama.cpp/auto_ci/28725/aicss-genai_sycl-graph-record-replay/build && /usr/bin/cmake -E cmake_depends "Unix Makefiles" /home/jianyuzh/ws/llama.cpp/auto_ci/28725/aicss-genai_sycl-graph-record-replay /home/jianyuzh/ws/llama.cpp/auto_ci/28725/aicss-genai_sycl-graph-record-replay/tools/batched-bench /home/jianyuzh/ws/llama.cpp/auto_ci/28725/aicss-genai_sycl-graph-record-replay/build /home/jianyuzh/ws/llama.cpp/auto_ci/28725/aicss-genai_sycl-graph-record-replay/build/tools/batched-bench /home/jianyuzh/ws/llama.cpp/auto_ci/28725/aicss-genai_sycl-graph-record-replay/build/tools/batched-bench/CMakeFiles/llama-batched-bench-impl.dir/DependInfo.cmake "--color=" llama-batched-bench-impl
[ 78%] Built target llama-eval-callback
/usr/bin/gmake  -f tools/gguf-split/CMakeFiles/llama-gguf-split.dir/build.make tools/gguf-split/CMakeFiles/llama-gguf-split.dir/depend
gmake[2]: Entering directory '/home/jianyuzh/ws/llama.cpp/auto_ci/28725/aicss-genai_sycl-graph-record-replay/build'
cd /home/jianyuzh/ws/llama.cpp/auto_ci/28725/aicss-genai_sycl-graph-record-replay/build && /usr/bin/cmake -E cmake_depends "Unix Makefiles" /home/jianyuzh/ws/llama.cpp/auto_ci/28725/aicss-genai_sycl-graph-record-replay /home/jianyuzh/ws/llama.cpp/auto_ci/28725/aicss-genai_sycl-graph-record-replay/tools/gguf-split /home/jianyuzh/ws/llama.cpp/auto_ci/28725/aicss-genai_sycl-graph-record-replay/build /home/jianyuzh/ws/llama.cpp/auto_ci/28725/aicss-genai_sycl-graph-record-replay/build/tools/gguf-split /home/jianyuzh/ws/llama.cpp/auto_ci/28725/aicss-genai_sycl-graph-record-replay/build/tools/gguf-split/CMakeFiles/llama-gguf-split.dir/DependInfo.cmake "--color=" llama-gguf-split
gmake[2]: Leaving directory '/home/jianyuzh/ws/llama.cpp/auto_ci/28725/aicss-genai_sycl-graph-record-replay/build'
/usr/bin/gmake  -f tools/batched-bench/CMakeFiles/llama-batched-bench-impl.dir/build.make tools/batched-bench/CMakeFiles/llama-batched-bench-impl.dir/build
gmake[2]: Entering directory '/home/jianyuzh/ws/llama.cpp/auto_ci/28725/aicss-genai_sycl-graph-record-replay/build'
gmake[2]: Leaving directory '/home/jianyuzh/ws/llama.cpp/auto_ci/28725/aicss-genai_sycl-graph-record-replay/build'
/usr/bin/gmake  -f tools/gguf-split/CMakeFiles/llama-gguf-split.dir/build.make tools/gguf-split/CMakeFiles/llama-gguf-split.dir/build
gmake[2]: Entering directory '/home/jianyuzh/ws/llama.cpp/auto_ci/28725/aicss-genai_sycl-graph-record-replay/build'
[ 79%] Building CXX object tools/batched-bench/CMakeFiles/llama-batched-bench-impl.dir/batched-bench.cpp.o
cd /home/jianyuzh/ws/llama.cpp/auto_ci/28725/aicss-genai_sycl-graph-record-replay/build/tools/batched-bench && /opt/intel/oneapi/compiler/2026.1/bin/icpx -DGGML_BACKEND_SHARED -DGGML_SHARED -DGGML_USE_CPU -DGGML_USE_SYCL -DLLAMA_SHARED -DLLAMA_SUBPROCESS -Dllama_batched_bench_impl_EXPORTS -I/home/jianyuzh/ws/llama.cpp/auto_ci/28725/aicss-genai_sycl-graph-record-replay/tools/batched-bench -I/home/jianyuzh/ws/llama.cpp/auto_ci/28725/aicss-genai_sycl-graph-record-replay/common/. -I/home/jianyuzh/ws/llama.cpp/auto_ci/28725/aicss-genai_sycl-graph-record-replay/vendor/nlohmann/.. -I/home/jianyuzh/ws/llama.cpp/auto_ci/28725/aicss-genai_sycl-graph-record-replay/vendor/sheredom/.. -I/home/jianyuzh/ws/llama.cpp/auto_ci/28725/aicss-genai_sycl-graph-record-replay/src/../include -I/home/jianyuzh/ws/llama.cpp/auto_ci/28725/aicss-genai_sycl-graph-record-replay/ggml/src/../include -O3 -DNDEBUG -fPIC -Xclang -fno-pch-timestamp -Wmissing-declarations -Wmissing-noreturn -Wall -Wextra -Wpedantic -Wcast-qual -Wno-unused-function -MD -MT tools/batched-bench/CMakeFiles/llama-batched-bench-impl.dir/batched-bench.cpp.o -MF CMakeFiles/llama-batched-bench-impl.dir/batched-bench.cpp.o.d -o CMakeFiles/llama-batched-bench-impl.dir/batched-bench.cpp.o -c /home/jianyuzh/ws/llama.cpp/auto_ci/28725/aicss-genai_sycl-graph-record-replay/tools/batched-bench/batched-bench.cpp
[ 79%] Building CXX object tools/gguf-split/CMakeFiles/llama-gguf-split.dir/gguf-split.cpp.o
cd /home/jianyuzh/ws/llama.cpp/auto_ci/28725/aicss-genai_sycl-graph-record-replay/build/tools/gguf-split && /opt/intel/oneapi/compiler/2026.1/bin/icpx -DGGML_BACKEND_SHARED -DGGML_SHARED -DGGML_USE_CPU -DGGML_USE_SYCL -DLLAMA_SHARED -DLLAMA_SUBPROCESS -I/home/jianyuzh/ws/llama.cpp/auto_ci/28725/aicss-genai_sycl-graph-record-replay/common/. -I/home/jianyuzh/ws/llama.cpp/auto_ci/28725/aicss-genai_sycl-graph-record-replay/vendor/nlohmann/.. -I/home/jianyuzh/ws/llama.cpp/auto_ci/28725/aicss-genai_sycl-graph-record-replay/vendor/sheredom/.. -I/home/jianyuzh/ws/llama.cpp/auto_ci/28725/aicss-genai_sycl-graph-record-replay/src/../include -I/home/jianyuzh/ws/llama.cpp/auto_ci/28725/aicss-genai_sycl-graph-record-replay/ggml/src/../include -O3 -DNDEBUG -Xclang -fno-pch-timestamp -Wmissing-declarations -Wmissing-noreturn -Wall -Wextra -Wpedantic -Wcast-qual -Wno-unused-function -MD -MT tools/gguf-split/CMakeFiles/llama-gguf-split.dir/gguf-split.cpp.o -MF CMakeFiles/llama-gguf-split.dir/gguf-split.cpp.o.d -o CMakeFiles/llama-gguf-split.dir/gguf-split.cpp.o -c /home/jianyuzh/ws/llama.cpp/auto_ci/28725/aicss-genai_sycl-graph-record-replay/tools/gguf-split/gguf-split.cpp
/opt/intel/oneapi/compiler/2026.1/bin/icpx -O3 -DNDEBUG -Wl,--dependency-file=CMakeFiles/test-recurrent-state-rollback.dir/link.d "CMakeFiles/test-recurrent-state-rollback.dir/test-recurrent-state-rollback.cpp.o" -o ../bin/test-recurrent-state-rollback  -Wl,-rpath,/home/jianyuzh/ws/llama.cpp/auto_ci/28725/aicss-genai_sycl-graph-record-replay/build/bin: ../bin/libllama-common.so.0.4.1 ../bin/libllama.so.0.4.1 ../bin/libggml.so.0.24.0 ../bin/libggml-cpu.so.0.24.0 ../bin/libggml-sycl.so.0.24.0 ../bin/libggml-base.so.0.24.0 ../common/libllama-common-base.a
gmake[2]: Leaving directory '/home/jianyuzh/ws/llama.cpp/auto_ci/28725/aicss-genai_sycl-graph-record-replay/build'
[ 79%] Built target test-recurrent-state-rollback
[ 80%] Building CXX object tools/server/CMakeFiles/server-context.dir/server-stream.cpp.o
cd /home/jianyuzh/ws/llama.cpp/auto_ci/28725/aicss-genai_sycl-graph-record-replay/build/tools/server && /opt/intel/oneapi/compiler/2026.1/bin/icpx -DGGML_BACKEND_SHARED -DGGML_SHARED -DGGML_USE_CPU -DGGML_USE_SYCL -DLLAMA_SHARED -DLLAMA_SUBPROCESS -I/home/jianyuzh/ws/llama.cpp/auto_ci/28725/aicss-genai_sycl-graph-record-replay/tools/server -I/home/jianyuzh/ws/llama.cpp/auto_ci/28725/aicss-genai_sycl-graph-record-replay/build/tools/server -I/home/jianyuzh/ws/llama.cpp/auto_ci/28725/aicss-genai_sycl-graph-record-replay/tools/server/../mtmd -I/home/jianyuzh/ws/llama.cpp/auto_ci/28725/aicss-genai_sycl-graph-record-replay -I/home/jianyuzh/ws/llama.cpp/auto_ci/28725/aicss-genai_sycl-graph-record-replay/common/. -I/home/jianyuzh/ws/llama.cpp/auto_ci/28725/aicss-genai_sycl-graph-record-replay/vendor/nlohmann/.. -I/home/jianyuzh/ws/llama.cpp/auto_ci/28725/aicss-genai_sycl-graph-record-replay/vendor/sheredom/.. -I/home/jianyuzh/ws/llama.cpp/auto_ci/28725/aicss-genai_sycl-graph-record-replay/src/../include -I/home/jianyuzh/ws/llama.cpp/auto_ci/28725/aicss-genai_sycl-graph-record-replay/ggml/src/../include -I/home/jianyuzh/ws/llama.cpp/auto_ci/28725/aicss-genai_sycl-graph-record-replay/tools/mtmd/. -O3 -DNDEBUG -fPIC -Xclang -fno-pch-timestamp -Wmissing-declarations -Wmissing-noreturn -Wall -Wextra -Wpedantic -Wcast-qual -Wno-unused-function -MD -MT tools/server/CMakeFiles/server-context.dir/server-stream.cpp.o -MF CMakeFiles/server-context.dir/server-stream.cpp.o.d -o CMakeFiles/server-context.dir/server-stream.cpp.o -c /home/jianyuzh/ws/llama.cpp/auto_ci/28725/aicss-genai_sycl-graph-record-replay/tools/server/server-stream.cpp
[ 80%] Linking CXX executable ../../bin/llama-lookup-stats
/opt/intel/oneapi/compiler/2026.1/bin/icpx -O3 -DNDEBUG -Wl,--dependency-file=CMakeFiles/test-gguf.dir/link.d "CMakeFiles/test-gguf.dir/test-gguf.cpp.o" -o ../bin/test-gguf  -Wl,-rpath,/home/jianyuzh/ws/llama.cpp/auto_ci/28725/aicss-genai_sycl-graph-record-replay/build/bin: ../bin/libllama-common.so.0.4.1 ../common/libllama-common-base.a ../bin/libllama.so.0.4.1 ../bin/libggml.so.0.24.0 ../bin/libggml-cpu.so.0.24.0 ../bin/libggml-sycl.so.0.24.0 ../bin/libggml-base.so.0.24.0
cd /home/jianyuzh/ws/llama.cpp/auto_ci/28725/aicss-genai_sycl-graph-record-replay/build/examples/lookup && /usr/bin/cmake -E cmake_link_script CMakeFiles/llama-lookup-stats.dir/link.txt --verbose=1
gmake[2]: Leaving directory '/home/jianyuzh/ws/llama.cpp/auto_ci/28725/aicss-genai_sycl-graph-record-replay/build'
[ 80%] Built target test-gguf
/usr/bin/gmake  -f tools/imatrix/CMakeFiles/llama-imatrix.dir/build.make tools/imatrix/CMakeFiles/llama-imatrix.dir/depend
gmake[2]: Entering directory '/home/jianyuzh/ws/llama.cpp/auto_ci/28725/aicss-genai_sycl-graph-record-replay/build'
cd /home/jianyuzh/ws/llama.cpp/auto_ci/28725/aicss-genai_sycl-graph-record-replay/build && /usr/bin/cmake -E cmake_depends "Unix Makefiles" /home/jianyuzh/ws/llama.cpp/auto_ci/28725/aicss-genai_sycl-graph-record-replay /home/jianyuzh/ws/llama.cpp/auto_ci/28725/aicss-genai_sycl-graph-record-replay/tools/imatrix /home/jianyuzh/ws/llama.cpp/auto_ci/28725/aicss-genai_sycl-graph-record-replay/build /home/jianyuzh/ws/llama.cpp/auto_ci/28725/aicss-genai_sycl-graph-record-replay/build/tools/imatrix /home/jianyuzh/ws/llama.cpp/auto_ci/28725/aicss-genai_sycl-graph-record-replay/build/tools/imatrix/CMakeFiles/llama-imatrix.dir/DependInfo.cmake "--color=" llama-imatrix
gmake[2]: Leaving directory '/home/jianyuzh/ws/llama.cpp/auto_ci/28725/aicss-genai_sycl-graph-record-replay/build'
/usr/bin/gmake  -f tools/imatrix/CMakeFiles/llama-imatrix.dir/build.make tools/imatrix/CMakeFiles/llama-imatrix.dir/build
gmake[2]: Entering directory '/home/jianyuzh/ws/llama.cpp/auto_ci/28725/aicss-genai_sycl-graph-record-replay/build'
[ 81%] Building CXX object tools/imatrix/CMakeFiles/llama-imatrix.dir/imatrix.cpp.o
cd /home/jianyuzh/ws/llama.cpp/auto_ci/28725/aicss-genai_sycl-graph-record-replay/build/tools/imatrix && /opt/intel/oneapi/compiler/2026.1/bin/icpx -DGGML_BACKEND_SHARED -DGGML_SHARED -DGGML_USE_CPU -DGGML_USE_SYCL -DLLAMA_SHARED -DLLAMA_SUBPROCESS -I/home/jianyuzh/ws/llama.cpp/auto_ci/28725/aicss-genai_sycl-graph-record-replay/common/. -I/home/jianyuzh/ws/llama.cpp/auto_ci/28725/aicss-genai_sycl-graph-record-replay/vendor/nlohmann/.. -I/home/jianyuzh/ws/llama.cpp/auto_ci/28725/aicss-genai_sycl-graph-record-replay/vendor/sheredom/.. -I/home/jianyuzh/ws/llama.cpp/auto_ci/28725/aicss-genai_sycl-graph-record-replay/src/../include -I/home/jianyuzh/ws/llama.cpp/auto_ci/28725/aicss-genai_sycl-graph-record-replay/ggml/src/../include -O3 -DNDEBUG -Xclang -fno-pch-timestamp -Wmissing-declarations -Wmissing-noreturn -Wall -Wextra -Wpedantic -Wcast-qual -Wno-unused-function -MD -MT tools/imatrix/CMakeFiles/llama-imatrix.dir/imatrix.cpp.o -MF CMakeFiles/llama-imatrix.dir/imatrix.cpp.o.d -o CMakeFiles/llama-imatrix.dir/imatrix.cpp.o -c /home/jianyuzh/ws/llama.cpp/auto_ci/28725/aicss-genai_sycl-graph-record-replay/tools/imatrix/imatrix.cpp
[ 81%] Linking CXX executable ../../bin/llama-lookahead
cd /home/jianyuzh/ws/llama.cpp/auto_ci/28725/aicss-genai_sycl-graph-record-replay/build/examples/lookahead && /usr/bin/cmake -E cmake_link_script CMakeFiles/llama-lookahead.dir/link.txt --verbose=1
[ 81%] Linking CXX executable ../bin/test-fusion
cd /home/jianyuzh/ws/llama.cpp/auto_ci/28725/aicss-genai_sycl-graph-record-replay/build/tests && /usr/bin/cmake -E cmake_link_script CMakeFiles/test-fusion.dir/link.txt --verbose=1
/opt/intel/oneapi/compiler/2026.1/bin/icpx -O3 -DNDEBUG -Wl,--dependency-file=CMakeFiles/llama-ls-sycl-device.dir/link.d "CMakeFiles/llama-ls-sycl-device.dir/ls-sycl-device.cpp.o" -o ../../bin/llama-ls-sycl-device  -Wl,-rpath,/home/jianyuzh/ws/llama.cpp/auto_ci/28725/aicss-genai_sycl-graph-record-replay/build/bin: ../../bin/libllama-common.so.0.4.1 ../../bin/libllama.so.0.4.1 ../../bin/libggml.so.0.24.0 ../../bin/libggml-cpu.so.0.24.0 ../../bin/libggml-sycl.so.0.24.0 ../../bin/libggml-base.so.0.24.0 ../../common/libllama-common-base.a
gmake[2]: Leaving directory '/home/jianyuzh/ws/llama.cpp/auto_ci/28725/aicss-genai_sycl-graph-record-replay/build'
[ 81%] Built target llama-ls-sycl-device
/usr/bin/gmake  -f tools/llama-bench/CMakeFiles/llama-bench-impl.dir/build.make tools/llama-bench/CMakeFiles/llama-bench-impl.dir/depend
gmake[2]: Entering directory '/home/jianyuzh/ws/llama.cpp/auto_ci/28725/aicss-genai_sycl-graph-record-replay/build'
cd /home/jianyuzh/ws/llama.cpp/auto_ci/28725/aicss-genai_sycl-graph-record-replay/build && /usr/bin/cmake -E cmake_depends "Unix Makefiles" /home/jianyuzh/ws/llama.cpp/auto_ci/28725/aicss-genai_sycl-graph-record-replay /home/jianyuzh/ws/llama.cpp/auto_ci/28725/aicss-genai_sycl-graph-record-replay/tools/llama-bench /home/jianyuzh/ws/llama.cpp/auto_ci/28725/aicss-genai_sycl-graph-record-replay/build /home/jianyuzh/ws/llama.cpp/auto_ci/28725/aicss-genai_sycl-graph-record-replay/build/tools/llama-bench /home/jianyuzh/ws/llama.cpp/auto_ci/28725/aicss-genai_sycl-graph-record-replay/build/tools/llama-bench/CMakeFiles/llama-bench-impl.dir/DependInfo.cmake "--color=" llama-bench-impl
gmake[2]: Leaving directory '/home/jianyuzh/ws/llama.cpp/auto_ci/28725/aicss-genai_sycl-graph-record-replay/build'
/usr/bin/gmake  -f tools/llama-bench/CMakeFiles/llama-bench-impl.dir/build.make tools/llama-bench/CMakeFiles/llama-bench-impl.dir/build
gmake[2]: Entering directory '/home/jianyuzh/ws/llama.cpp/auto_ci/28725/aicss-genai_sycl-graph-record-replay/build'
[ 81%] Linking CXX executable ../bin/test-arg-parser
cd /home/jianyuzh/ws/llama.cpp/auto_ci/28725/aicss-genai_sycl-graph-record-replay/build/tests && /usr/bin/cmake -E cmake_link_script CMakeFiles/test-arg-parser.dir/link.txt --verbose=1
[ 81%] Building CXX object tools/llama-bench/CMakeFiles/llama-bench-impl.dir/llama-bench.cpp.o
cd /home/jianyuzh/ws/llama.cpp/auto_ci/28725/aicss-genai_sycl-graph-record-replay/build/tools/llama-bench && /opt/intel/oneapi/compiler/2026.1/bin/icpx -DGGML_BACKEND_SHARED -DGGML_SHARED -DGGML_USE_CPU -DGGML_USE_SYCL -DLLAMA_SHARED -DLLAMA_SUBPROCESS -Dllama_bench_impl_EXPORTS -I/home/jianyuzh/ws/llama.cpp/auto_ci/28725/aicss-genai_sycl-graph-record-replay/tools/llama-bench -I/home/jianyuzh/ws/llama.cpp/auto_ci/28725/aicss-genai_sycl-graph-record-replay/common/. -I/home/jianyuzh/ws/llama.cpp/auto_ci/28725/aicss-genai_sycl-graph-record-replay/vendor/nlohmann/.. -I/home/jianyuzh/ws/llama.cpp/auto_ci/28725/aicss-genai_sycl-graph-record-replay/vendor/sheredom/.. -I/home/jianyuzh/ws/llama.cpp/auto_ci/28725/aicss-genai_sycl-graph-record-replay/src/../include -I/home/jianyuzh/ws/llama.cpp/auto_ci/28725/aicss-genai_sycl-graph-record-replay/ggml/src/../include -O3 -DNDEBUG -fPIC -Xclang -fno-pch-timestamp -Wmissing-declarations -Wmissing-noreturn -Wall -Wextra -Wpedantic -Wcast-qual -Wno-unused-function -MD -MT tools/llama-bench/CMakeFiles/llama-bench-impl.dir/llama-bench.cpp.o -MF CMakeFiles/llama-bench-impl.dir/llama-bench.cpp.o.d -o CMakeFiles/llama-bench-impl.dir/llama-bench.cpp.o -c /home/jianyuzh/ws/llama.cpp/auto_ci/28725/aicss-genai_sycl-graph-record-replay/tools/llama-bench/llama-bench.cpp
/opt/intel/oneapi/compiler/2026.1/bin/icpx -O3 -DNDEBUG -Wl,--dependency-file=CMakeFiles/llama-idle.dir/link.d "CMakeFiles/llama-idle.dir/idle.cpp.o" -o ../../bin/llama-idle  -Wl,-rpath,/home/jianyuzh/ws/llama.cpp/auto_ci/28725/aicss-genai_sycl-graph-record-replay/build/bin: ../../bin/libllama-common.so.0.4.1 ../../bin/libllama.so.0.4.1 ../../bin/libggml.so.0.24.0 ../../bin/libggml-cpu.so.0.24.0 ../../bin/libggml-sycl.so.0.24.0 ../../bin/libggml-base.so.0.24.0 ../../common/libllama-common-base.a
gmake[2]: Leaving directory '/home/jianyuzh/ws/llama.cpp/auto_ci/28725/aicss-genai_sycl-graph-record-replay/build'
[ 81%] Built target llama-idle
/usr/bin/gmake  -f tools/completion/CMakeFiles/llama-completion-impl.dir/build.make tools/completion/CMakeFiles/llama-completion-impl.dir/depend
gmake[2]: Entering directory '/home/jianyuzh/ws/llama.cpp/auto_ci/28725/aicss-genai_sycl-graph-record-replay/build'
cd /home/jianyuzh/ws/llama.cpp/auto_ci/28725/aicss-genai_sycl-graph-record-replay/build && /usr/bin/cmake -E cmake_depends "Unix Makefiles" /home/jianyuzh/ws/llama.cpp/auto_ci/28725/aicss-genai_sycl-graph-record-replay /home/jianyuzh/ws/llama.cpp/auto_ci/28725/aicss-genai_sycl-graph-record-replay/tools/completion /home/jianyuzh/ws/llama.cpp/auto_ci/28725/aicss-genai_sycl-graph-record-replay/build /home/jianyuzh/ws/llama.cpp/auto_ci/28725/aicss-genai_sycl-graph-record-replay/build/tools/completion /home/jianyuzh/ws/llama.cpp/auto_ci/28725/aicss-genai_sycl-graph-record-replay/build/tools/completion/CMakeFiles/llama-completion-impl.dir/DependInfo.cmake "--color=" llama-completion-impl
/opt/intel/oneapi/compiler/2026.1/bin/icpx -O3 -DNDEBUG -Wl,--dependency-file=CMakeFiles/llama-lookup-create.dir/link.d "CMakeFiles/llama-lookup-create.dir/lookup-create.cpp.o" -o ../../bin/llama-lookup-create  -Wl,-rpath,/home/jianyuzh/ws/llama.cpp/auto_ci/28725/aicss-genai_sycl-graph-record-replay/build/bin: ../../bin/libllama-common.so.0.4.1 ../../bin/libllama.so.0.4.1 ../../bin/libggml.so.0.24.0 ../../bin/libggml-cpu.so.0.24.0 ../../bin/libggml-sycl.so.0.24.0 ../../bin/libggml-base.so.0.24.0 ../../common/libllama-common-base.a
gmake[2]: Leaving directory '/home/jianyuzh/ws/llama.cpp/auto_ci/28725/aicss-genai_sycl-graph-record-replay/build'
gmake[2]: Leaving directory '/home/jianyuzh/ws/llama.cpp/auto_ci/28725/aicss-genai_sycl-graph-record-replay/build'
/usr/bin/gmake  -f tools/completion/CMakeFiles/llama-completion-impl.dir/build.make tools/completion/CMakeFiles/llama-completion-impl.dir/build
gmake[2]: Entering directory '/home/jianyuzh/ws/llama.cpp/auto_ci/28725/aicss-genai_sycl-graph-record-replay/build'
[ 81%] Built target llama-lookup-create
/usr/bin/gmake  -f tools/perplexity/CMakeFiles/llama-perplexity-impl.dir/build.make tools/perplexity/CMakeFiles/llama-perplexity-impl.dir/depend
gmake[2]: Entering directory '/home/jianyuzh/ws/llama.cpp/auto_ci/28725/aicss-genai_sycl-graph-record-replay/build'
cd /home/jianyuzh/ws/llama.cpp/auto_ci/28725/aicss-genai_sycl-graph-record-replay/build && /usr/bin/cmake -E cmake_depends "Unix Makefiles" /home/jianyuzh/ws/llama.cpp/auto_ci/28725/aicss-genai_sycl-graph-record-replay /home/jianyuzh/ws/llama.cpp/auto_ci/28725/aicss-genai_sycl-graph-record-replay/tools/perplexity /home/jianyuzh/ws/llama.cpp/auto_ci/28725/aicss-genai_sycl-graph-record-replay/build /home/jianyuzh/ws/llama.cpp/auto_ci/28725/aicss-genai_sycl-graph-record-replay/build/tools/perplexity /home/jianyuzh/ws/llama.cpp/auto_ci/28725/aicss-genai_sycl-graph-record-replay/build/tools/perplexity/CMakeFiles/llama-perplexity-impl.dir/DependInfo.cmake "--color=" llama-perplexity-impl
[ 82%] Building CXX object tools/completion/CMakeFiles/llama-completion-impl.dir/completion.cpp.o
cd /home/jianyuzh/ws/llama.cpp/auto_ci/28725/aicss-genai_sycl-graph-record-replay/build/tools/completion && /opt/intel/oneapi/compiler/2026.1/bin/icpx -DGGML_BACKEND_SHARED -DGGML_SHARED -DGGML_USE_CPU -DGGML_USE_SYCL -DLLAMA_SHARED -DLLAMA_SUBPROCESS -Dllama_completion_impl_EXPORTS -I/home/jianyuzh/ws/llama.cpp/auto_ci/28725/aicss-genai_sycl-graph-record-replay/tools/completion -I/home/jianyuzh/ws/llama.cpp/auto_ci/28725/aicss-genai_sycl-graph-record-replay/common/. -I/home/jianyuzh/ws/llama.cpp/auto_ci/28725/aicss-genai_sycl-graph-record-replay/vendor/nlohmann/.. -I/home/jianyuzh/ws/llama.cpp/auto_ci/28725/aicss-genai_sycl-graph-record-replay/vendor/sheredom/.. -I/home/jianyuzh/ws/llama.cpp/auto_ci/28725/aicss-genai_sycl-graph-record-replay/src/../include -I/home/jianyuzh/ws/llama.cpp/auto_ci/28725/aicss-genai_sycl-graph-record-replay/ggml/src/../include -O3 -DNDEBUG -fPIC -Xclang -fno-pch-timestamp -Wmissing-declarations -Wmissing-noreturn -Wall -Wextra -Wpedantic -Wcast-qual -Wno-unused-function -MD -MT tools/completion/CMakeFiles/llama-completion-impl.dir/completion.cpp.o -MF CMakeFiles/llama-completion-impl.dir/completion.cpp.o.d -o CMakeFiles/llama-completion-impl.dir/completion.cpp.o -c /home/jianyuzh/ws/llama.cpp/auto_ci/28725/aicss-genai_sycl-graph-record-replay/tools/completion/completion.cpp
gmake[2]: Leaving directory '/home/jianyuzh/ws/llama.cpp/auto_ci/28725/aicss-genai_sycl-graph-record-replay/build'
/usr/bin/gmake  -f tools/perplexity/CMakeFiles/llama-perplexity-impl.dir/build.make tools/perplexity/CMakeFiles/llama-perplexity-impl.dir/build
gmake[2]: Entering directory '/home/jianyuzh/ws/llama.cpp/auto_ci/28725/aicss-genai_sycl-graph-record-replay/build'
[ 82%] Building CXX object tools/perplexity/CMakeFiles/llama-perplexity-impl.dir/perplexity.cpp.o
cd /home/jianyuzh/ws/llama.cpp/auto_ci/28725/aicss-genai_sycl-graph-record-replay/build/tools/perplexity && /opt/intel/oneapi/compiler/2026.1/bin/icpx -DGGML_BACKEND_SHARED -DGGML_SHARED -DGGML_USE_CPU -DGGML_USE_SYCL -DLLAMA_SHARED -DLLAMA_SUBPROCESS -Dllama_perplexity_impl_EXPORTS -I/home/jianyuzh/ws/llama.cpp/auto_ci/28725/aicss-genai_sycl-graph-record-replay/tools/perplexity -I/home/jianyuzh/ws/llama.cpp/auto_ci/28725/aicss-genai_sycl-graph-record-replay/common/. -I/home/jianyuzh/ws/llama.cpp/auto_ci/28725/aicss-genai_sycl-graph-record-replay/vendor/nlohmann/.. -I/home/jianyuzh/ws/llama.cpp/auto_ci/28725/aicss-genai_sycl-graph-record-replay/vendor/sheredom/.. -I/home/jianyuzh/ws/llama.cpp/auto_ci/28725/aicss-genai_sycl-graph-record-replay/src/../include -I/home/jianyuzh/ws/llama.cpp/auto_ci/28725/aicss-genai_sycl-graph-record-replay/ggml/src/../include -O3 -DNDEBUG -fPIC -Xclang -fno-pch-timestamp -Wmissing-declarations -Wmissing-noreturn -Wall -Wextra -Wpedantic -Wcast-qual -Wno-unused-function -MD -MT tools/perplexity/CMakeFiles/llama-perplexity-impl.dir/perplexity.cpp.o -MF CMakeFiles/llama-perplexity-impl.dir/perplexity.cpp.o.d -o CMakeFiles/llama-perplexity-impl.dir/perplexity.cpp.o -c /home/jianyuzh/ws/llama.cpp/auto_ci/28725/aicss-genai_sycl-graph-record-replay/tools/perplexity/perplexity.cpp
/opt/intel/oneapi/compiler/2026.1/bin/icpx -O3 -DNDEBUG -Wl,--dependency-file=CMakeFiles/llama-lookup.dir/link.d "CMakeFiles/llama-lookup.dir/lookup.cpp.o" -o ../../bin/llama-lookup  -Wl,-rpath,/home/jianyuzh/ws/llama.cpp/auto_ci/28725/aicss-genai_sycl-graph-record-replay/build/bin: ../../bin/libllama-common.so.0.4.1 ../../bin/libllama.so.0.4.1 ../../bin/libggml.so.0.24.0 ../../bin/libggml-cpu.so.0.24.0 ../../bin/libggml-sycl.so.0.24.0 ../../bin/libggml-base.so.0.24.0 ../../common/libllama-common-base.a
gmake[2]: Leaving directory '/home/jianyuzh/ws/llama.cpp/auto_ci/28725/aicss-genai_sycl-graph-record-replay/build'
[ 82%] Built target llama-lookup
/usr/bin/gmake  -f tools/quantize/CMakeFiles/llama-quantize-impl.dir/build.make tools/quantize/CMakeFiles/llama-quantize-impl.dir/depend
gmake[2]: Entering directory '/home/jianyuzh/ws/llama.cpp/auto_ci/28725/aicss-genai_sycl-graph-record-replay/build'
cd /home/jianyuzh/ws/llama.cpp/auto_ci/28725/aicss-genai_sycl-graph-record-replay/build && /usr/bin/cmake -E cmake_depends "Unix Makefiles" /home/jianyuzh/ws/llama.cpp/auto_ci/28725/aicss-genai_sycl-graph-record-replay /home/jianyuzh/ws/llama.cpp/auto_ci/28725/aicss-genai_sycl-graph-record-replay/tools/quantize /home/jianyuzh/ws/llama.cpp/auto_ci/28725/aicss-genai_sycl-graph-record-replay/build /home/jianyuzh/ws/llama.cpp/auto_ci/28725/aicss-genai_sycl-graph-record-replay/build/tools/quantize /home/jianyuzh/ws/llama.cpp/auto_ci/28725/aicss-genai_sycl-graph-record-replay/build/tools/quantize/CMakeFiles/llama-quantize-impl.dir/DependInfo.cmake "--color=" llama-quantize-impl
gmake[2]: Leaving directory '/home/jianyuzh/ws/llama.cpp/auto_ci/28725/aicss-genai_sycl-graph-record-replay/build'
/usr/bin/gmake  -f tools/quantize/CMakeFiles/llama-quantize-impl.dir/build.make tools/quantize/CMakeFiles/llama-quantize-impl.dir/build
gmake[2]: Entering directory '/home/jianyuzh/ws/llama.cpp/auto_ci/28725/aicss-genai_sycl-graph-record-replay/build'
[ 82%] Linking CXX executable ../../bin/llama-passkey
cd /home/jianyuzh/ws/llama.cpp/auto_ci/28725/aicss-genai_sycl-graph-record-replay/build/examples/passkey && /usr/bin/cmake -E cmake_link_script CMakeFiles/llama-passkey.dir/link.txt --verbose=1
[ 82%] Building CXX object tools/quantize/CMakeFiles/llama-quantize-impl.dir/quantize.cpp.o
cd /home/jianyuzh/ws/llama.cpp/auto_ci/28725/aicss-genai_sycl-graph-record-replay/build/tools/quantize && /opt/intel/oneapi/compiler/2026.1/bin/icpx -DGGML_BACKEND_SHARED -DGGML_SHARED -DGGML_USE_CPU -DGGML_USE_SYCL -DLLAMA_SHARED -DLLAMA_SUBPROCESS -Dllama_quantize_impl_EXPORTS -I/home/jianyuzh/ws/llama.cpp/auto_ci/28725/aicss-genai_sycl-graph-record-replay/tools/quantize -I/home/jianyuzh/ws/llama.cpp/auto_ci/28725/aicss-genai_sycl-graph-record-replay/common/. -I/home/jianyuzh/ws/llama.cpp/auto_ci/28725/aicss-genai_sycl-graph-record-replay/vendor/nlohmann/.. -I/home/jianyuzh/ws/llama.cpp/auto_ci/28725/aicss-genai_sycl-graph-record-replay/vendor/sheredom/.. -I/home/jianyuzh/ws/llama.cpp/auto_ci/28725/aicss-genai_sycl-graph-record-replay/src/../include -I/home/jianyuzh/ws/llama.cpp/auto_ci/28725/aicss-genai_sycl-graph-record-replay/ggml/src/../include -O3 -DNDEBUG -fPIC -Xclang -fno-pch-timestamp -Wmissing-declarations -Wmissing-noreturn -Wall -Wextra -Wpedantic -Wcast-qual -Wno-unused-function -MD -MT tools/quantize/CMakeFiles/llama-quantize-impl.dir/quantize.cpp.o -MF CMakeFiles/llama-quantize-impl.dir/quantize.cpp.o.d -o CMakeFiles/llama-quantize-impl.dir/quantize.cpp.o -c /home/jianyuzh/ws/llama.cpp/auto_ci/28725/aicss-genai_sycl-graph-record-replay/tools/quantize/quantize.cpp
/opt/intel/oneapi/compiler/2026.1/bin/icpx -O3 -DNDEBUG -Wl,--dependency-file=CMakeFiles/llama-lookup-stats.dir/link.d "CMakeFiles/llama-lookup-stats.dir/lookup-stats.cpp.o" -o ../../bin/llama-lookup-stats  -Wl,-rpath,/home/jianyuzh/ws/llama.cpp/auto_ci/28725/aicss-genai_sycl-graph-record-replay/build/bin: ../../bin/libllama-common.so.0.4.1 ../../bin/libllama.so.0.4.1 ../../bin/libggml.so.0.24.0 ../../bin/libggml-cpu.so.0.24.0 ../../bin/libggml-sycl.so.0.24.0 ../../bin/libggml-base.so.0.24.0 ../../common/libllama-common-base.a
gmake[2]: Leaving directory '/home/jianyuzh/ws/llama.cpp/auto_ci/28725/aicss-genai_sycl-graph-record-replay/build'
[ 82%] Built target llama-lookup-stats
/usr/bin/gmake  -f tools/tokenize/CMakeFiles/llama-tokenize.dir/build.make tools/tokenize/CMakeFiles/llama-tokenize.dir/depend
gmake[2]: Entering directory '/home/jianyuzh/ws/llama.cpp/auto_ci/28725/aicss-genai_sycl-graph-record-replay/build'
cd /home/jianyuzh/ws/llama.cpp/auto_ci/28725/aicss-genai_sycl-graph-record-replay/build && /usr/bin/cmake -E cmake_depends "Unix Makefiles" /home/jianyuzh/ws/llama.cpp/auto_ci/28725/aicss-genai_sycl-graph-record-replay /home/jianyuzh/ws/llama.cpp/auto_ci/28725/aicss-genai_sycl-graph-record-replay/tools/tokenize /home/jianyuzh/ws/llama.cpp/auto_ci/28725/aicss-genai_sycl-graph-record-replay/build /home/jianyuzh/ws/llama.cpp/auto_ci/28725/aicss-genai_sycl-graph-record-replay/build/tools/tokenize /home/jianyuzh/ws/llama.cpp/auto_ci/28725/aicss-genai_sycl-graph-record-replay/build/tools/tokenize/CMakeFiles/llama-tokenize.dir/DependInfo.cmake "--color=" llama-tokenize
gmake[2]: Leaving directory '/home/jianyuzh/ws/llama.cpp/auto_ci/28725/aicss-genai_sycl-graph-record-replay/build'
/usr/bin/gmake  -f tools/tokenize/CMakeFiles/llama-tokenize.dir/build.make tools/tokenize/CMakeFiles/llama-tokenize.dir/build
gmake[2]: Entering directory '/home/jianyuzh/ws/llama.cpp/auto_ci/28725/aicss-genai_sycl-graph-record-replay/build'
[ 82%] Building CXX object tools/tokenize/CMakeFiles/llama-tokenize.dir/tokenize.cpp.o
cd /home/jianyuzh/ws/llama.cpp/auto_ci/28725/aicss-genai_sycl-graph-record-replay/build/tools/tokenize && /opt/intel/oneapi/compiler/2026.1/bin/icpx -DGGML_BACKEND_SHARED -DGGML_SHARED -DGGML_USE_CPU -DGGML_USE_SYCL -DLLAMA_SHARED -DLLAMA_SUBPROCESS -I/home/jianyuzh/ws/llama.cpp/auto_ci/28725/aicss-genai_sycl-graph-record-replay/common/. -I/home/jianyuzh/ws/llama.cpp/auto_ci/28725/aicss-genai_sycl-graph-record-replay/vendor/nlohmann/.. -I/home/jianyuzh/ws/llama.cpp/auto_ci/28725/aicss-genai_sycl-graph-record-replay/vendor/sheredom/.. -I/home/jianyuzh/ws/llama.cpp/auto_ci/28725/aicss-genai_sycl-graph-record-replay/src/../include -I/home/jianyuzh/ws/llama.cpp/auto_ci/28725/aicss-genai_sycl-graph-record-replay/ggml/src/../include -O3 -DNDEBUG -Xclang -fno-pch-timestamp -Wmissing-declarations -Wmissing-noreturn -Wall -Wextra -Wpedantic -Wcast-qual -Wno-unused-function -MD -MT tools/tokenize/CMakeFiles/llama-tokenize.dir/tokenize.cpp.o -MF CMakeFiles/llama-tokenize.dir/tokenize.cpp.o.d -o CMakeFiles/llama-tokenize.dir/tokenize.cpp.o -c /home/jianyuzh/ws/llama.cpp/auto_ci/28725/aicss-genai_sycl-graph-record-replay/tools/tokenize/tokenize.cpp
/opt/intel/oneapi/compiler/2026.1/bin/icpx -O3 -DNDEBUG -Wl,--dependency-file=CMakeFiles/llama-lookahead.dir/link.d "CMakeFiles/llama-lookahead.dir/lookahead.cpp.o" -o ../../bin/llama-lookahead  -Wl,-rpath,/home/jianyuzh/ws/llama.cpp/auto_ci/28725/aicss-genai_sycl-graph-record-replay/build/bin: ../../bin/libllama-common.so.0.4.1 ../../bin/libllama.so.0.4.1 ../../bin/libggml.so.0.24.0 ../../bin/libggml-cpu.so.0.24.0 ../../bin/libggml-sycl.so.0.24.0 ../../bin/libggml-base.so.0.24.0 ../../common/libllama-common-base.a
gmake[2]: Leaving directory '/home/jianyuzh/ws/llama.cpp/auto_ci/28725/aicss-genai_sycl-graph-record-replay/build'
[ 82%] Built target llama-lookahead
/usr/bin/gmake  -f tools/tts/CMakeFiles/llama-tts.dir/build.make tools/tts/CMakeFiles/llama-tts.dir/depend
gmake[2]: Entering directory '/home/jianyuzh/ws/llama.cpp/auto_ci/28725/aicss-genai_sycl-graph-record-replay/build'
cd /home/jianyuzh/ws/llama.cpp/auto_ci/28725/aicss-genai_sycl-graph-record-replay/build && /usr/bin/cmake -E cmake_depends "Unix Makefiles" /home/jianyuzh/ws/llama.cpp/auto_ci/28725/aicss-genai_sycl-graph-record-replay /home/jianyuzh/ws/llama.cpp/auto_ci/28725/aicss-genai_sycl-graph-record-replay/tools/tts /home/jianyuzh/ws/llama.cpp/auto_ci/28725/aicss-genai_sycl-graph-record-replay/build /home/jianyuzh/ws/llama.cpp/auto_ci/28725/aicss-genai_sycl-graph-record-replay/build/tools/tts /home/jianyuzh/ws/llama.cpp/auto_ci/28725/aicss-genai_sycl-graph-record-replay/build/tools/tts/CMakeFiles/llama-tts.dir/DependInfo.cmake "--color=" llama-tts
gmake[2]: Leaving directory '/home/jianyuzh/ws/llama.cpp/auto_ci/28725/aicss-genai_sycl-graph-record-replay/build'
/usr/bin/gmake  -f tools/tts/CMakeFiles/llama-tts.dir/build.make tools/tts/CMakeFiles/llama-tts.dir/build
gmake[2]: Entering directory '/home/jianyuzh/ws/llama.cpp/auto_ci/28725/aicss-genai_sycl-graph-record-replay/build'
/opt/intel/oneapi/compiler/2026.1/bin/icpx -O3 -DNDEBUG -Wl,--dependency-file=CMakeFiles/test-fusion.dir/link.d "CMakeFiles/test-fusion.dir/test-fusion.cpp.o" -o ../bin/test-fusion  -Wl,-rpath,/home/jianyuzh/ws/llama.cpp/auto_ci/28725/aicss-genai_sycl-graph-record-replay/build/bin: ../bin/libllama-common.so.0.4.1 ../bin/libllama.so.0.4.1 ../bin/libggml.so.0.24.0 ../bin/libggml-cpu.so.0.24.0 ../bin/libggml-sycl.so.0.24.0 ../bin/libggml-base.so.0.24.0 ../common/libllama-common-base.a
gmake[2]: Leaving directory '/home/jianyuzh/ws/llama.cpp/auto_ci/28725/aicss-genai_sycl-graph-record-replay/build'
[ 83%] Building CXX object tools/tts/CMakeFiles/llama-tts.dir/tts.cpp.o
cd /home/jianyuzh/ws/llama.cpp/auto_ci/28725/aicss-genai_sycl-graph-record-replay/build/tools/tts && /opt/intel/oneapi/compiler/2026.1/bin/icpx -DGGML_BACKEND_SHARED -DGGML_SHARED -DGGML_USE_CPU -DGGML_USE_SYCL -DLLAMA_SHARED -DLLAMA_SUBPROCESS -I/home/jianyuzh/ws/llama.cpp/auto_ci/28725/aicss-genai_sycl-graph-record-replay/src/../include -I/home/jianyuzh/ws/llama.cpp/auto_ci/28725/aicss-genai_sycl-graph-record-replay/ggml/src/../include -I/home/jianyuzh/ws/llama.cpp/auto_ci/28725/aicss-genai_sycl-graph-record-replay/common/. -I/home/jianyuzh/ws/llama.cpp/auto_ci/28725/aicss-genai_sycl-graph-record-replay/vendor/nlohmann/.. -I/home/jianyuzh/ws/llama.cpp/auto_ci/28725/aicss-genai_sycl-graph-record-replay/vendor/sheredom/.. -I/home/jianyuzh/ws/llama.cpp/auto_ci/28725/aicss-genai_sycl-graph-record-replay/tools/mtmd/. -O3 -DNDEBUG -Xclang -fno-pch-timestamp -Wmissing-declarations -Wmissing-noreturn -Wall -Wextra -Wpedantic -Wcast-qual -Wno-unused-function -MD -MT tools/tts/CMakeFiles/llama-tts.dir/tts.cpp.o -MF CMakeFiles/llama-tts.dir/tts.cpp.o.d -o CMakeFiles/llama-tts.dir/tts.cpp.o -c /home/jianyuzh/ws/llama.cpp/auto_ci/28725/aicss-genai_sycl-graph-record-replay/tools/tts/tts.cpp
[ 83%] Built target test-fusion
/usr/bin/gmake  -f tools/mtmd/CMakeFiles/llama-mtmd-cli.dir/build.make tools/mtmd/CMakeFiles/llama-mtmd-cli.dir/depend
gmake[2]: Entering directory '/home/jianyuzh/ws/llama.cpp/auto_ci/28725/aicss-genai_sycl-graph-record-replay/build'
cd /home/jianyuzh/ws/llama.cpp/auto_ci/28725/aicss-genai_sycl-graph-record-replay/build && /usr/bin/cmake -E cmake_depends "Unix Makefiles" /home/jianyuzh/ws/llama.cpp/auto_ci/28725/aicss-genai_sycl-graph-record-replay /home/jianyuzh/ws/llama.cpp/auto_ci/28725/aicss-genai_sycl-graph-record-replay/tools/mtmd /home/jianyuzh/ws/llama.cpp/auto_ci/28725/aicss-genai_sycl-graph-record-replay/build /home/jianyuzh/ws/llama.cpp/auto_ci/28725/aicss-genai_sycl-graph-record-replay/build/tools/mtmd /home/jianyuzh/ws/llama.cpp/auto_ci/28725/aicss-genai_sycl-graph-record-replay/build/tools/mtmd/CMakeFiles/llama-mtmd-cli.dir/DependInfo.cmake "--color=" llama-mtmd-cli
gmake[2]: Leaving directory '/home/jianyuzh/ws/llama.cpp/auto_ci/28725/aicss-genai_sycl-graph-record-replay/build'
/usr/bin/gmake  -f tools/mtmd/CMakeFiles/llama-mtmd-cli.dir/build.make tools/mtmd/CMakeFiles/llama-mtmd-cli.dir/build
gmake[2]: Entering directory '/home/jianyuzh/ws/llama.cpp/auto_ci/28725/aicss-genai_sycl-graph-record-replay/build'
[ 83%] Linking CXX executable ../../bin/llama-vdot
cd /home/jianyuzh/ws/llama.cpp/auto_ci/28725/aicss-genai_sycl-graph-record-replay/build/pocs/vdot && /usr/bin/cmake -E cmake_link_script CMakeFiles/llama-vdot.dir/link.txt --verbose=1
[ 83%] Building CXX object tools/mtmd/CMakeFiles/llama-mtmd-cli.dir/mtmd-cli.cpp.o
cd /home/jianyuzh/ws/llama.cpp/auto_ci/28725/aicss-genai_sycl-graph-record-replay/build/tools/mtmd && /opt/intel/oneapi/compiler/2026.1/bin/icpx -DGGML_BACKEND_SHARED -DGGML_SHARED -DGGML_USE_CPU -DGGML_USE_SYCL -DLLAMA_SHARED -DLLAMA_SUBPROCESS -I/home/jianyuzh/ws/llama.cpp/auto_ci/28725/aicss-genai_sycl-graph-record-replay/common/. -I/home/jianyuzh/ws/llama.cpp/auto_ci/28725/aicss-genai_sycl-graph-record-replay/vendor/nlohmann/.. -I/home/jianyuzh/ws/llama.cpp/auto_ci/28725/aicss-genai_sycl-graph-record-replay/vendor/sheredom/.. -I/home/jianyuzh/ws/llama.cpp/auto_ci/28725/aicss-genai_sycl-graph-record-replay/src/../include -I/home/jianyuzh/ws/llama.cpp/auto_ci/28725/aicss-genai_sycl-graph-record-replay/ggml/src/../include -I/home/jianyuzh/ws/llama.cpp/auto_ci/28725/aicss-genai_sycl-graph-record-replay/tools/mtmd/. -O3 -DNDEBUG -Xclang -fno-pch-timestamp -Wmissing-declarations -Wmissing-noreturn -Wall -Wextra -Wpedantic -Wcast-qual -Wno-unused-function -MD -MT tools/mtmd/CMakeFiles/llama-mtmd-cli.dir/mtmd-cli.cpp.o -MF CMakeFiles/llama-mtmd-cli.dir/mtmd-cli.cpp.o.d -o CMakeFiles/llama-mtmd-cli.dir/mtmd-cli.cpp.o -c /home/jianyuzh/ws/llama.cpp/auto_ci/28725/aicss-genai_sycl-graph-record-replay/tools/mtmd/mtmd-cli.cpp
/opt/intel/oneapi/compiler/2026.1/bin/icpx -O3 -DNDEBUG -Wl,--dependency-file=CMakeFiles/test-arg-parser.dir/link.d "CMakeFiles/test-arg-parser.dir/test-arg-parser.cpp.o" -o ../bin/test-arg-parser  -Wl,-rpath,/home/jianyuzh/ws/llama.cpp/auto_ci/28725/aicss-genai_sycl-graph-record-replay/build/bin: ../bin/libllama-common.so.0.4.1 ../common/libllama-common-base.a ../bin/libllama.so.0.4.1 ../bin/libggml.so.0.24.0 ../bin/libggml-cpu.so.0.24.0 ../bin/libggml-sycl.so.0.24.0 ../bin/libggml-base.so.0.24.0
gmake[2]: Leaving directory '/home/jianyuzh/ws/llama.cpp/auto_ci/28725/aicss-genai_sycl-graph-record-replay/build'
[ 83%] Built target test-arg-parser
/usr/bin/gmake  -f tools/mtmd/CMakeFiles/llama-mtmd-debug.dir/build.make tools/mtmd/CMakeFiles/llama-mtmd-debug.dir/depend
gmake[2]: Entering directory '/home/jianyuzh/ws/llama.cpp/auto_ci/28725/aicss-genai_sycl-graph-record-replay/build'
cd /home/jianyuzh/ws/llama.cpp/auto_ci/28725/aicss-genai_sycl-graph-record-replay/build && /usr/bin/cmake -E cmake_depends "Unix Makefiles" /home/jianyuzh/ws/llama.cpp/auto_ci/28725/aicss-genai_sycl-graph-record-replay /home/jianyuzh/ws/llama.cpp/auto_ci/28725/aicss-genai_sycl-graph-record-replay/tools/mtmd /home/jianyuzh/ws/llama.cpp/auto_ci/28725/aicss-genai_sycl-graph-record-replay/build /home/jianyuzh/ws/llama.cpp/auto_ci/28725/aicss-genai_sycl-graph-record-replay/build/tools/mtmd /home/jianyuzh/ws/llama.cpp/auto_ci/28725/aicss-genai_sycl-graph-record-replay/build/tools/mtmd/CMakeFiles/llama-mtmd-debug.dir/DependInfo.cmake "--color=" llama-mtmd-debug
[ 83%] Linking CXX executable ../../bin/llama-q8dot
cd /home/jianyuzh/ws/llama.cpp/auto_ci/28725/aicss-genai_sycl-graph-record-replay/build/pocs/vdot && /usr/bin/cmake -E cmake_link_script CMakeFiles/llama-q8dot.dir/link.txt --verbose=1
gmake[2]: Leaving directory '/home/jianyuzh/ws/llama.cpp/auto_ci/28725/aicss-genai_sycl-graph-record-replay/build'
/usr/bin/gmake  -f tools/mtmd/CMakeFiles/llama-mtmd-debug.dir/build.make tools/mtmd/CMakeFiles/llama-mtmd-debug.dir/build
gmake[2]: Entering directory '/home/jianyuzh/ws/llama.cpp/auto_ci/28725/aicss-genai_sycl-graph-record-replay/build'
[ 83%] Building CXX object tools/mtmd/CMakeFiles/llama-mtmd-debug.dir/debug/mtmd-debug.cpp.o
cd /home/jianyuzh/ws/llama.cpp/auto_ci/28725/aicss-genai_sycl-graph-record-replay/build/tools/mtmd && /opt/intel/oneapi/compiler/2026.1/bin/icpx -DGGML_BACKEND_SHARED -DGGML_SHARED -DGGML_USE_CPU -DGGML_USE_SYCL -DLLAMA_SHARED -DLLAMA_SUBPROCESS -I/home/jianyuzh/ws/llama.cpp/auto_ci/28725/aicss-genai_sycl-graph-record-replay/common/. -I/home/jianyuzh/ws/llama.cpp/auto_ci/28725/aicss-genai_sycl-graph-record-replay/vendor/nlohmann/.. -I/home/jianyuzh/ws/llama.cpp/auto_ci/28725/aicss-genai_sycl-graph-record-replay/vendor/sheredom/.. -I/home/jianyuzh/ws/llama.cpp/auto_ci/28725/aicss-genai_sycl-graph-record-replay/src/../include -I/home/jianyuzh/ws/llama.cpp/auto_ci/28725/aicss-genai_sycl-graph-record-replay/ggml/src/../include -I/home/jianyuzh/ws/llama.cpp/auto_ci/28725/aicss-genai_sycl-graph-record-replay/tools/mtmd/. -O3 -DNDEBUG -Xclang -fno-pch-timestamp -Wmissing-declarations -Wmissing-noreturn -Wall -Wextra -Wpedantic -Wcast-qual -Wno-unused-function -MD -MT tools/mtmd/CMakeFiles/llama-mtmd-debug.dir/debug/mtmd-debug.cpp.o -MF CMakeFiles/llama-mtmd-debug.dir/debug/mtmd-debug.cpp.o.d -o CMakeFiles/llama-mtmd-debug.dir/debug/mtmd-debug.cpp.o -c /home/jianyuzh/ws/llama.cpp/auto_ci/28725/aicss-genai_sycl-graph-record-replay/tools/mtmd/debug/mtmd-debug.cpp
[ 83%] Linking CXX static library libllama-diffusion.a
cd /home/jianyuzh/ws/llama.cpp/auto_ci/28725/aicss-genai_sycl-graph-record-replay/build/examples/diffusion && /usr/bin/cmake -P CMakeFiles/llama-diffusion.dir/cmake_clean_target.cmake
cd /home/jianyuzh/ws/llama.cpp/auto_ci/28725/aicss-genai_sycl-graph-record-replay/build/examples/diffusion && /usr/bin/cmake -E cmake_link_script CMakeFiles/llama-diffusion.dir/link.txt --verbose=1
[ 83%] Linking CXX executable ../../bin/llama-parallel
cd /home/jianyuzh/ws/llama.cpp/auto_ci/28725/aicss-genai_sycl-graph-record-replay/build/examples/parallel && /usr/bin/cmake -E cmake_link_script CMakeFiles/llama-parallel.dir/link.txt --verbose=1
/usr/bin/ar qc libllama-diffusion.a "CMakeFiles/llama-diffusion.dir/diffusion.cpp.o"
/usr/bin/ranlib libllama-diffusion.a
gmake[2]: Leaving directory '/home/jianyuzh/ws/llama.cpp/auto_ci/28725/aicss-genai_sycl-graph-record-replay/build'
[ 83%] Built target llama-diffusion
/usr/bin/gmake  -f tools/cvector-generator/CMakeFiles/llama-cvector-generator.dir/build.make tools/cvector-generator/CMakeFiles/llama-cvector-generator.dir/depend
/opt/intel/oneapi/compiler/2026.1/bin/icpx -O3 -DNDEBUG -Wl,--dependency-file=CMakeFiles/llama-passkey.dir/link.d "CMakeFiles/llama-passkey.dir/passkey.cpp.o" -o ../../bin/llama-passkey  -Wl,-rpath,/home/jianyuzh/ws/llama.cpp/auto_ci/28725/aicss-genai_sycl-graph-record-replay/build/bin: ../../bin/libllama-common.so.0.4.1 ../../bin/libllama.so.0.4.1 ../../bin/libggml.so.0.24.0 ../../bin/libggml-cpu.so.0.24.0 ../../bin/libggml-sycl.so.0.24.0 ../../bin/libggml-base.so.0.24.0 ../../common/libllama-common-base.a
gmake[2]: Entering directory '/home/jianyuzh/ws/llama.cpp/auto_ci/28725/aicss-genai_sycl-graph-record-replay/build'
cd /home/jianyuzh/ws/llama.cpp/auto_ci/28725/aicss-genai_sycl-graph-record-replay/build && /usr/bin/cmake -E cmake_depends "Unix Makefiles" /home/jianyuzh/ws/llama.cpp/auto_ci/28725/aicss-genai_sycl-graph-record-replay /home/jianyuzh/ws/llama.cpp/auto_ci/28725/aicss-genai_sycl-graph-record-replay/tools/cvector-generator /home/jianyuzh/ws/llama.cpp/auto_ci/28725/aicss-genai_sycl-graph-record-replay/build /home/jianyuzh/ws/llama.cpp/auto_ci/28725/aicss-genai_sycl-graph-record-replay/build/tools/cvector-generator /home/jianyuzh/ws/llama.cpp/auto_ci/28725/aicss-genai_sycl-graph-record-replay/build/tools/cvector-generator/CMakeFiles/llama-cvector-generator.dir/DependInfo.cmake "--color=" llama-cvector-generator
gmake[2]: Leaving directory '/home/jianyuzh/ws/llama.cpp/auto_ci/28725/aicss-genai_sycl-graph-record-replay/build'
[ 83%] Built target llama-passkey
/usr/bin/gmake  -f tools/export-lora/CMakeFiles/llama-export-lora.dir/build.make tools/export-lora/CMakeFiles/llama-export-lora.dir/depend
gmake[2]: Leaving directory '/home/jianyuzh/ws/llama.cpp/auto_ci/28725/aicss-genai_sycl-graph-record-replay/build'
/usr/bin/gmake  -f tools/cvector-generator/CMakeFiles/llama-cvector-generator.dir/build.make tools/cvector-generator/CMakeFiles/llama-cvector-generator.dir/build
gmake[2]: Entering directory '/home/jianyuzh/ws/llama.cpp/auto_ci/28725/aicss-genai_sycl-graph-record-replay/build'
cd /home/jianyuzh/ws/llama.cpp/auto_ci/28725/aicss-genai_sycl-graph-record-replay/build && /usr/bin/cmake -E cmake_depends "Unix Makefiles" /home/jianyuzh/ws/llama.cpp/auto_ci/28725/aicss-genai_sycl-graph-record-replay /home/jianyuzh/ws/llama.cpp/auto_ci/28725/aicss-genai_sycl-graph-record-replay/tools/export-lora /home/jianyuzh/ws/llama.cpp/auto_ci/28725/aicss-genai_sycl-graph-record-replay/build /home/jianyuzh/ws/llama.cpp/auto_ci/28725/aicss-genai_sycl-graph-record-replay/build/tools/export-lora /home/jianyuzh/ws/llama.cpp/auto_ci/28725/aicss-genai_sycl-graph-record-replay/build/tools/export-lora/CMakeFiles/llama-export-lora.dir/DependInfo.cmake "--color=" llama-export-lora
gmake[2]: Entering directory '/home/jianyuzh/ws/llama.cpp/auto_ci/28725/aicss-genai_sycl-graph-record-replay/build'
[ 83%] Linking CXX executable ../bin/test-save-load-state
cd /home/jianyuzh/ws/llama.cpp/auto_ci/28725/aicss-genai_sycl-graph-record-replay/build/tests && /usr/bin/cmake -E cmake_link_script CMakeFiles/test-save-load-state.dir/link.txt --verbose=1
[ 83%] Building CXX object tools/cvector-generator/CMakeFiles/llama-cvector-generator.dir/cvector-generator.cpp.o
cd /home/jianyuzh/ws/llama.cpp/auto_ci/28725/aicss-genai_sycl-graph-record-replay/build/tools/cvector-generator && /opt/intel/oneapi/compiler/2026.1/bin/icpx -DGGML_BACKEND_SHARED -DGGML_SHARED -DGGML_USE_CPU -DGGML_USE_SYCL -DLLAMA_SHARED -DLLAMA_SUBPROCESS -I/home/jianyuzh/ws/llama.cpp/auto_ci/28725/aicss-genai_sycl-graph-record-replay/common/. -I/home/jianyuzh/ws/llama.cpp/auto_ci/28725/aicss-genai_sycl-graph-record-replay/vendor/nlohmann/.. -I/home/jianyuzh/ws/llama.cpp/auto_ci/28725/aicss-genai_sycl-graph-record-replay/vendor/sheredom/.. -I/home/jianyuzh/ws/llama.cpp/auto_ci/28725/aicss-genai_sycl-graph-record-replay/src/../include -I/home/jianyuzh/ws/llama.cpp/auto_ci/28725/aicss-genai_sycl-graph-record-replay/ggml/src/../include -O3 -DNDEBUG -Xclang -fno-pch-timestamp -Wmissing-declarations -Wmissing-noreturn -Wall -Wextra -Wpedantic -Wcast-qual -Wno-unused-function -MD -MT tools/cvector-generator/CMakeFiles/llama-cvector-generator.dir/cvector-generator.cpp.o -MF CMakeFiles/llama-cvector-generator.dir/cvector-generator.cpp.o.d -o CMakeFiles/llama-cvector-generator.dir/cvector-generator.cpp.o -c /home/jianyuzh/ws/llama.cpp/auto_ci/28725/aicss-genai_sycl-graph-record-replay/tools/cvector-generator/cvector-generator.cpp
gmake[2]: Leaving directory '/home/jianyuzh/ws/llama.cpp/auto_ci/28725/aicss-genai_sycl-graph-record-replay/build'
/usr/bin/gmake  -f tools/export-lora/CMakeFiles/llama-export-lora.dir/build.make tools/export-lora/CMakeFiles/llama-export-lora.dir/build
gmake[2]: Entering directory '/home/jianyuzh/ws/llama.cpp/auto_ci/28725/aicss-genai_sycl-graph-record-replay/build'
[ 83%] Building CXX object tools/export-lora/CMakeFiles/llama-export-lora.dir/export-lora.cpp.o
cd /home/jianyuzh/ws/llama.cpp/auto_ci/28725/aicss-genai_sycl-graph-record-replay/build/tools/export-lora && /opt/intel/oneapi/compiler/2026.1/bin/icpx -DGGML_BACKEND_SHARED -DGGML_SHARED -DGGML_USE_CPU -DGGML_USE_SYCL -DLLAMA_SHARED -DLLAMA_SUBPROCESS -I/home/jianyuzh/ws/llama.cpp/auto_ci/28725/aicss-genai_sycl-graph-record-replay/common/. -I/home/jianyuzh/ws/llama.cpp/auto_ci/28725/aicss-genai_sycl-graph-record-replay/vendor/nlohmann/.. -I/home/jianyuzh/ws/llama.cpp/auto_ci/28725/aicss-genai_sycl-graph-record-replay/vendor/sheredom/.. -I/home/jianyuzh/ws/llama.cpp/auto_ci/28725/aicss-genai_sycl-graph-record-replay/src/../include -I/home/jianyuzh/ws/llama.cpp/auto_ci/28725/aicss-genai_sycl-graph-record-replay/ggml/src/../include -O3 -DNDEBUG -Xclang -fno-pch-timestamp -Wmissing-declarations -Wmissing-noreturn -Wall -Wextra -Wpedantic -Wcast-qual -Wno-unused-function -MD -MT tools/export-lora/CMakeFiles/llama-export-lora.dir/export-lora.cpp.o -MF CMakeFiles/llama-export-lora.dir/export-lora.cpp.o.d -o CMakeFiles/llama-export-lora.dir/export-lora.cpp.o -c /home/jianyuzh/ws/llama.cpp/auto_ci/28725/aicss-genai_sycl-graph-record-replay/tools/export-lora/export-lora.cpp
[ 83%] Linking CXX executable ../../bin/llama-finetune
cd /home/jianyuzh/ws/llama.cpp/auto_ci/28725/aicss-genai_sycl-graph-record-replay/build/examples/training && /usr/bin/cmake -E cmake_link_script CMakeFiles/llama-finetune.dir/link.txt --verbose=1
[ 83%] Linking CXX executable ../../bin/llama-speculative-simple
cd /home/jianyuzh/ws/llama.cpp/auto_ci/28725/aicss-genai_sycl-graph-record-replay/build/examples/speculative-simple && /usr/bin/cmake -E cmake_link_script CMakeFiles/llama-speculative-simple.dir/link.txt --verbose=1
[ 83%] Linking CXX executable ../../bin/llama-gguf-split
cd /home/jianyuzh/ws/llama.cpp/auto_ci/28725/aicss-genai_sycl-graph-record-replay/build/tools/gguf-split && /usr/bin/cmake -E cmake_link_script CMakeFiles/llama-gguf-split.dir/link.txt --verbose=1
[ 83%] Linking CXX executable ../../bin/llama-gen-docs
cd /home/jianyuzh/ws/llama.cpp/auto_ci/28725/aicss-genai_sycl-graph-record-replay/build/examples/gen-docs && /usr/bin/cmake -E cmake_link_script CMakeFiles/llama-gen-docs.dir/link.txt --verbose=1
/opt/intel/oneapi/compiler/2026.1/bin/icpx -O3 -DNDEBUG -Wl,--dependency-file=CMakeFiles/llama-vdot.dir/link.d "CMakeFiles/llama-vdot.dir/vdot.cpp.o" -o ../../bin/llama-vdot  -Wl,-rpath,/home/jianyuzh/ws/llama.cpp/auto_ci/28725/aicss-genai_sycl-graph-record-replay/build/bin ../../bin/libllama-common.so.0.4.1 ../../bin/libllama.so.0.4.1 ../../bin/libggml.so.0.24.0 ../../bin/libggml-cpu.so.0.24.0 ../../bin/libggml-sycl.so.0.24.0 ../../bin/libggml-base.so.0.24.0 ../../common/libllama-common-base.a
gmake[2]: Leaving directory '/home/jianyuzh/ws/llama.cpp/auto_ci/28725/aicss-genai_sycl-graph-record-replay/build'
[ 83%] Built target llama-vdot
/usr/bin/gmake  -f tools/fit-params/CMakeFiles/llama-fit-params-impl.dir/build.make tools/fit-params/CMakeFiles/llama-fit-params-impl.dir/depend
gmake[2]: Entering directory '/home/jianyuzh/ws/llama.cpp/auto_ci/28725/aicss-genai_sycl-graph-record-replay/build'
cd /home/jianyuzh/ws/llama.cpp/auto_ci/28725/aicss-genai_sycl-graph-record-replay/build && /usr/bin/cmake -E cmake_depends "Unix Makefiles" /home/jianyuzh/ws/llama.cpp/auto_ci/28725/aicss-genai_sycl-graph-record-replay /home/jianyuzh/ws/llama.cpp/auto_ci/28725/aicss-genai_sycl-graph-record-replay/tools/fit-params /home/jianyuzh/ws/llama.cpp/auto_ci/28725/aicss-genai_sycl-graph-record-replay/build /home/jianyuzh/ws/llama.cpp/auto_ci/28725/aicss-genai_sycl-graph-record-replay/build/tools/fit-params /home/jianyuzh/ws/llama.cpp/auto_ci/28725/aicss-genai_sycl-graph-record-replay/build/tools/fit-params/CMakeFiles/llama-fit-params-impl.dir/DependInfo.cmake "--color=" llama-fit-params-impl
/opt/intel/oneapi/compiler/2026.1/bin/icpx -O3 -DNDEBUG -Wl,--dependency-file=CMakeFiles/llama-q8dot.dir/link.d "CMakeFiles/llama-q8dot.dir/q8dot.cpp.o" -o ../../bin/llama-q8dot  -Wl,-rpath,/home/jianyuzh/ws/llama.cpp/auto_ci/28725/aicss-genai_sycl-graph-record-replay/build/bin ../../bin/libllama-common.so.0.4.1 ../../bin/libllama.so.0.4.1 ../../bin/libggml.so.0.24.0 ../../bin/libggml-cpu.so.0.24.0 ../../bin/libggml-sycl.so.0.24.0 ../../bin/libggml-base.so.0.24.0 ../../common/libllama-common-base.a
gmake[2]: Leaving directory '/home/jianyuzh/ws/llama.cpp/auto_ci/28725/aicss-genai_sycl-graph-record-replay/build'
gmake[2]: Leaving directory '/home/jianyuzh/ws/llama.cpp/auto_ci/28725/aicss-genai_sycl-graph-record-replay/build'
/usr/bin/gmake  -f tools/fit-params/CMakeFiles/llama-fit-params-impl.dir/build.make tools/fit-params/CMakeFiles/llama-fit-params-impl.dir/build
gmake[2]: Entering directory '/home/jianyuzh/ws/llama.cpp/auto_ci/28725/aicss-genai_sycl-graph-record-replay/build'
[ 83%] Built target llama-q8dot
[ 83%] Building CXX object tools/fit-params/CMakeFiles/llama-fit-params-impl.dir/fit-params.cpp.o
cd /home/jianyuzh/ws/llama.cpp/auto_ci/28725/aicss-genai_sycl-graph-record-replay/build/tools/fit-params && /opt/intel/oneapi/compiler/2026.1/bin/icpx -DGGML_BACKEND_SHARED -DGGML_SHARED -DGGML_USE_CPU -DGGML_USE_SYCL -DLLAMA_SHARED -DLLAMA_SUBPROCESS -Dllama_fit_params_impl_EXPORTS -I/home/jianyuzh/ws/llama.cpp/auto_ci/28725/aicss-genai_sycl-graph-record-replay/tools/fit-params -I/home/jianyuzh/ws/llama.cpp/auto_ci/28725/aicss-genai_sycl-graph-record-replay/common/. -I/home/jianyuzh/ws/llama.cpp/auto_ci/28725/aicss-genai_sycl-graph-record-replay/vendor/nlohmann/.. -I/home/jianyuzh/ws/llama.cpp/auto_ci/28725/aicss-genai_sycl-graph-record-replay/vendor/sheredom/.. -I/home/jianyuzh/ws/llama.cpp/auto_ci/28725/aicss-genai_sycl-graph-record-replay/src/../include -I/home/jianyuzh/ws/llama.cpp/auto_ci/28725/aicss-genai_sycl-graph-record-replay/ggml/src/../include -O3 -DNDEBUG -fPIC -Xclang -fno-pch-timestamp -Wmissing-declarations -Wmissing-noreturn -Wall -Wextra -Wpedantic -Wcast-qual -Wno-unused-function -MD -MT tools/fit-params/CMakeFiles/llama-fit-params-impl.dir/fit-params.cpp.o -MF CMakeFiles/llama-fit-params-impl.dir/fit-params.cpp.o.d -o CMakeFiles/llama-fit-params-impl.dir/fit-params.cpp.o -c /home/jianyuzh/ws/llama.cpp/auto_ci/28725/aicss-genai_sycl-graph-record-replay/tools/fit-params/fit-params.cpp
/usr/bin/gmake  -f tools/results/CMakeFiles/llama-results.dir/build.make tools/results/CMakeFiles/llama-results.dir/depend
gmake[2]: Entering directory '/home/jianyuzh/ws/llama.cpp/auto_ci/28725/aicss-genai_sycl-graph-record-replay/build'
cd /home/jianyuzh/ws/llama.cpp/auto_ci/28725/aicss-genai_sycl-graph-record-replay/build && /usr/bin/cmake -E cmake_depends "Unix Makefiles" /home/jianyuzh/ws/llama.cpp/auto_ci/28725/aicss-genai_sycl-graph-record-replay /home/jianyuzh/ws/llama.cpp/auto_ci/28725/aicss-genai_sycl-graph-record-replay/tools/results /home/jianyuzh/ws/llama.cpp/auto_ci/28725/aicss-genai_sycl-graph-record-replay/build /home/jianyuzh/ws/llama.cpp/auto_ci/28725/aicss-genai_sycl-graph-record-replay/build/tools/results /home/jianyuzh/ws/llama.cpp/auto_ci/28725/aicss-genai_sycl-graph-record-replay/build/tools/results/CMakeFiles/llama-results.dir/DependInfo.cmake "--color=" llama-results
gmake[2]: Leaving directory '/home/jianyuzh/ws/llama.cpp/auto_ci/28725/aicss-genai_sycl-graph-record-replay/build'
/usr/bin/gmake  -f tools/results/CMakeFiles/llama-results.dir/build.make tools/results/CMakeFiles/llama-results.dir/build
gmake[2]: Entering directory '/home/jianyuzh/ws/llama.cpp/auto_ci/28725/aicss-genai_sycl-graph-record-replay/build'
[ 83%] Building CXX object tools/results/CMakeFiles/llama-results.dir/results.cpp.o
cd /home/jianyuzh/ws/llama.cpp/auto_ci/28725/aicss-genai_sycl-graph-record-replay/build/tools/results && /opt/intel/oneapi/compiler/2026.1/bin/icpx -DGGML_BACKEND_SHARED -DGGML_SHARED -DGGML_USE_CPU -DGGML_USE_SYCL -DLLAMA_SHARED -DLLAMA_SUBPROCESS -I/home/jianyuzh/ws/llama.cpp/auto_ci/28725/aicss-genai_sycl-graph-record-replay/common/. -I/home/jianyuzh/ws/llama.cpp/auto_ci/28725/aicss-genai_sycl-graph-record-replay/vendor/nlohmann/.. -I/home/jianyuzh/ws/llama.cpp/auto_ci/28725/aicss-genai_sycl-graph-record-replay/vendor/sheredom/.. -I/home/jianyuzh/ws/llama.cpp/auto_ci/28725/aicss-genai_sycl-graph-record-replay/src/../include -I/home/jianyuzh/ws/llama.cpp/auto_ci/28725/aicss-genai_sycl-graph-record-replay/ggml/src/../include -O3 -DNDEBUG -Xclang -fno-pch-timestamp -Wmissing-declarations -Wmissing-noreturn -Wall -Wextra -Wpedantic -Wcast-qual -Wno-unused-function -MD -MT tools/results/CMakeFiles/llama-results.dir/results.cpp.o -MF CMakeFiles/llama-results.dir/results.cpp.o.d -o CMakeFiles/llama-results.dir/results.cpp.o -c /home/jianyuzh/ws/llama.cpp/auto_ci/28725/aicss-genai_sycl-graph-record-replay/tools/results/results.cpp
/opt/intel/oneapi/compiler/2026.1/bin/icpx -O3 -DNDEBUG -Wl,--dependency-file=CMakeFiles/llama-parallel.dir/link.d "CMakeFiles/llama-parallel.dir/parallel.cpp.o" -o ../../bin/llama-parallel  -Wl,-rpath,/home/jianyuzh/ws/llama.cpp/auto_ci/28725/aicss-genai_sycl-graph-record-replay/build/bin: ../../bin/libllama-common.so.0.4.1 ../../bin/libllama.so.0.4.1 ../../bin/libggml.so.0.24.0 ../../bin/libggml-cpu.so.0.24.0 ../../bin/libggml-sycl.so.0.24.0 ../../bin/libggml-base.so.0.24.0 ../../common/libllama-common-base.a
gmake[2]: Leaving directory '/home/jianyuzh/ws/llama.cpp/auto_ci/28725/aicss-genai_sycl-graph-record-replay/build'
/opt/intel/oneapi/compiler/2026.1/bin/icpx -O3 -DNDEBUG -Wl,--dependency-file=CMakeFiles/test-save-load-state.dir/link.d "CMakeFiles/test-save-load-state.dir/test-save-load-state.cpp.o" -o ../bin/test-save-load-state  -Wl,-rpath,/home/jianyuzh/ws/llama.cpp/auto_ci/28725/aicss-genai_sycl-graph-record-replay/build/bin: ../bin/libllama-common.so.0.4.1 ../bin/libllama.so.0.4.1 ../bin/libggml.so.0.24.0 ../bin/libggml-cpu.so.0.24.0 ../bin/libggml-sycl.so.0.24.0 ../bin/libggml-base.so.0.24.0 ../common/libllama-common-base.a
gmake[2]: Leaving directory '/home/jianyuzh/ws/llama.cpp/auto_ci/28725/aicss-genai_sycl-graph-record-replay/build'
[ 83%] Built target llama-parallel
/usr/bin/gmake  -f examples/diffusion/CMakeFiles/llama-diffusion-cli.dir/build.make examples/diffusion/CMakeFiles/llama-diffusion-cli.dir/depend
gmake[2]: Entering directory '/home/jianyuzh/ws/llama.cpp/auto_ci/28725/aicss-genai_sycl-graph-record-replay/build'
cd /home/jianyuzh/ws/llama.cpp/auto_ci/28725/aicss-genai_sycl-graph-record-replay/build && /usr/bin/cmake -E cmake_depends "Unix Makefiles" /home/jianyuzh/ws/llama.cpp/auto_ci/28725/aicss-genai_sycl-graph-record-replay /home/jianyuzh/ws/llama.cpp/auto_ci/28725/aicss-genai_sycl-graph-record-replay/examples/diffusion /home/jianyuzh/ws/llama.cpp/auto_ci/28725/aicss-genai_sycl-graph-record-replay/build /home/jianyuzh/ws/llama.cpp/auto_ci/28725/aicss-genai_sycl-graph-record-replay/build/examples/diffusion /home/jianyuzh/ws/llama.cpp/auto_ci/28725/aicss-genai_sycl-graph-record-replay/build/examples/diffusion/CMakeFiles/llama-diffusion-cli.dir/DependInfo.cmake "--color=" llama-diffusion-cli
[ 83%] Built target test-save-load-state
gmake[2]: Leaving directory '/home/jianyuzh/ws/llama.cpp/auto_ci/28725/aicss-genai_sycl-graph-record-replay/build'
/usr/bin/gmake  -f examples/diffusion/CMakeFiles/llama-diffusion-cli.dir/build.make examples/diffusion/CMakeFiles/llama-diffusion-cli.dir/build
gmake[2]: Entering directory '/home/jianyuzh/ws/llama.cpp/auto_ci/28725/aicss-genai_sycl-graph-record-replay/build'
[ 83%] Building CXX object tests/CMakeFiles/test-peg-parser.dir/peg-parser/test-json-parser.cpp.o
cd /home/jianyuzh/ws/llama.cpp/auto_ci/28725/aicss-genai_sycl-graph-record-replay/build/tests && /opt/intel/oneapi/compiler/2026.1/bin/icpx -DGGML_BACKEND_SHARED -DGGML_SHARED -DGGML_USE_CPU -DGGML_USE_SYCL -DLLAMA_SHARED -DLLAMA_SUBPROCESS -I/home/jianyuzh/ws/llama.cpp/auto_ci/28725/aicss-genai_sycl-graph-record-replay/common/. -I/home/jianyuzh/ws/llama.cpp/auto_ci/28725/aicss-genai_sycl-graph-record-replay/vendor/nlohmann/.. -I/home/jianyuzh/ws/llama.cpp/auto_ci/28725/aicss-genai_sycl-graph-record-replay/vendor/sheredom/.. -I/home/jianyuzh/ws/llama.cpp/auto_ci/28725/aicss-genai_sycl-graph-record-replay/src/../include -I/home/jianyuzh/ws/llama.cpp/auto_ci/28725/aicss-genai_sycl-graph-record-replay/ggml/src/../include -O3 -DNDEBUG -Xclang -fno-pch-timestamp -Wmissing-declarations -Wmissing-noreturn -Wall -Wextra -Wpedantic -Wcast-qual -Wno-unused-function -MD -MT tests/CMakeFiles/test-peg-parser.dir/peg-parser/test-json-parser.cpp.o -MF CMakeFiles/test-peg-parser.dir/peg-parser/test-json-parser.cpp.o.d -o CMakeFiles/test-peg-parser.dir/peg-parser/test-json-parser.cpp.o -c /home/jianyuzh/ws/llama.cpp/auto_ci/28725/aicss-genai_sycl-graph-record-replay/tests/peg-parser/test-json-parser.cpp
[ 84%] Building CXX object examples/diffusion/CMakeFiles/llama-diffusion-cli.dir/diffusion-cli.cpp.o
cd /home/jianyuzh/ws/llama.cpp/auto_ci/28725/aicss-genai_sycl-graph-record-replay/build/examples/diffusion && /opt/intel/oneapi/compiler/2026.1/bin/icpx -DGGML_BACKEND_SHARED -DGGML_SHARED -DGGML_USE_CPU -DGGML_USE_SYCL -DLLAMA_SHARED -DLLAMA_SUBPROCESS -I/home/jianyuzh/ws/llama.cpp/auto_ci/28725/aicss-genai_sycl-graph-record-replay/src/../include -I/home/jianyuzh/ws/llama.cpp/auto_ci/28725/aicss-genai_sycl-graph-record-replay/ggml/src/../include -I/home/jianyuzh/ws/llama.cpp/auto_ci/28725/aicss-genai_sycl-graph-record-replay/common/. -I/home/jianyuzh/ws/llama.cpp/auto_ci/28725/aicss-genai_sycl-graph-record-replay/vendor/nlohmann/.. -I/home/jianyuzh/ws/llama.cpp/auto_ci/28725/aicss-genai_sycl-graph-record-replay/vendor/sheredom/.. -O3 -DNDEBUG -Xclang -fno-pch-timestamp -Wmissing-declarations -Wmissing-noreturn -Wall -Wextra -Wpedantic -Wcast-qual -Wno-unused-function -MD -MT examples/diffusion/CMakeFiles/llama-diffusion-cli.dir/diffusion-cli.cpp.o -MF CMakeFiles/llama-diffusion-cli.dir/diffusion-cli.cpp.o.d -o CMakeFiles/llama-diffusion-cli.dir/diffusion-cli.cpp.o -c /home/jianyuzh/ws/llama.cpp/auto_ci/28725/aicss-genai_sycl-graph-record-replay/examples/diffusion/diffusion-cli.cpp
/opt/intel/oneapi/compiler/2026.1/bin/icpx -O3 -DNDEBUG -Wl,--dependency-file=CMakeFiles/llama-finetune.dir/link.d "CMakeFiles/llama-finetune.dir/finetune.cpp.o" -o ../../bin/llama-finetune  -Wl,-rpath,/home/jianyuzh/ws/llama.cpp/auto_ci/28725/aicss-genai_sycl-graph-record-replay/build/bin: ../../bin/libllama-common.so.0.4.1 ../../bin/libllama.so.0.4.1 ../../bin/libggml.so.0.24.0 ../../bin/libggml-cpu.so.0.24.0 ../../bin/libggml-sycl.so.0.24.0 ../../bin/libggml-base.so.0.24.0 ../../common/libllama-common-base.a
gmake[2]: Leaving directory '/home/jianyuzh/ws/llama.cpp/auto_ci/28725/aicss-genai_sycl-graph-record-replay/build'
[ 84%] Built target llama-finetune
[ 85%] Building CXX object tests/CMakeFiles/test-peg-parser.dir/peg-parser/test-json-serialization.cpp.o
cd /home/jianyuzh/ws/llama.cpp/auto_ci/28725/aicss-genai_sycl-graph-record-replay/build/tests && /opt/intel/oneapi/compiler/2026.1/bin/icpx -DGGML_BACKEND_SHARED -DGGML_SHARED -DGGML_USE_CPU -DGGML_USE_SYCL -DLLAMA_SHARED -DLLAMA_SUBPROCESS -I/home/jianyuzh/ws/llama.cpp/auto_ci/28725/aicss-genai_sycl-graph-record-replay/common/. -I/home/jianyuzh/ws/llama.cpp/auto_ci/28725/aicss-genai_sycl-graph-record-replay/vendor/nlohmann/.. -I/home/jianyuzh/ws/llama.cpp/auto_ci/28725/aicss-genai_sycl-graph-record-replay/vendor/sheredom/.. -I/home/jianyuzh/ws/llama.cpp/auto_ci/28725/aicss-genai_sycl-graph-record-replay/src/../include -I/home/jianyuzh/ws/llama.cpp/auto_ci/28725/aicss-genai_sycl-graph-record-replay/ggml/src/../include -O3 -DNDEBUG -Xclang -fno-pch-timestamp -Wmissing-declarations -Wmissing-noreturn -Wall -Wextra -Wpedantic -Wcast-qual -Wno-unused-function -MD -MT tests/CMakeFiles/test-peg-parser.dir/peg-parser/test-json-serialization.cpp.o -MF CMakeFiles/test-peg-parser.dir/peg-parser/test-json-serialization.cpp.o.d -o CMakeFiles/test-peg-parser.dir/peg-parser/test-json-serialization.cpp.o -c /home/jianyuzh/ws/llama.cpp/auto_ci/28725/aicss-genai_sycl-graph-record-replay/tests/peg-parser/test-json-serialization.cpp
[ 85%] Linking CXX shared library ../../bin/libllama-batched-bench-impl.so
[ 85%] Linking CXX executable ../../bin/llama-retrieval
cd /home/jianyuzh/ws/llama.cpp/auto_ci/28725/aicss-genai_sycl-graph-record-replay/build/examples/retrieval && /usr/bin/cmake -E cmake_link_script CMakeFiles/llama-retrieval.dir/link.txt --verbose=1
cd /home/jianyuzh/ws/llama.cpp/auto_ci/28725/aicss-genai_sycl-graph-record-replay/build/tools/batched-bench && /usr/bin/cmake -E cmake_link_script CMakeFiles/llama-batched-bench-impl.dir/link.txt --verbose=1
/opt/intel/oneapi/compiler/2026.1/bin/icpx -O3 -DNDEBUG -Wl,--dependency-file=CMakeFiles/llama-speculative-simple.dir/link.d "CMakeFiles/llama-speculative-simple.dir/speculative-simple.cpp.o" -o ../../bin/llama-speculative-simple  -Wl,-rpath,/home/jianyuzh/ws/llama.cpp/auto_ci/28725/aicss-genai_sycl-graph-record-replay/build/bin: ../../bin/libllama-common.so.0.4.1 ../../bin/libllama.so.0.4.1 ../../bin/libggml.so.0.24.0 ../../bin/libggml-cpu.so.0.24.0 ../../bin/libggml-sycl.so.0.24.0 ../../bin/libggml-base.so.0.24.0 ../../common/libllama-common-base.a
gmake[2]: Leaving directory '/home/jianyuzh/ws/llama.cpp/auto_ci/28725/aicss-genai_sycl-graph-record-replay/build'
[ 85%] Built target llama-speculative-simple
[ 85%] Linking CXX executable ../../bin/llama-convert-llama2c-to-ggml
[ 85%] Building CXX object tests/CMakeFiles/test-peg-parser.dir/peg-parser/test-python-dict-parser.cpp.o
cd /home/jianyuzh/ws/llama.cpp/auto_ci/28725/aicss-genai_sycl-graph-record-replay/build/examples/convert-llama2c-to-ggml && /usr/bin/cmake -E cmake_link_script CMakeFiles/llama-convert-llama2c-to-ggml.dir/link.txt --verbose=1
cd /home/jianyuzh/ws/llama.cpp/auto_ci/28725/aicss-genai_sycl-graph-record-replay/build/tests && /opt/intel/oneapi/compiler/2026.1/bin/icpx -DGGML_BACKEND_SHARED -DGGML_SHARED -DGGML_USE_CPU -DGGML_USE_SYCL -DLLAMA_SHARED -DLLAMA_SUBPROCESS -I/home/jianyuzh/ws/llama.cpp/auto_ci/28725/aicss-genai_sycl-graph-record-replay/common/. -I/home/jianyuzh/ws/llama.cpp/auto_ci/28725/aicss-genai_sycl-graph-record-replay/vendor/nlohmann/.. -I/home/jianyuzh/ws/llama.cpp/auto_ci/28725/aicss-genai_sycl-graph-record-replay/vendor/sheredom/.. -I/home/jianyuzh/ws/llama.cpp/auto_ci/28725/aicss-genai_sycl-graph-record-replay/src/../include -I/home/jianyuzh/ws/llama.cpp/auto_ci/28725/aicss-genai_sycl-graph-record-replay/ggml/src/../include -O3 -DNDEBUG -Xclang -fno-pch-timestamp -Wmissing-declarations -Wmissing-noreturn -Wall -Wextra -Wpedantic -Wcast-qual -Wno-unused-function -MD -MT tests/CMakeFiles/test-peg-parser.dir/peg-parser/test-python-dict-parser.cpp.o -MF CMakeFiles/test-peg-parser.dir/peg-parser/test-python-dict-parser.cpp.o.d -o CMakeFiles/test-peg-parser.dir/peg-parser/test-python-dict-parser.cpp.o -c /home/jianyuzh/ws/llama.cpp/auto_ci/28725/aicss-genai_sycl-graph-record-replay/tests/peg-parser/test-python-dict-parser.cpp
/opt/intel/oneapi/compiler/2026.1/bin/icpx -O3 -DNDEBUG -Wl,--dependency-file=CMakeFiles/llama-gguf-split.dir/link.d "CMakeFiles/llama-gguf-split.dir/gguf-split.cpp.o" -o ../../bin/llama-gguf-split  -Wl,-rpath,/home/jianyuzh/ws/llama.cpp/auto_ci/28725/aicss-genai_sycl-graph-record-replay/build/bin: ../../bin/libllama-common.so.0.4.1 ../../bin/libllama.so.0.4.1 ../../bin/libggml.so.0.24.0 ../../bin/libggml-cpu.so.0.24.0 ../../bin/libggml-sycl.so.0.24.0 ../../bin/libggml-base.so.0.24.0 ../../common/libllama-common-base.a
gmake[2]: Leaving directory '/home/jianyuzh/ws/llama.cpp/auto_ci/28725/aicss-genai_sycl-graph-record-replay/build'
[ 85%] Built target llama-gguf-split
[ 85%] Building CXX object tests/CMakeFiles/test-peg-parser.dir/peg-parser/test-unicode.cpp.o
cd /home/jianyuzh/ws/llama.cpp/auto_ci/28725/aicss-genai_sycl-graph-record-replay/build/tests && /opt/intel/oneapi/compiler/2026.1/bin/icpx -DGGML_BACKEND_SHARED -DGGML_SHARED -DGGML_USE_CPU -DGGML_USE_SYCL -DLLAMA_SHARED -DLLAMA_SUBPROCESS -I/home/jianyuzh/ws/llama.cpp/auto_ci/28725/aicss-genai_sycl-graph-record-replay/common/. -I/home/jianyuzh/ws/llama.cpp/auto_ci/28725/aicss-genai_sycl-graph-record-replay/vendor/nlohmann/.. -I/home/jianyuzh/ws/llama.cpp/auto_ci/28725/aicss-genai_sycl-graph-record-replay/vendor/sheredom/.. -I/home/jianyuzh/ws/llama.cpp/auto_ci/28725/aicss-genai_sycl-graph-record-replay/src/../include -I/home/jianyuzh/ws/llama.cpp/auto_ci/28725/aicss-genai_sycl-graph-record-replay/ggml/src/../include -O3 -DNDEBUG -Xclang -fno-pch-timestamp -Wmissing-declarations -Wmissing-noreturn -Wall -Wextra -Wpedantic -Wcast-qual -Wno-unused-function -MD -MT tests/CMakeFiles/test-peg-parser.dir/peg-parser/test-unicode.cpp.o -MF CMakeFiles/test-peg-parser.dir/peg-parser/test-unicode.cpp.o.d -o CMakeFiles/test-peg-parser.dir/peg-parser/test-unicode.cpp.o -c /home/jianyuzh/ws/llama.cpp/auto_ci/28725/aicss-genai_sycl-graph-record-replay/tests/peg-parser/test-unicode.cpp
/opt/intel/oneapi/compiler/2026.1/bin/icpx -O3 -DNDEBUG -Wl,--dependency-file=CMakeFiles/llama-gen-docs.dir/link.d "CMakeFiles/llama-gen-docs.dir/gen-docs.cpp.o" -o ../../bin/llama-gen-docs  -Wl,-rpath,/home/jianyuzh/ws/llama.cpp/auto_ci/28725/aicss-genai_sycl-graph-record-replay/build/bin: ../../bin/libllama-common.so.0.4.1 ../../bin/libllama.so.0.4.1 ../../bin/libggml.so.0.24.0 ../../bin/libggml-cpu.so.0.24.0 ../../bin/libggml-sycl.so.0.24.0 ../../bin/libggml-base.so.0.24.0 ../../common/libllama-common-base.a
gmake[2]: Leaving directory '/home/jianyuzh/ws/llama.cpp/auto_ci/28725/aicss-genai_sycl-graph-record-replay/build'
[ 85%] Built target llama-gen-docs
[ 85%] Building CXX object tools/server/CMakeFiles/server-context.dir/server-tools.cpp.o
cd /home/jianyuzh/ws/llama.cpp/auto_ci/28725/aicss-genai_sycl-graph-record-replay/build/tools/server && /opt/intel/oneapi/compiler/2026.1/bin/icpx -DGGML_BACKEND_SHARED -DGGML_SHARED -DGGML_USE_CPU -DGGML_USE_SYCL -DLLAMA_SHARED -DLLAMA_SUBPROCESS -I/home/jianyuzh/ws/llama.cpp/auto_ci/28725/aicss-genai_sycl-graph-record-replay/tools/server -I/home/jianyuzh/ws/llama.cpp/auto_ci/28725/aicss-genai_sycl-graph-record-replay/build/tools/server -I/home/jianyuzh/ws/llama.cpp/auto_ci/28725/aicss-genai_sycl-graph-record-replay/tools/server/../mtmd -I/home/jianyuzh/ws/llama.cpp/auto_ci/28725/aicss-genai_sycl-graph-record-replay -I/home/jianyuzh/ws/llama.cpp/auto_ci/28725/aicss-genai_sycl-graph-record-replay/common/. -I/home/jianyuzh/ws/llama.cpp/auto_ci/28725/aicss-genai_sycl-graph-record-replay/vendor/nlohmann/.. -I/home/jianyuzh/ws/llama.cpp/auto_ci/28725/aicss-genai_sycl-graph-record-replay/vendor/sheredom/.. -I/home/jianyuzh/ws/llama.cpp/auto_ci/28725/aicss-genai_sycl-graph-record-replay/src/../include -I/home/jianyuzh/ws/llama.cpp/auto_ci/28725/aicss-genai_sycl-graph-record-replay/ggml/src/../include -I/home/jianyuzh/ws/llama.cpp/auto_ci/28725/aicss-genai_sycl-graph-record-replay/tools/mtmd/. -O3 -DNDEBUG -fPIC -Xclang -fno-pch-timestamp -Wmissing-declarations -Wmissing-noreturn -Wall -Wextra -Wpedantic -Wcast-qual -Wno-unused-function -MD -MT tools/server/CMakeFiles/server-context.dir/server-tools.cpp.o -MF CMakeFiles/server-context.dir/server-tools.cpp.o.d -o CMakeFiles/server-context.dir/server-tools.cpp.o -c /home/jianyuzh/ws/llama.cpp/auto_ci/28725/aicss-genai_sycl-graph-record-replay/tools/server/server-tools.cpp
/opt/intel/oneapi/compiler/2026.1/bin/icpx -fPIC -O3 -DNDEBUG -shared -Wl,--dependency-file=CMakeFiles/llama-batched-bench-impl.dir/link.d -Wl,-soname,libllama-batched-bench-impl.so -o ../../bin/libllama-batched-bench-impl.so "CMakeFiles/llama-batched-bench-impl.dir/batched-bench.cpp.o"  -Wl,-rpath,/home/jianyuzh/ws/llama.cpp/auto_ci/28725/aicss-genai_sycl-graph-record-replay/build/bin: ../../bin/libllama-common.so.0.4.1 ../../bin/libllama.so.0.4.1 ../../bin/libggml.so.0.24.0 ../../bin/libggml-cpu.so.0.24.0 ../../bin/libggml-sycl.so.0.24.0 ../../bin/libggml-base.so.0.24.0 ../../common/libllama-common-base.a
gmake[2]: Leaving directory '/home/jianyuzh/ws/llama.cpp/auto_ci/28725/aicss-genai_sycl-graph-record-replay/build'
[ 85%] Built target llama-batched-bench-impl
[ 85%] Building CXX object tools/server/CMakeFiles/server-context.dir/server-mcp.cpp.o
cd /home/jianyuzh/ws/llama.cpp/auto_ci/28725/aicss-genai_sycl-graph-record-replay/build/tools/server && /opt/intel/oneapi/compiler/2026.1/bin/icpx -DGGML_BACKEND_SHARED -DGGML_SHARED -DGGML_USE_CPU -DGGML_USE_SYCL -DLLAMA_SHARED -DLLAMA_SUBPROCESS -I/home/jianyuzh/ws/llama.cpp/auto_ci/28725/aicss-genai_sycl-graph-record-replay/tools/server -I/home/jianyuzh/ws/llama.cpp/auto_ci/28725/aicss-genai_sycl-graph-record-replay/build/tools/server -I/home/jianyuzh/ws/llama.cpp/auto_ci/28725/aicss-genai_sycl-graph-record-replay/tools/server/../mtmd -I/home/jianyuzh/ws/llama.cpp/auto_ci/28725/aicss-genai_sycl-graph-record-replay -I/home/jianyuzh/ws/llama.cpp/auto_ci/28725/aicss-genai_sycl-graph-record-replay/common/. -I/home/jianyuzh/ws/llama.cpp/auto_ci/28725/aicss-genai_sycl-graph-record-replay/vendor/nlohmann/.. -I/home/jianyuzh/ws/llama.cpp/auto_ci/28725/aicss-genai_sycl-graph-record-replay/vendor/sheredom/.. -I/home/jianyuzh/ws/llama.cpp/auto_ci/28725/aicss-genai_sycl-graph-record-replay/src/../include -I/home/jianyuzh/ws/llama.cpp/auto_ci/28725/aicss-genai_sycl-graph-record-replay/ggml/src/../include -I/home/jianyuzh/ws/llama.cpp/auto_ci/28725/aicss-genai_sycl-graph-record-replay/tools/mtmd/. -O3 -DNDEBUG -fPIC -Xclang -fno-pch-timestamp -Wmissing-declarations -Wmissing-noreturn -Wall -Wextra -Wpedantic -Wcast-qual -Wno-unused-function -MD -MT tools/server/CMakeFiles/server-context.dir/server-mcp.cpp.o -MF CMakeFiles/server-context.dir/server-mcp.cpp.o.d -o CMakeFiles/server-context.dir/server-mcp.cpp.o -c /home/jianyuzh/ws/llama.cpp/auto_ci/28725/aicss-genai_sycl-graph-record-replay/tools/server/server-mcp.cpp
[ 85%] Linking CXX executable ../bin/test-backend-sampler
cd /home/jianyuzh/ws/llama.cpp/auto_ci/28725/aicss-genai_sycl-graph-record-replay/build/tests && /usr/bin/cmake -E cmake_link_script CMakeFiles/test-backend-sampler.dir/link.txt --verbose=1
/opt/intel/oneapi/compiler/2026.1/bin/icpx -O3 -DNDEBUG -Wl,--dependency-file=CMakeFiles/llama-retrieval.dir/link.d "CMakeFiles/llama-retrieval.dir/retrieval.cpp.o" -o ../../bin/llama-retrieval  -Wl,-rpath,/home/jianyuzh/ws/llama.cpp/auto_ci/28725/aicss-genai_sycl-graph-record-replay/build/bin: ../../bin/libllama-common.so.0.4.1 ../../bin/libllama.so.0.4.1 ../../bin/libggml.so.0.24.0 ../../bin/libggml-cpu.so.0.24.0 ../../bin/libggml-sycl.so.0.24.0 ../../bin/libggml-base.so.0.24.0 ../../common/libllama-common-base.a
gmake[2]: Leaving directory '/home/jianyuzh/ws/llama.cpp/auto_ci/28725/aicss-genai_sycl-graph-record-replay/build'
[ 85%] Built target llama-retrieval
[ 85%] Linking CXX executable ../../bin/llama-tokenize
[ 85%] Building CXX object tools/server/CMakeFiles/server-context.dir/server-schema.cpp.o
cd /home/jianyuzh/ws/llama.cpp/auto_ci/28725/aicss-genai_sycl-graph-record-replay/build/tools/tokenize && /usr/bin/cmake -E cmake_link_script CMakeFiles/llama-tokenize.dir/link.txt --verbose=1
cd /home/jianyuzh/ws/llama.cpp/auto_ci/28725/aicss-genai_sycl-graph-record-replay/build/tools/server && /opt/intel/oneapi/compiler/2026.1/bin/icpx -DGGML_BACKEND_SHARED -DGGML_SHARED -DGGML_USE_CPU -DGGML_USE_SYCL -DLLAMA_SHARED -DLLAMA_SUBPROCESS -I/home/jianyuzh/ws/llama.cpp/auto_ci/28725/aicss-genai_sycl-graph-record-replay/tools/server -I/home/jianyuzh/ws/llama.cpp/auto_ci/28725/aicss-genai_sycl-graph-record-replay/build/tools/server -I/home/jianyuzh/ws/llama.cpp/auto_ci/28725/aicss-genai_sycl-graph-record-replay/tools/server/../mtmd -I/home/jianyuzh/ws/llama.cpp/auto_ci/28725/aicss-genai_sycl-graph-record-replay -I/home/jianyuzh/ws/llama.cpp/auto_ci/28725/aicss-genai_sycl-graph-record-replay/common/. -I/home/jianyuzh/ws/llama.cpp/auto_ci/28725/aicss-genai_sycl-graph-record-replay/vendor/nlohmann/.. -I/home/jianyuzh/ws/llama.cpp/auto_ci/28725/aicss-genai_sycl-graph-record-replay/vendor/sheredom/.. -I/home/jianyuzh/ws/llama.cpp/auto_ci/28725/aicss-genai_sycl-graph-record-replay/src/../include -I/home/jianyuzh/ws/llama.cpp/auto_ci/28725/aicss-genai_sycl-graph-record-replay/ggml/src/../include -I/home/jianyuzh/ws/llama.cpp/auto_ci/28725/aicss-genai_sycl-graph-record-replay/tools/mtmd/. -O3 -DNDEBUG -fPIC -Xclang -fno-pch-timestamp -Wmissing-declarations -Wmissing-noreturn -Wall -Wextra -Wpedantic -Wcast-qual -Wno-unused-function -MD -MT tools/server/CMakeFiles/server-context.dir/server-schema.cpp.o -MF CMakeFiles/server-context.dir/server-schema.cpp.o.d -o CMakeFiles/server-context.dir/server-schema.cpp.o -c /home/jianyuzh/ws/llama.cpp/auto_ci/28725/aicss-genai_sycl-graph-record-replay/tools/server/server-schema.cpp
/opt/intel/oneapi/compiler/2026.1/bin/icpx -O3 -DNDEBUG -Wl,--dependency-file=CMakeFiles/llama-convert-llama2c-to-ggml.dir/link.d "CMakeFiles/llama-convert-llama2c-to-ggml.dir/convert-llama2c-to-ggml.cpp.o" -o ../../bin/llama-convert-llama2c-to-ggml  -Wl,-rpath,/home/jianyuzh/ws/llama.cpp/auto_ci/28725/aicss-genai_sycl-graph-record-replay/build/bin: ../../bin/libllama-common.so.0.4.1 ../../bin/libllama.so.0.4.1 ../../bin/libggml.so.0.24.0 ../../bin/libggml-cpu.so.0.24.0 ../../bin/libggml-sycl.so.0.24.0 ../../bin/libggml-base.so.0.24.0 ../../common/libllama-common-base.a
gmake[2]: Leaving directory '/home/jianyuzh/ws/llama.cpp/auto_ci/28725/aicss-genai_sycl-graph-record-replay/build'
[ 85%] Built target llama-convert-llama2c-to-ggml
/usr/bin/gmake  -f tools/batched-bench/CMakeFiles/llama-batched-bench.dir/build.make tools/batched-bench/CMakeFiles/llama-batched-bench.dir/depend
gmake[2]: Entering directory '/home/jianyuzh/ws/llama.cpp/auto_ci/28725/aicss-genai_sycl-graph-record-replay/build'
cd /home/jianyuzh/ws/llama.cpp/auto_ci/28725/aicss-genai_sycl-graph-record-replay/build && /usr/bin/cmake -E cmake_depends "Unix Makefiles" /home/jianyuzh/ws/llama.cpp/auto_ci/28725/aicss-genai_sycl-graph-record-replay /home/jianyuzh/ws/llama.cpp/auto_ci/28725/aicss-genai_sycl-graph-record-replay/tools/batched-bench /home/jianyuzh/ws/llama.cpp/auto_ci/28725/aicss-genai_sycl-graph-record-replay/build /home/jianyuzh/ws/llama.cpp/auto_ci/28725/aicss-genai_sycl-graph-record-replay/build/tools/batched-bench /home/jianyuzh/ws/llama.cpp/auto_ci/28725/aicss-genai_sycl-graph-record-replay/build/tools/batched-bench/CMakeFiles/llama-batched-bench.dir/DependInfo.cmake "--color=" llama-batched-bench
gmake[2]: Leaving directory '/home/jianyuzh/ws/llama.cpp/auto_ci/28725/aicss-genai_sycl-graph-record-replay/build'
/usr/bin/gmake  -f tools/batched-bench/CMakeFiles/llama-batched-bench.dir/build.make tools/batched-bench/CMakeFiles/llama-batched-bench.dir/build
gmake[2]: Entering directory '/home/jianyuzh/ws/llama.cpp/auto_ci/28725/aicss-genai_sycl-graph-record-replay/build'
[ 85%] Building CXX object tools/batched-bench/CMakeFiles/llama-batched-bench.dir/main.cpp.o
cd /home/jianyuzh/ws/llama.cpp/auto_ci/28725/aicss-genai_sycl-graph-record-replay/build/tools/batched-bench && /opt/intel/oneapi/compiler/2026.1/bin/icpx -DGGML_BACKEND_SHARED -DGGML_SHARED -DGGML_USE_CPU -DGGML_USE_SYCL -DLLAMA_SHARED -DLLAMA_SUBPROCESS -I/home/jianyuzh/ws/llama.cpp/auto_ci/28725/aicss-genai_sycl-graph-record-replay/tools/batched-bench -I/home/jianyuzh/ws/llama.cpp/auto_ci/28725/aicss-genai_sycl-graph-record-replay/common/. -I/home/jianyuzh/ws/llama.cpp/auto_ci/28725/aicss-genai_sycl-graph-record-replay/vendor/nlohmann/.. -I/home/jianyuzh/ws/llama.cpp/auto_ci/28725/aicss-genai_sycl-graph-record-replay/vendor/sheredom/.. -I/home/jianyuzh/ws/llama.cpp/auto_ci/28725/aicss-genai_sycl-graph-record-replay/src/../include -I/home/jianyuzh/ws/llama.cpp/auto_ci/28725/aicss-genai_sycl-graph-record-replay/ggml/src/../include -O3 -DNDEBUG -Xclang -fno-pch-timestamp -Wmissing-declarations -Wmissing-noreturn -Wall -Wextra -Wpedantic -Wcast-qual -Wno-unused-function -MD -MT tools/batched-bench/CMakeFiles/llama-batched-bench.dir/main.cpp.o -MF CMakeFiles/llama-batched-bench.dir/main.cpp.o.d -o CMakeFiles/llama-batched-bench.dir/main.cpp.o -c /home/jianyuzh/ws/llama.cpp/auto_ci/28725/aicss-genai_sycl-graph-record-replay/tools/batched-bench/main.cpp
[ 85%] Linking CXX executable ../../bin/llama-tts
cd /home/jianyuzh/ws/llama.cpp/auto_ci/28725/aicss-genai_sycl-graph-record-replay/build/tools/tts && /usr/bin/cmake -E cmake_link_script CMakeFiles/llama-tts.dir/link.txt --verbose=1
[ 85%] Linking CXX executable ../../bin/llama-batched-bench
cd /home/jianyuzh/ws/llama.cpp/auto_ci/28725/aicss-genai_sycl-graph-record-replay/build/tools/batched-bench && /usr/bin/cmake -E cmake_link_script CMakeFiles/llama-batched-bench.dir/link.txt --verbose=1
/opt/intel/oneapi/compiler/2026.1/bin/icpx -O3 -DNDEBUG -Wl,--dependency-file=CMakeFiles/test-backend-sampler.dir/link.d "CMakeFiles/test-backend-sampler.dir/test-backend-sampler.cpp.o" -o ../bin/test-backend-sampler  -Wl,-rpath,/home/jianyuzh/ws/llama.cpp/auto_ci/28725/aicss-genai_sycl-graph-record-replay/build/bin: ../bin/libllama-common.so.0.4.1 ../common/libllama-common-base.a ../bin/libllama.so.0.4.1 ../bin/libggml.so.0.24.0 ../bin/libggml-cpu.so.0.24.0 ../bin/libggml-sycl.so.0.24.0 ../bin/libggml-base.so.0.24.0
gmake[2]: Leaving directory '/home/jianyuzh/ws/llama.cpp/auto_ci/28725/aicss-genai_sycl-graph-record-replay/build'
[ 85%] Built target test-backend-sampler
[ 86%] Linking CXX executable ../../bin/llama-speculative
cd /home/jianyuzh/ws/llama.cpp/auto_ci/28725/aicss-genai_sycl-graph-record-replay/build/examples/speculative && /usr/bin/cmake -E cmake_link_script CMakeFiles/llama-speculative.dir/link.txt --verbose=1
/opt/intel/oneapi/compiler/2026.1/bin/icpx -O3 -DNDEBUG -Wl,--dependency-file=CMakeFiles/llama-tokenize.dir/link.d "CMakeFiles/llama-tokenize.dir/tokenize.cpp.o" -o ../../bin/llama-tokenize  -Wl,-rpath,/home/jianyuzh/ws/llama.cpp/auto_ci/28725/aicss-genai_sycl-graph-record-replay/build/bin: ../../bin/libllama-common.so.0.4.1 ../../bin/libllama.so.0.4.1 ../../bin/libggml.so.0.24.0 ../../bin/libggml-cpu.so.0.24.0 ../../bin/libggml-sycl.so.0.24.0 ../../bin/libggml-base.so.0.24.0 ../../common/libllama-common-base.a
gmake[2]: Leaving directory '/home/jianyuzh/ws/llama.cpp/auto_ci/28725/aicss-genai_sycl-graph-record-replay/build'
[ 86%] Built target llama-tokenize
[ 86%] Linking CXX executable ../bin/test-chat-analysis
cd /home/jianyuzh/ws/llama.cpp/auto_ci/28725/aicss-genai_sycl-graph-record-replay/build/tests && /usr/bin/cmake -E cmake_link_script CMakeFiles/test-chat-analysis.dir/link.txt --verbose=1
/opt/intel/oneapi/compiler/2026.1/bin/icpx -O3 -DNDEBUG -Wl,--dependency-file=CMakeFiles/llama-tts.dir/link.d "CMakeFiles/llama-tts.dir/tts.cpp.o" -o ../../bin/llama-tts  -Wl,-rpath,/home/jianyuzh/ws/llama.cpp/auto_ci/28725/aicss-genai_sycl-graph-record-replay/build/bin: ../../bin/libllama-common.so.0.4.1 ../../bin/libmtmd.so.0.4.1 ../../common/libllama-common-base.a ../../bin/libllama.so.0.4.1 ../../bin/libggml.so.0.24.0 ../../bin/libggml-cpu.so.0.24.0 ../../bin/libggml-sycl.so.0.24.0 ../../bin/libggml-base.so.0.24.0
gmake[2]: Leaving directory '/home/jianyuzh/ws/llama.cpp/auto_ci/28725/aicss-genai_sycl-graph-record-replay/build'
/opt/intel/oneapi/compiler/2026.1/bin/icpx -O3 -DNDEBUG -Wl,--dependency-file=CMakeFiles/llama-batched-bench.dir/link.d "CMakeFiles/llama-batched-bench.dir/main.cpp.o" -o ../../bin/llama-batched-bench  -Wl,-rpath,/home/jianyuzh/ws/llama.cpp/auto_ci/28725/aicss-genai_sycl-graph-record-replay/build/bin: ../../bin/libllama-batched-bench-impl.so ../../bin/libllama-common.so.0.4.1 ../../common/libllama-common-base.a ../../bin/libllama.so.0.4.1 ../../bin/libggml.so.0.24.0 ../../bin/libggml-cpu.so.0.24.0 ../../bin/libggml-sycl.so.0.24.0 ../../bin/libggml-base.so.0.24.0
gmake[2]: Leaving directory '/home/jianyuzh/ws/llama.cpp/auto_ci/28725/aicss-genai_sycl-graph-record-replay/build'
[ 86%] Built target llama-tts
[ 86%] Built target llama-batched-bench
[ 86%] Linking CXX shared library ../../bin/libllama-fit-params-impl.so
cd /home/jianyuzh/ws/llama.cpp/auto_ci/28725/aicss-genai_sycl-graph-record-replay/build/tools/fit-params && /usr/bin/cmake -E cmake_link_script CMakeFiles/llama-fit-params-impl.dir/link.txt --verbose=1
[ 87%] Linking CXX executable ../../bin/llama-mtmd-debug
cd /home/jianyuzh/ws/llama.cpp/auto_ci/28725/aicss-genai_sycl-graph-record-replay/build/tools/mtmd && /usr/bin/cmake -E cmake_link_script CMakeFiles/llama-mtmd-debug.dir/link.txt --verbose=1
[ 87%] Linking CXX executable ../../bin/llama-results
cd /home/jianyuzh/ws/llama.cpp/auto_ci/28725/aicss-genai_sycl-graph-record-replay/build/tools/results && /usr/bin/cmake -E cmake_link_script CMakeFiles/llama-results.dir/link.txt --verbose=1
/opt/intel/oneapi/compiler/2026.1/bin/icpx -fPIC -O3 -DNDEBUG -shared -Wl,--dependency-file=CMakeFiles/llama-fit-params-impl.dir/link.d -Wl,-soname,libllama-fit-params-impl.so -o ../../bin/libllama-fit-params-impl.so "CMakeFiles/llama-fit-params-impl.dir/fit-params.cpp.o"  -Wl,-rpath,/home/jianyuzh/ws/llama.cpp/auto_ci/28725/aicss-genai_sycl-graph-record-replay/build/bin: ../../bin/libllama-common.so.0.4.1 ../../bin/libllama.so.0.4.1 ../../bin/libggml.so.0.24.0 ../../bin/libggml-cpu.so.0.24.0 ../../bin/libggml-sycl.so.0.24.0 ../../bin/libggml-base.so.0.24.0 ../../common/libllama-common-base.a
gmake[2]: Leaving directory '/home/jianyuzh/ws/llama.cpp/auto_ci/28725/aicss-genai_sycl-graph-record-replay/build'
[ 88%] Linking CXX executable ../../bin/llama-export-lora
[ 88%] Linking CXX executable ../bin/test-chat-template
/opt/intel/oneapi/compiler/2026.1/bin/icpx -O3 -DNDEBUG -Wl,--dependency-file=CMakeFiles/llama-speculative.dir/link.d "CMakeFiles/llama-speculative.dir/speculative.cpp.o" -o ../../bin/llama-speculative  -Wl,-rpath,/home/jianyuzh/ws/llama.cpp/auto_ci/28725/aicss-genai_sycl-graph-record-replay/build/bin: ../../bin/libllama-common.so.0.4.1 ../../bin/libllama.so.0.4.1 ../../bin/libggml.so.0.24.0 ../../bin/libggml-cpu.so.0.24.0 ../../bin/libggml-sycl.so.0.24.0 ../../bin/libggml-base.so.0.24.0 ../../common/libllama-common-base.a
cd /home/jianyuzh/ws/llama.cpp/auto_ci/28725/aicss-genai_sycl-graph-record-replay/build/tests && /usr/bin/cmake -E cmake_link_script CMakeFiles/test-chat-template.dir/link.txt --verbose=1
cd /home/jianyuzh/ws/llama.cpp/auto_ci/28725/aicss-genai_sycl-graph-record-replay/build/tools/export-lora && /usr/bin/cmake -E cmake_link_script CMakeFiles/llama-export-lora.dir/link.txt --verbose=1
[ 88%] Built target llama-fit-params-impl
gmake[2]: Leaving directory '/home/jianyuzh/ws/llama.cpp/auto_ci/28725/aicss-genai_sycl-graph-record-replay/build'
/usr/bin/gmake  -f tools/fit-params/CMakeFiles/llama-fit-params.dir/build.make tools/fit-params/CMakeFiles/llama-fit-params.dir/depend
gmake[2]: Entering directory '/home/jianyuzh/ws/llama.cpp/auto_ci/28725/aicss-genai_sycl-graph-record-replay/build'
cd /home/jianyuzh/ws/llama.cpp/auto_ci/28725/aicss-genai_sycl-graph-record-replay/build && /usr/bin/cmake -E cmake_depends "Unix Makefiles" /home/jianyuzh/ws/llama.cpp/auto_ci/28725/aicss-genai_sycl-graph-record-replay /home/jianyuzh/ws/llama.cpp/auto_ci/28725/aicss-genai_sycl-graph-record-replay/tools/fit-params /home/jianyuzh/ws/llama.cpp/auto_ci/28725/aicss-genai_sycl-graph-record-replay/build /home/jianyuzh/ws/llama.cpp/auto_ci/28725/aicss-genai_sycl-graph-record-replay/build/tools/fit-params /home/jianyuzh/ws/llama.cpp/auto_ci/28725/aicss-genai_sycl-graph-record-replay/build/tools/fit-params/CMakeFiles/llama-fit-params.dir/DependInfo.cmake "--color=" llama-fit-params
[ 88%] Built target llama-speculative
[ 88%] Linking CXX executable ../bin/test-grammar-integration
cd /home/jianyuzh/ws/llama.cpp/auto_ci/28725/aicss-genai_sycl-graph-record-replay/build/tests && /usr/bin/cmake -E cmake_link_script CMakeFiles/test-grammar-integration.dir/link.txt --verbose=1
gmake[2]: Leaving directory '/home/jianyuzh/ws/llama.cpp/auto_ci/28725/aicss-genai_sycl-graph-record-replay/build'
/usr/bin/gmake  -f tools/fit-params/CMakeFiles/llama-fit-params.dir/build.make tools/fit-params/CMakeFiles/llama-fit-params.dir/build
gmake[2]: Entering directory '/home/jianyuzh/ws/llama.cpp/auto_ci/28725/aicss-genai_sycl-graph-record-replay/build'
[ 88%] Building CXX object tools/fit-params/CMakeFiles/llama-fit-params.dir/main.cpp.o
cd /home/jianyuzh/ws/llama.cpp/auto_ci/28725/aicss-genai_sycl-graph-record-replay/build/tools/fit-params && /opt/intel/oneapi/compiler/2026.1/bin/icpx -DGGML_BACKEND_SHARED -DGGML_SHARED -DGGML_USE_CPU -DGGML_USE_SYCL -DLLAMA_SHARED -DLLAMA_SUBPROCESS -I/home/jianyuzh/ws/llama.cpp/auto_ci/28725/aicss-genai_sycl-graph-record-replay/tools/fit-params -I/home/jianyuzh/ws/llama.cpp/auto_ci/28725/aicss-genai_sycl-graph-record-replay/common/. -I/home/jianyuzh/ws/llama.cpp/auto_ci/28725/aicss-genai_sycl-graph-record-replay/vendor/nlohmann/.. -I/home/jianyuzh/ws/llama.cpp/auto_ci/28725/aicss-genai_sycl-graph-record-replay/vendor/sheredom/.. -I/home/jianyuzh/ws/llama.cpp/auto_ci/28725/aicss-genai_sycl-graph-record-replay/src/../include -I/home/jianyuzh/ws/llama.cpp/auto_ci/28725/aicss-genai_sycl-graph-record-replay/ggml/src/../include -O3 -DNDEBUG -Xclang -fno-pch-timestamp -Wmissing-declarations -Wmissing-noreturn -Wall -Wextra -Wpedantic -Wcast-qual -Wno-unused-function -MD -MT tools/fit-params/CMakeFiles/llama-fit-params.dir/main.cpp.o -MF CMakeFiles/llama-fit-params.dir/main.cpp.o.d -o CMakeFiles/llama-fit-params.dir/main.cpp.o -c /home/jianyuzh/ws/llama.cpp/auto_ci/28725/aicss-genai_sycl-graph-record-replay/tools/fit-params/main.cpp
/opt/intel/oneapi/compiler/2026.1/bin/icpx -O3 -DNDEBUG -Wl,--dependency-file=CMakeFiles/test-chat-analysis.dir/link.d "CMakeFiles/test-chat-analysis.dir/test-chat-analysis.cpp.o" -o ../bin/test-chat-analysis  -Wl,-rpath,/home/jianyuzh/ws/llama.cpp/auto_ci/28725/aicss-genai_sycl-graph-record-replay/build/bin: ../bin/libllama-common.so.0.4.1 ../bin/libllama.so.0.4.1 ../bin/libggml.so.0.24.0 ../bin/libggml-cpu.so.0.24.0 ../bin/libggml-sycl.so.0.24.0 ../bin/libggml-base.so.0.24.0 ../common/libllama-common-base.a
gmake[2]: Leaving directory '/home/jianyuzh/ws/llama.cpp/auto_ci/28725/aicss-genai_sycl-graph-record-replay/build'
[ 88%] Built target test-chat-analysis
[ 89%] Linking CXX executable ../../bin/llama-fit-params
cd /home/jianyuzh/ws/llama.cpp/auto_ci/28725/aicss-genai_sycl-graph-record-replay/build/tools/fit-params && /usr/bin/cmake -E cmake_link_script CMakeFiles/llama-fit-params.dir/link.txt --verbose=1
[ 89%] Linking CXX executable ../bin/test-model-resolution
cd /home/jianyuzh/ws/llama.cpp/auto_ci/28725/aicss-genai_sycl-graph-record-replay/build/tests && /usr/bin/cmake -E cmake_link_script CMakeFiles/test-model-resolution.dir/link.txt --verbose=1
[ 89%] Linking CXX executable ../bin/test-quantize-stats
cd /home/jianyuzh/ws/llama.cpp/auto_ci/28725/aicss-genai_sycl-graph-record-replay/build/tests && /usr/bin/cmake -E cmake_link_script CMakeFiles/test-quantize-stats.dir/link.txt --verbose=1
/opt/intel/oneapi/compiler/2026.1/bin/icpx -O3 -DNDEBUG -Wl,--dependency-file=CMakeFiles/llama-results.dir/link.d "CMakeFiles/llama-results.dir/results.cpp.o" -o ../../bin/llama-results  -Wl,-rpath,/home/jianyuzh/ws/llama.cpp/auto_ci/28725/aicss-genai_sycl-graph-record-replay/build/bin: ../../bin/libllama-common.so.0.4.1 ../../bin/libllama.so.0.4.1 ../../bin/libggml.so.0.24.0 ../../bin/libggml-cpu.so.0.24.0 ../../bin/libggml-sycl.so.0.24.0 ../../bin/libggml-base.so.0.24.0 ../../common/libllama-common-base.a
gmake[2]: Leaving directory '/home/jianyuzh/ws/llama.cpp/auto_ci/28725/aicss-genai_sycl-graph-record-replay/build'
[ 89%] Built target llama-results
/opt/intel/oneapi/compiler/2026.1/bin/icpx -O3 -DNDEBUG -Wl,--dependency-file=CMakeFiles/llama-mtmd-debug.dir/link.d "CMakeFiles/llama-mtmd-debug.dir/debug/mtmd-debug.cpp.o" -o ../../bin/llama-mtmd-debug  -Wl,-rpath,/home/jianyuzh/ws/llama.cpp/auto_ci/28725/aicss-genai_sycl-graph-record-replay/build/bin ../../bin/libllama-common.so.0.4.1 ../../bin/libmtmd.so.0.4.1 ../../common/libllama-common-base.a ../../bin/libllama.so.0.4.1 ../../bin/libggml.so.0.24.0 ../../bin/libggml-cpu.so.0.24.0 ../../bin/libggml-sycl.so.0.24.0 ../../bin/libggml-base.so.0.24.0
gmake[2]: Leaving directory '/home/jianyuzh/ws/llama.cpp/auto_ci/28725/aicss-genai_sycl-graph-record-replay/build'
[ 89%] Built target llama-mtmd-debug
[ 89%] Linking CXX shared library ../../bin/libllama-quantize-impl.so
cd /home/jianyuzh/ws/llama.cpp/auto_ci/28725/aicss-genai_sycl-graph-record-replay/build/tools/quantize && /usr/bin/cmake -E cmake_link_script CMakeFiles/llama-quantize-impl.dir/link.txt --verbose=1
/opt/intel/oneapi/compiler/2026.1/bin/icpx -O3 -DNDEBUG -Wl,--dependency-file=CMakeFiles/test-grammar-integration.dir/link.d "CMakeFiles/test-grammar-integration.dir/test-grammar-integration.cpp.o" -o ../bin/test-grammar-integration  -Wl,-rpath,/home/jianyuzh/ws/llama.cpp/auto_ci/28725/aicss-genai_sycl-graph-record-replay/build/bin: ../bin/libllama-common.so.0.4.1 ../common/libllama-common-base.a ../bin/libllama.so.0.4.1 ../bin/libggml.so.0.24.0 ../bin/libggml-cpu.so.0.24.0 ../bin/libggml-sycl.so.0.24.0 ../bin/libggml-base.so.0.24.0
gmake[2]: Leaving directory '/home/jianyuzh/ws/llama.cpp/auto_ci/28725/aicss-genai_sycl-graph-record-replay/build'
[ 89%] Built target test-grammar-integration
/opt/intel/oneapi/compiler/2026.1/bin/icpx -O3 -DNDEBUG -Wl,--dependency-file=CMakeFiles/llama-export-lora.dir/link.d "CMakeFiles/llama-export-lora.dir/export-lora.cpp.o" -o ../../bin/llama-export-lora  -Wl,-rpath,/home/jianyuzh/ws/llama.cpp/auto_ci/28725/aicss-genai_sycl-graph-record-replay/build/bin: ../../bin/libllama-common.so.0.4.1 ../../bin/libllama.so.0.4.1 ../../bin/libggml.so.0.24.0 ../../bin/libggml-cpu.so.0.24.0 ../../bin/libggml-sycl.so.0.24.0 ../../bin/libggml-base.so.0.24.0 ../../common/libllama-common-base.a
/opt/intel/oneapi/compiler/2026.1/bin/icpx -O3 -DNDEBUG -Wl,--dependency-file=CMakeFiles/test-chat-template.dir/link.d "CMakeFiles/test-chat-template.dir/test-chat-template.cpp.o" -o ../bin/test-chat-template  -Wl,-rpath,/home/jianyuzh/ws/llama.cpp/auto_ci/28725/aicss-genai_sycl-graph-record-replay/build/bin: ../bin/libllama-common.so.0.4.1 ../common/libllama-common-base.a ../bin/libllama.so.0.4.1 ../bin/libggml.so.0.24.0 ../bin/libggml-cpu.so.0.24.0 ../bin/libggml-sycl.so.0.24.0 ../bin/libggml-base.so.0.24.0
gmake[2]: Leaving directory '/home/jianyuzh/ws/llama.cpp/auto_ci/28725/aicss-genai_sycl-graph-record-replay/build'
gmake[2]: Leaving directory '/home/jianyuzh/ws/llama.cpp/auto_ci/28725/aicss-genai_sycl-graph-record-replay/build'
[ 89%] Built target llama-export-lora
[ 89%] Built target test-chat-template
/opt/intel/oneapi/compiler/2026.1/bin/icpx -O3 -DNDEBUG -Wl,--dependency-file=CMakeFiles/llama-fit-params.dir/link.d "CMakeFiles/llama-fit-params.dir/main.cpp.o" -o ../../bin/llama-fit-params  -Wl,-rpath,/home/jianyuzh/ws/llama.cpp/auto_ci/28725/aicss-genai_sycl-graph-record-replay/build/bin: ../../bin/libllama-fit-params-impl.so ../../bin/libllama-common.so.0.4.1 ../../common/libllama-common-base.a ../../bin/libllama.so.0.4.1 ../../bin/libggml.so.0.24.0 ../../bin/libggml-cpu.so.0.24.0 ../../bin/libggml-sycl.so.0.24.0 ../../bin/libggml-base.so.0.24.0
gmake[2]: Leaving directory '/home/jianyuzh/ws/llama.cpp/auto_ci/28725/aicss-genai_sycl-graph-record-replay/build'
/opt/intel/oneapi/compiler/2026.1/bin/icpx -O3 -DNDEBUG -Wl,--dependency-file=CMakeFiles/test-model-resolution.dir/link.d "CMakeFiles/test-model-resolution.dir/test-model-resolution.cpp.o" -o ../bin/test-model-resolution  -Wl,-rpath,/home/jianyuzh/ws/llama.cpp/auto_ci/28725/aicss-genai_sycl-graph-record-replay/build/bin: ../bin/libllama-common.so.0.4.1 ../vendor/cpp-httplib/libcpp-httplib.a ../common/libllama-common-base.a ../bin/libllama.so.0.4.1 ../bin/libggml.so.0.24.0 ../bin/libggml-cpu.so.0.24.0 ../bin/libggml-sycl.so.0.24.0 ../bin/libggml-base.so.0.24.0
gmake[2]: Leaving directory '/home/jianyuzh/ws/llama.cpp/auto_ci/28725/aicss-genai_sycl-graph-record-replay/build'
[ 89%] Built target llama-fit-params
[ 89%] Built target test-model-resolution
[ 90%] Linking CXX executable ../../bin/llama-cvector-generator
cd /home/jianyuzh/ws/llama.cpp/auto_ci/28725/aicss-genai_sycl-graph-record-replay/build/tools/cvector-generator && /usr/bin/cmake -E cmake_link_script CMakeFiles/llama-cvector-generator.dir/link.txt --verbose=1
[ 90%] Linking CXX executable ../../bin/llama-debug
[ 90%] Linking CXX executable ../bin/test-json-schema-to-grammar
cd /home/jianyuzh/ws/llama.cpp/auto_ci/28725/aicss-genai_sycl-graph-record-replay/build/examples/debug && /usr/bin/cmake -E cmake_link_script CMakeFiles/llama-debug.dir/link.txt --verbose=1
cd /home/jianyuzh/ws/llama.cpp/auto_ci/28725/aicss-genai_sycl-graph-record-replay/build/tests && /usr/bin/cmake -E cmake_link_script CMakeFiles/test-json-schema-to-grammar.dir/link.txt --verbose=1
/opt/intel/oneapi/compiler/2026.1/bin/icpx -O3 -DNDEBUG -Wl,--dependency-file=CMakeFiles/test-quantize-stats.dir/link.d "CMakeFiles/test-quantize-stats.dir/test-quantize-stats.cpp.o" -o ../bin/test-quantize-stats  -Wl,-rpath,/home/jianyuzh/ws/llama.cpp/auto_ci/28725/aicss-genai_sycl-graph-record-replay/build/bin: ../bin/libllama-common.so.0.4.1 ../bin/libllama.so.0.4.1 ../bin/libggml.so.0.24.0 ../bin/libggml-cpu.so.0.24.0 ../bin/libggml-sycl.so.0.24.0 ../bin/libggml-base.so.0.24.0 ../common/libllama-common-base.a
gmake[2]: Leaving directory '/home/jianyuzh/ws/llama.cpp/auto_ci/28725/aicss-genai_sycl-graph-record-replay/build'
[ 90%] Built target test-quantize-stats
/opt/intel/oneapi/compiler/2026.1/bin/icpx -fPIC -O3 -DNDEBUG -shared -Wl,--dependency-file=CMakeFiles/llama-quantize-impl.dir/link.d -Wl,-soname,libllama-quantize-impl.so -o ../../bin/libllama-quantize-impl.so "CMakeFiles/llama-quantize-impl.dir/quantize.cpp.o"  -Wl,-rpath,/home/jianyuzh/ws/llama.cpp/auto_ci/28725/aicss-genai_sycl-graph-record-replay/build/bin: ../../bin/libllama-common.so.0.4.1 ../../bin/libllama.so.0.4.1 ../../bin/libggml.so.0.24.0 ../../bin/libggml-cpu.so.0.24.0 ../../bin/libggml-sycl.so.0.24.0 ../../bin/libggml-base.so.0.24.0 ../../common/libllama-common-base.a
gmake[2]: Leaving directory '/home/jianyuzh/ws/llama.cpp/auto_ci/28725/aicss-genai_sycl-graph-record-replay/build'
[ 90%] Built target llama-quantize-impl
/usr/bin/gmake  -f tools/quantize/CMakeFiles/llama-quantize.dir/build.make tools/quantize/CMakeFiles/llama-quantize.dir/depend
gmake[2]: Entering directory '/home/jianyuzh/ws/llama.cpp/auto_ci/28725/aicss-genai_sycl-graph-record-replay/build'
cd /home/jianyuzh/ws/llama.cpp/auto_ci/28725/aicss-genai_sycl-graph-record-replay/build && /usr/bin/cmake -E cmake_depends "Unix Makefiles" /home/jianyuzh/ws/llama.cpp/auto_ci/28725/aicss-genai_sycl-graph-record-replay /home/jianyuzh/ws/llama.cpp/auto_ci/28725/aicss-genai_sycl-graph-record-replay/tools/quantize /home/jianyuzh/ws/llama.cpp/auto_ci/28725/aicss-genai_sycl-graph-record-replay/build /home/jianyuzh/ws/llama.cpp/auto_ci/28725/aicss-genai_sycl-graph-record-replay/build/tools/quantize /home/jianyuzh/ws/llama.cpp/auto_ci/28725/aicss-genai_sycl-graph-record-replay/build/tools/quantize/CMakeFiles/llama-quantize.dir/DependInfo.cmake "--color=" llama-quantize
gmake[2]: Leaving directory '/home/jianyuzh/ws/llama.cpp/auto_ci/28725/aicss-genai_sycl-graph-record-replay/build'
/usr/bin/gmake  -f tools/quantize/CMakeFiles/llama-quantize.dir/build.make tools/quantize/CMakeFiles/llama-quantize.dir/build
gmake[2]: Entering directory '/home/jianyuzh/ws/llama.cpp/auto_ci/28725/aicss-genai_sycl-graph-record-replay/build'
[ 91%] Building CXX object tools/quantize/CMakeFiles/llama-quantize.dir/main.cpp.o
cd /home/jianyuzh/ws/llama.cpp/auto_ci/28725/aicss-genai_sycl-graph-record-replay/build/tools/quantize && /opt/intel/oneapi/compiler/2026.1/bin/icpx -DGGML_BACKEND_SHARED -DGGML_SHARED -DGGML_USE_CPU -DGGML_USE_SYCL -DLLAMA_SHARED -DLLAMA_SUBPROCESS -I/home/jianyuzh/ws/llama.cpp/auto_ci/28725/aicss-genai_sycl-graph-record-replay/tools/quantize -I/home/jianyuzh/ws/llama.cpp/auto_ci/28725/aicss-genai_sycl-graph-record-replay/common/. -I/home/jianyuzh/ws/llama.cpp/auto_ci/28725/aicss-genai_sycl-graph-record-replay/vendor/nlohmann/.. -I/home/jianyuzh/ws/llama.cpp/auto_ci/28725/aicss-genai_sycl-graph-record-replay/vendor/sheredom/.. -I/home/jianyuzh/ws/llama.cpp/auto_ci/28725/aicss-genai_sycl-graph-record-replay/src/../include -I/home/jianyuzh/ws/llama.cpp/auto_ci/28725/aicss-genai_sycl-graph-record-replay/ggml/src/../include -O3 -DNDEBUG -Xclang -fno-pch-timestamp -Wmissing-declarations -Wmissing-noreturn -Wall -Wextra -Wpedantic -Wcast-qual -Wno-unused-function -MD -MT tools/quantize/CMakeFiles/llama-quantize.dir/main.cpp.o -MF CMakeFiles/llama-quantize.dir/main.cpp.o.d -o CMakeFiles/llama-quantize.dir/main.cpp.o -c /home/jianyuzh/ws/llama.cpp/auto_ci/28725/aicss-genai_sycl-graph-record-replay/tools/quantize/main.cpp
[ 91%] Linking CXX executable ../../bin/llama-quantize
cd /home/jianyuzh/ws/llama.cpp/auto_ci/28725/aicss-genai_sycl-graph-record-replay/build/tools/quantize && /usr/bin/cmake -E cmake_link_script CMakeFiles/llama-quantize.dir/link.txt --verbose=1
[ 91%] Linking CXX executable ../bin/test-llama-archs
cd /home/jianyuzh/ws/llama.cpp/auto_ci/28725/aicss-genai_sycl-graph-record-replay/build/tests && /usr/bin/cmake -E cmake_link_script CMakeFiles/test-llama-archs.dir/link.txt --verbose=1
[ 91%] Linking CXX executable ../bin/test-mtmd-impl
cd /home/jianyuzh/ws/llama.cpp/auto_ci/28725/aicss-genai_sycl-graph-record-replay/build/tests && /usr/bin/cmake -E cmake_link_script CMakeFiles/test-mtmd-impl.dir/link.txt --verbose=1
/opt/intel/oneapi/compiler/2026.1/bin/icpx -O3 -DNDEBUG -Wl,--dependency-file=CMakeFiles/llama-cvector-generator.dir/link.d "CMakeFiles/llama-cvector-generator.dir/cvector-generator.cpp.o" -o ../../bin/llama-cvector-generator  -Wl,-rpath,/home/jianyuzh/ws/llama.cpp/auto_ci/28725/aicss-genai_sycl-graph-record-replay/build/bin: ../../bin/libllama-common.so.0.4.1 ../../bin/libllama.so.0.4.1 ../../bin/libggml.so.0.24.0 ../../bin/libggml-cpu.so.0.24.0 ../../bin/libggml-sycl.so.0.24.0 ../../bin/libggml-base.so.0.24.0 ../../common/libllama-common-base.a
gmake[2]: Leaving directory '/home/jianyuzh/ws/llama.cpp/auto_ci/28725/aicss-genai_sycl-graph-record-replay/build'
/opt/intel/oneapi/compiler/2026.1/bin/icpx -O3 -DNDEBUG -Wl,--dependency-file=CMakeFiles/llama-debug.dir/link.d "CMakeFiles/llama-debug.dir/debug.cpp.o" -o ../../bin/llama-debug  -Wl,-rpath,/home/jianyuzh/ws/llama.cpp/auto_ci/28725/aicss-genai_sycl-graph-record-replay/build/bin: ../../bin/libllama-common.so.0.4.1 ../../bin/libllama.so.0.4.1 ../../bin/libggml.so.0.24.0 ../../bin/libggml-cpu.so.0.24.0 ../../bin/libggml-sycl.so.0.24.0 ../../bin/libggml-base.so.0.24.0 ../../common/libllama-common-base.a
/opt/intel/oneapi/compiler/2026.1/bin/icpx -O3 -DNDEBUG -Wl,--dependency-file=CMakeFiles/test-json-schema-to-grammar.dir/link.d "CMakeFiles/test-json-schema-to-grammar.dir/test-json-schema-to-grammar.cpp.o" -o ../bin/test-json-schema-to-grammar  -Wl,-rpath,/home/jianyuzh/ws/llama.cpp/auto_ci/28725/aicss-genai_sycl-graph-record-replay/build/bin: ../bin/libllama-common.so.0.4.1 ../common/libllama-common-base.a ../bin/libllama.so.0.4.1 ../bin/libggml.so.0.24.0 ../bin/libggml-cpu.so.0.24.0 ../bin/libggml-sycl.so.0.24.0 ../bin/libggml-base.so.0.24.0
gmake[2]: Leaving directory '/home/jianyuzh/ws/llama.cpp/auto_ci/28725/aicss-genai_sycl-graph-record-replay/build'
gmake[2]: Leaving directory '/home/jianyuzh/ws/llama.cpp/auto_ci/28725/aicss-genai_sycl-graph-record-replay/build'
[ 91%] Built target llama-cvector-generator
[ 91%] Built target test-json-schema-to-grammar
[ 91%] Built target llama-debug
[ 91%] Linking CXX executable ../../bin/llama-mtmd-cli
cd /home/jianyuzh/ws/llama.cpp/auto_ci/28725/aicss-genai_sycl-graph-record-replay/build/tools/mtmd && /usr/bin/cmake -E cmake_link_script CMakeFiles/llama-mtmd-cli.dir/link.txt --verbose=1
[ 91%] Linking CXX executable ../../bin/llama-diffusion-cli
cd /home/jianyuzh/ws/llama.cpp/auto_ci/28725/aicss-genai_sycl-graph-record-replay/build/examples/diffusion && /usr/bin/cmake -E cmake_link_script CMakeFiles/llama-diffusion-cli.dir/link.txt --verbose=1
/opt/intel/oneapi/compiler/2026.1/bin/icpx -O3 -DNDEBUG -Wl,--dependency-file=CMakeFiles/llama-quantize.dir/link.d "CMakeFiles/llama-quantize.dir/main.cpp.o" -o ../../bin/llama-quantize  -Wl,-rpath,/home/jianyuzh/ws/llama.cpp/auto_ci/28725/aicss-genai_sycl-graph-record-replay/build/bin: ../../bin/libllama-quantize-impl.so ../../bin/libllama-common.so.0.4.1 ../../common/libllama-common-base.a ../../bin/libllama.so.0.4.1 ../../bin/libggml.so.0.24.0 ../../bin/libggml-cpu.so.0.24.0 ../../bin/libggml-sycl.so.0.24.0 ../../bin/libggml-base.so.0.24.0
gmake[2]: Leaving directory '/home/jianyuzh/ws/llama.cpp/auto_ci/28725/aicss-genai_sycl-graph-record-replay/build'
[ 91%] Built target llama-quantize
[ 91%] Linking CXX shared library ../../bin/libllama-completion-impl.so
cd /home/jianyuzh/ws/llama.cpp/auto_ci/28725/aicss-genai_sycl-graph-record-replay/build/tools/completion && /usr/bin/cmake -E cmake_link_script CMakeFiles/llama-completion-impl.dir/link.txt --verbose=1
/opt/intel/oneapi/compiler/2026.1/bin/icpx -O3 -DNDEBUG -Wl,--dependency-file=CMakeFiles/test-llama-archs.dir/link.d "CMakeFiles/test-llama-archs.dir/test-llama-archs.cpp.o" -o ../bin/test-llama-archs  -Wl,-rpath,/home/jianyuzh/ws/llama.cpp/auto_ci/28725/aicss-genai_sycl-graph-record-replay/build/bin: ../bin/libllama-common.so.0.4.1 ../bin/libllama.so.0.4.1 ../bin/libggml.so.0.24.0 ../bin/libggml-cpu.so.0.24.0 ../bin/libggml-sycl.so.0.24.0 ../bin/libggml-base.so.0.24.0 ../common/libllama-common-base.a
gmake[2]: Leaving directory '/home/jianyuzh/ws/llama.cpp/auto_ci/28725/aicss-genai_sycl-graph-record-replay/build'
[ 91%] Built target test-llama-archs
/opt/intel/oneapi/compiler/2026.1/bin/icpx -O3 -DNDEBUG -Wl,--dependency-file=CMakeFiles/test-mtmd-impl.dir/link.d "CMakeFiles/test-mtmd-impl.dir/test-mtmd-impl.cpp.o" -o ../bin/test-mtmd-impl  -Wl,-rpath,/home/jianyuzh/ws/llama.cpp/auto_ci/28725/aicss-genai_sycl-graph-record-replay/build/bin: ../bin/libllama-common.so.0.4.1 ../bin/libmtmd.so.0.4.1 ../common/libllama-common-base.a ../bin/libllama.so.0.4.1 ../bin/libggml.so.0.24.0 ../bin/libggml-cpu.so.0.24.0 ../bin/libggml-sycl.so.0.24.0 ../bin/libggml-base.so.0.24.0
gmake[2]: Leaving directory '/home/jianyuzh/ws/llama.cpp/auto_ci/28725/aicss-genai_sycl-graph-record-replay/build'
[ 91%] Built target test-mtmd-impl
/opt/intel/oneapi/compiler/2026.1/bin/icpx -fPIC -O3 -DNDEBUG -shared -Wl,--dependency-file=CMakeFiles/llama-completion-impl.dir/link.d -Wl,-soname,libllama-completion-impl.so -o ../../bin/libllama-completion-impl.so "CMakeFiles/llama-completion-impl.dir/completion.cpp.o"  -Wl,-rpath,/home/jianyuzh/ws/llama.cpp/auto_ci/28725/aicss-genai_sycl-graph-record-replay/build/bin: ../../bin/libllama-common.so.0.4.1 ../../bin/libllama.so.0.4.1 ../../bin/libggml.so.0.24.0 ../../bin/libggml-cpu.so.0.24.0 ../../bin/libggml-sycl.so.0.24.0 ../../bin/libggml-base.so.0.24.0 ../../common/libllama-common-base.a
gmake[2]: Leaving directory '/home/jianyuzh/ws/llama.cpp/auto_ci/28725/aicss-genai_sycl-graph-record-replay/build'
[ 91%] Built target llama-completion-impl
/usr/bin/gmake  -f tools/completion/CMakeFiles/llama-completion.dir/build.make tools/completion/CMakeFiles/llama-completion.dir/depend
gmake[2]: Entering directory '/home/jianyuzh/ws/llama.cpp/auto_ci/28725/aicss-genai_sycl-graph-record-replay/build'
cd /home/jianyuzh/ws/llama.cpp/auto_ci/28725/aicss-genai_sycl-graph-record-replay/build && /usr/bin/cmake -E cmake_depends "Unix Makefiles" /home/jianyuzh/ws/llama.cpp/auto_ci/28725/aicss-genai_sycl-graph-record-replay /home/jianyuzh/ws/llama.cpp/auto_ci/28725/aicss-genai_sycl-graph-record-replay/tools/completion /home/jianyuzh/ws/llama.cpp/auto_ci/28725/aicss-genai_sycl-graph-record-replay/build /home/jianyuzh/ws/llama.cpp/auto_ci/28725/aicss-genai_sycl-graph-record-replay/build/tools/completion /home/jianyuzh/ws/llama.cpp/auto_ci/28725/aicss-genai_sycl-graph-record-replay/build/tools/completion/CMakeFiles/llama-completion.dir/DependInfo.cmake "--color=" llama-completion
gmake[2]: Leaving directory '/home/jianyuzh/ws/llama.cpp/auto_ci/28725/aicss-genai_sycl-graph-record-replay/build'
/usr/bin/gmake  -f tools/completion/CMakeFiles/llama-completion.dir/build.make tools/completion/CMakeFiles/llama-completion.dir/build
gmake[2]: Entering directory '/home/jianyuzh/ws/llama.cpp/auto_ci/28725/aicss-genai_sycl-graph-record-replay/build'
[ 91%] Building CXX object tools/completion/CMakeFiles/llama-completion.dir/main.cpp.o
cd /home/jianyuzh/ws/llama.cpp/auto_ci/28725/aicss-genai_sycl-graph-record-replay/build/tools/completion && /opt/intel/oneapi/compiler/2026.1/bin/icpx -DGGML_BACKEND_SHARED -DGGML_SHARED -DGGML_USE_CPU -DGGML_USE_SYCL -DLLAMA_SHARED -DLLAMA_SUBPROCESS -I/home/jianyuzh/ws/llama.cpp/auto_ci/28725/aicss-genai_sycl-graph-record-replay/tools/completion -I/home/jianyuzh/ws/llama.cpp/auto_ci/28725/aicss-genai_sycl-graph-record-replay/common/. -I/home/jianyuzh/ws/llama.cpp/auto_ci/28725/aicss-genai_sycl-graph-record-replay/vendor/nlohmann/.. -I/home/jianyuzh/ws/llama.cpp/auto_ci/28725/aicss-genai_sycl-graph-record-replay/vendor/sheredom/.. -I/home/jianyuzh/ws/llama.cpp/auto_ci/28725/aicss-genai_sycl-graph-record-replay/src/../include -I/home/jianyuzh/ws/llama.cpp/auto_ci/28725/aicss-genai_sycl-graph-record-replay/ggml/src/../include -O3 -DNDEBUG -Xclang -fno-pch-timestamp -Wmissing-declarations -Wmissing-noreturn -Wall -Wextra -Wpedantic -Wcast-qual -Wno-unused-function -MD -MT tools/completion/CMakeFiles/llama-completion.dir/main.cpp.o -MF CMakeFiles/llama-completion.dir/main.cpp.o.d -o CMakeFiles/llama-completion.dir/main.cpp.o -c /home/jianyuzh/ws/llama.cpp/auto_ci/28725/aicss-genai_sycl-graph-record-replay/tools/completion/main.cpp
[ 91%] Linking CXX executable ../../bin/llama-completion
cd /home/jianyuzh/ws/llama.cpp/auto_ci/28725/aicss-genai_sycl-graph-record-replay/build/tools/completion && /usr/bin/cmake -E cmake_link_script CMakeFiles/llama-completion.dir/link.txt --verbose=1
/opt/intel/oneapi/compiler/2026.1/bin/icpx -O3 -DNDEBUG -Wl,--dependency-file=CMakeFiles/llama-mtmd-cli.dir/link.d "CMakeFiles/llama-mtmd-cli.dir/mtmd-cli.cpp.o" -o ../../bin/llama-mtmd-cli  -Wl,-rpath,/home/jianyuzh/ws/llama.cpp/auto_ci/28725/aicss-genai_sycl-graph-record-replay/build/bin: ../../bin/libllama-common.so.0.4.1 ../../bin/libmtmd.so.0.4.1 ../../common/libllama-common-base.a ../../bin/libllama.so.0.4.1 ../../bin/libggml.so.0.24.0 ../../bin/libggml-cpu.so.0.24.0 ../../bin/libggml-sycl.so.0.24.0 ../../bin/libggml-base.so.0.24.0
gmake[2]: Leaving directory '/home/jianyuzh/ws/llama.cpp/auto_ci/28725/aicss-genai_sycl-graph-record-replay/build'
[ 91%] Built target llama-mtmd-cli
/opt/intel/oneapi/compiler/2026.1/bin/icpx -O3 -DNDEBUG -Wl,--dependency-file=CMakeFiles/llama-diffusion-cli.dir/link.d "CMakeFiles/llama-diffusion-cli.dir/diffusion-cli.cpp.o" -o ../../bin/llama-diffusion-cli  -Wl,-rpath,/home/jianyuzh/ws/llama.cpp/auto_ci/28725/aicss-genai_sycl-graph-record-replay/build/bin: libllama-diffusion.a ../../bin/libllama-common.so.0.4.1 ../../bin/libllama.so.0.4.1 ../../bin/libggml.so.0.24.0 ../../bin/libggml-cpu.so.0.24.0 ../../bin/libggml-sycl.so.0.24.0 ../../bin/libggml-base.so.0.24.0 ../../common/libllama-common-base.a
gmake[2]: Leaving directory '/home/jianyuzh/ws/llama.cpp/auto_ci/28725/aicss-genai_sycl-graph-record-replay/build'
[ 91%] Built target llama-diffusion-cli
/opt/intel/oneapi/compiler/2026.1/bin/icpx -O3 -DNDEBUG -Wl,--dependency-file=CMakeFiles/llama-completion.dir/link.d "CMakeFiles/llama-completion.dir/main.cpp.o" -o ../../bin/llama-completion  -Wl,-rpath,/home/jianyuzh/ws/llama.cpp/auto_ci/28725/aicss-genai_sycl-graph-record-replay/build/bin: ../../bin/libllama-completion-impl.so ../../bin/libllama-common.so.0.4.1 ../../common/libllama-common-base.a ../../bin/libllama.so.0.4.1 ../../bin/libggml.so.0.24.0 ../../bin/libggml-cpu.so.0.24.0 ../../bin/libggml-sycl.so.0.24.0 ../../bin/libggml-base.so.0.24.0
gmake[2]: Leaving directory '/home/jianyuzh/ws/llama.cpp/auto_ci/28725/aicss-genai_sycl-graph-record-replay/build'
[ 91%] Built target llama-completion
[ 91%] Linking CXX shared library ../../bin/libllama-perplexity-impl.so
cd /home/jianyuzh/ws/llama.cpp/auto_ci/28725/aicss-genai_sycl-graph-record-replay/build/tools/perplexity && /usr/bin/cmake -E cmake_link_script CMakeFiles/llama-perplexity-impl.dir/link.txt --verbose=1
/opt/intel/oneapi/compiler/2026.1/bin/icpx -fPIC -O3 -DNDEBUG -shared -Wl,--dependency-file=CMakeFiles/llama-perplexity-impl.dir/link.d -Wl,-soname,libllama-perplexity-impl.so -o ../../bin/libllama-perplexity-impl.so "CMakeFiles/llama-perplexity-impl.dir/perplexity.cpp.o"  -Wl,-rpath,/home/jianyuzh/ws/llama.cpp/auto_ci/28725/aicss-genai_sycl-graph-record-replay/build/bin: ../../bin/libllama-common.so.0.4.1 ../../bin/libllama.so.0.4.1 ../../bin/libggml.so.0.24.0 ../../bin/libggml-cpu.so.0.24.0 ../../bin/libggml-sycl.so.0.24.0 ../../bin/libggml-base.so.0.24.0 ../../common/libllama-common-base.a
gmake[2]: Leaving directory '/home/jianyuzh/ws/llama.cpp/auto_ci/28725/aicss-genai_sycl-graph-record-replay/build'
[ 91%] Built target llama-perplexity-impl
/usr/bin/gmake  -f tools/perplexity/CMakeFiles/llama-perplexity.dir/build.make tools/perplexity/CMakeFiles/llama-perplexity.dir/depend
gmake[2]: Entering directory '/home/jianyuzh/ws/llama.cpp/auto_ci/28725/aicss-genai_sycl-graph-record-replay/build'
cd /home/jianyuzh/ws/llama.cpp/auto_ci/28725/aicss-genai_sycl-graph-record-replay/build && /usr/bin/cmake -E cmake_depends "Unix Makefiles" /home/jianyuzh/ws/llama.cpp/auto_ci/28725/aicss-genai_sycl-graph-record-replay /home/jianyuzh/ws/llama.cpp/auto_ci/28725/aicss-genai_sycl-graph-record-replay/tools/perplexity /home/jianyuzh/ws/llama.cpp/auto_ci/28725/aicss-genai_sycl-graph-record-replay/build /home/jianyuzh/ws/llama.cpp/auto_ci/28725/aicss-genai_sycl-graph-record-replay/build/tools/perplexity /home/jianyuzh/ws/llama.cpp/auto_ci/28725/aicss-genai_sycl-graph-record-replay/build/tools/perplexity/CMakeFiles/llama-perplexity.dir/DependInfo.cmake "--color=" llama-perplexity
gmake[2]: Leaving directory '/home/jianyuzh/ws/llama.cpp/auto_ci/28725/aicss-genai_sycl-graph-record-replay/build'
/usr/bin/gmake  -f tools/perplexity/CMakeFiles/llama-perplexity.dir/build.make tools/perplexity/CMakeFiles/llama-perplexity.dir/build
gmake[2]: Entering directory '/home/jianyuzh/ws/llama.cpp/auto_ci/28725/aicss-genai_sycl-graph-record-replay/build'
[ 91%] Building CXX object tools/perplexity/CMakeFiles/llama-perplexity.dir/main.cpp.o
cd /home/jianyuzh/ws/llama.cpp/auto_ci/28725/aicss-genai_sycl-graph-record-replay/build/tools/perplexity && /opt/intel/oneapi/compiler/2026.1/bin/icpx -DGGML_BACKEND_SHARED -DGGML_SHARED -DGGML_USE_CPU -DGGML_USE_SYCL -DLLAMA_SHARED -DLLAMA_SUBPROCESS -I/home/jianyuzh/ws/llama.cpp/auto_ci/28725/aicss-genai_sycl-graph-record-replay/tools/perplexity -I/home/jianyuzh/ws/llama.cpp/auto_ci/28725/aicss-genai_sycl-graph-record-replay/common/. -I/home/jianyuzh/ws/llama.cpp/auto_ci/28725/aicss-genai_sycl-graph-record-replay/vendor/nlohmann/.. -I/home/jianyuzh/ws/llama.cpp/auto_ci/28725/aicss-genai_sycl-graph-record-replay/vendor/sheredom/.. -I/home/jianyuzh/ws/llama.cpp/auto_ci/28725/aicss-genai_sycl-graph-record-replay/src/../include -I/home/jianyuzh/ws/llama.cpp/auto_ci/28725/aicss-genai_sycl-graph-record-replay/ggml/src/../include -O3 -DNDEBUG -Xclang -fno-pch-timestamp -Wmissing-declarations -Wmissing-noreturn -Wall -Wextra -Wpedantic -Wcast-qual -Wno-unused-function -MD -MT tools/perplexity/CMakeFiles/llama-perplexity.dir/main.cpp.o -MF CMakeFiles/llama-perplexity.dir/main.cpp.o.d -o CMakeFiles/llama-perplexity.dir/main.cpp.o -c /home/jianyuzh/ws/llama.cpp/auto_ci/28725/aicss-genai_sycl-graph-record-replay/tools/perplexity/main.cpp
[ 92%] Linking CXX executable ../../bin/llama-perplexity
cd /home/jianyuzh/ws/llama.cpp/auto_ci/28725/aicss-genai_sycl-graph-record-replay/build/tools/perplexity && /usr/bin/cmake -E cmake_link_script CMakeFiles/llama-perplexity.dir/link.txt --verbose=1
[ 92%] Linking CXX executable ../bin/test-batch-alloc
cd /home/jianyuzh/ws/llama.cpp/auto_ci/28725/aicss-genai_sycl-graph-record-replay/build/tests && /usr/bin/cmake -E cmake_link_script CMakeFiles/test-batch-alloc.dir/link.txt --verbose=1
/opt/intel/oneapi/compiler/2026.1/bin/icpx -O3 -DNDEBUG -Wl,--dependency-file=CMakeFiles/llama-perplexity.dir/link.d "CMakeFiles/llama-perplexity.dir/main.cpp.o" -o ../../bin/llama-perplexity  -Wl,-rpath,/home/jianyuzh/ws/llama.cpp/auto_ci/28725/aicss-genai_sycl-graph-record-replay/build/bin: ../../bin/libllama-perplexity-impl.so ../../bin/libllama-common.so.0.4.1 ../../common/libllama-common-base.a ../../bin/libllama.so.0.4.1 ../../bin/libggml.so.0.24.0 ../../bin/libggml-cpu.so.0.24.0 ../../bin/libggml-sycl.so.0.24.0 ../../bin/libggml-base.so.0.24.0
gmake[2]: Leaving directory '/home/jianyuzh/ws/llama.cpp/auto_ci/28725/aicss-genai_sycl-graph-record-replay/build'
[ 92%] Built target llama-perplexity
/opt/intel/oneapi/compiler/2026.1/bin/icpx -O3 -DNDEBUG -Wl,--dependency-file=CMakeFiles/test-batch-alloc.dir/link.d "CMakeFiles/test-batch-alloc.dir/test-batch-alloc.cpp.o" -o ../bin/test-batch-alloc  -Wl,-rpath,/home/jianyuzh/ws/llama.cpp/auto_ci/28725/aicss-genai_sycl-graph-record-replay/build/bin: ../bin/libllama-common.so.0.4.1 ../common/libllama-common-base.a ../bin/libllama.so.0.4.1 ../bin/libggml.so.0.24.0 ../bin/libggml-cpu.so.0.24.0 ../bin/libggml-sycl.so.0.24.0 ../bin/libggml-base.so.0.24.0
gmake[2]: Leaving directory '/home/jianyuzh/ws/llama.cpp/auto_ci/28725/aicss-genai_sycl-graph-record-replay/build'
[ 92%] Built target test-batch-alloc
[ 92%] Linking CXX executable ../bin/test-json-schema
cd /home/jianyuzh/ws/llama.cpp/auto_ci/28725/aicss-genai_sycl-graph-record-replay/build/tests && /usr/bin/cmake -E cmake_link_script CMakeFiles/test-json-schema.dir/link.txt --verbose=1
/opt/intel/oneapi/compiler/2026.1/bin/icpx -O3 -DNDEBUG -Wl,--dependency-file=CMakeFiles/test-json-schema.dir/link.d "CMakeFiles/test-json-schema.dir/test-json-schema.cpp.o" -o ../bin/test-json-schema  -Wl,-rpath,/home/jianyuzh/ws/llama.cpp/auto_ci/28725/aicss-genai_sycl-graph-record-replay/build/bin: ../bin/libllama-common.so.0.4.1 ../common/libllama-common-base.a ../bin/libllama.so.0.4.1 ../bin/libggml.so.0.24.0 ../bin/libggml-cpu.so.0.24.0 ../bin/libggml-sycl.so.0.24.0 ../bin/libggml-base.so.0.24.0
gmake[2]: Leaving directory '/home/jianyuzh/ws/llama.cpp/auto_ci/28725/aicss-genai_sycl-graph-record-replay/build'
[ 92%] Built target test-json-schema
[ 92%] Linking CXX executable ../../bin/llama-imatrix
cd /home/jianyuzh/ws/llama.cpp/auto_ci/28725/aicss-genai_sycl-graph-record-replay/build/tools/imatrix && /usr/bin/cmake -E cmake_link_script CMakeFiles/llama-imatrix.dir/link.txt --verbose=1
/opt/intel/oneapi/compiler/2026.1/bin/icpx -O3 -DNDEBUG -Wl,--dependency-file=CMakeFiles/llama-imatrix.dir/link.d "CMakeFiles/llama-imatrix.dir/imatrix.cpp.o" -o ../../bin/llama-imatrix  -Wl,-rpath,/home/jianyuzh/ws/llama.cpp/auto_ci/28725/aicss-genai_sycl-graph-record-replay/build/bin: ../../bin/libllama-common.so.0.4.1 ../../bin/libllama.so.0.4.1 ../../bin/libggml.so.0.24.0 ../../bin/libggml-cpu.so.0.24.0 ../../bin/libggml-sycl.so.0.24.0 ../../bin/libggml-base.so.0.24.0 ../../common/libllama-common-base.a
gmake[2]: Leaving directory '/home/jianyuzh/ws/llama.cpp/auto_ci/28725/aicss-genai_sycl-graph-record-replay/build'
[ 92%] Built target llama-imatrix
[ 92%] Linking CXX executable ../bin/test-peg-parser
cd /home/jianyuzh/ws/llama.cpp/auto_ci/28725/aicss-genai_sycl-graph-record-replay/build/tests && /usr/bin/cmake -E cmake_link_script CMakeFiles/test-peg-parser.dir/link.txt --verbose=1
/opt/intel/oneapi/compiler/2026.1/bin/icpx -O3 -DNDEBUG -Wl,--dependency-file=CMakeFiles/test-peg-parser.dir/link.d "CMakeFiles/test-peg-parser.dir/test-peg-parser.cpp.o" "CMakeFiles/test-peg-parser.dir/peg-parser/simple-tokenize.cpp.o" "CMakeFiles/test-peg-parser.dir/peg-parser/test-basic.cpp.o" "CMakeFiles/test-peg-parser.dir/peg-parser/test-gbnf-generation.cpp.o" "CMakeFiles/test-peg-parser.dir/peg-parser/test-json-parser.cpp.o" "CMakeFiles/test-peg-parser.dir/peg-parser/test-json-serialization.cpp.o" "CMakeFiles/test-peg-parser.dir/peg-parser/test-python-dict-parser.cpp.o" "CMakeFiles/test-peg-parser.dir/peg-parser/test-unicode.cpp.o" -o ../bin/test-peg-parser  -Wl,-rpath,/home/jianyuzh/ws/llama.cpp/auto_ci/28725/aicss-genai_sycl-graph-record-replay/build/bin: ../bin/libllama-common.so.0.4.1 ../common/libllama-common-base.a ../bin/libllama.so.0.4.1 ../bin/libggml.so.0.24.0 ../bin/libggml-cpu.so.0.24.0 ../bin/libggml-sycl.so.0.24.0 ../bin/libggml-base.so.0.24.0
gmake[2]: Leaving directory '/home/jianyuzh/ws/llama.cpp/auto_ci/28725/aicss-genai_sycl-graph-record-replay/build'
[ 92%] Built target test-peg-parser
[ 93%] Linking CXX shared library ../../bin/libllama-bench-impl.so
cd /home/jianyuzh/ws/llama.cpp/auto_ci/28725/aicss-genai_sycl-graph-record-replay/build/tools/llama-bench && /usr/bin/cmake -E cmake_link_script CMakeFiles/llama-bench-impl.dir/link.txt --verbose=1
/opt/intel/oneapi/compiler/2026.1/bin/icpx -fPIC -O3 -DNDEBUG -shared -Wl,--dependency-file=CMakeFiles/llama-bench-impl.dir/link.d -Wl,-soname,libllama-bench-impl.so -o ../../bin/libllama-bench-impl.so "CMakeFiles/llama-bench-impl.dir/llama-bench.cpp.o"  -Wl,-rpath,/home/jianyuzh/ws/llama.cpp/auto_ci/28725/aicss-genai_sycl-graph-record-replay/build/bin: ../../bin/libllama-common.so.0.4.1 ../../bin/libllama.so.0.4.1 ../../bin/libggml.so.0.24.0 ../../bin/libggml-cpu.so.0.24.0 ../../bin/libggml-sycl.so.0.24.0 ../../bin/libggml-base.so.0.24.0 ../../common/libllama-common-base.a
gmake[2]: Leaving directory '/home/jianyuzh/ws/llama.cpp/auto_ci/28725/aicss-genai_sycl-graph-record-replay/build'
[ 93%] Built target llama-bench-impl
/usr/bin/gmake  -f tools/llama-bench/CMakeFiles/llama-bench.dir/build.make tools/llama-bench/CMakeFiles/llama-bench.dir/depend
gmake[2]: Entering directory '/home/jianyuzh/ws/llama.cpp/auto_ci/28725/aicss-genai_sycl-graph-record-replay/build'
cd /home/jianyuzh/ws/llama.cpp/auto_ci/28725/aicss-genai_sycl-graph-record-replay/build && /usr/bin/cmake -E cmake_depends "Unix Makefiles" /home/jianyuzh/ws/llama.cpp/auto_ci/28725/aicss-genai_sycl-graph-record-replay /home/jianyuzh/ws/llama.cpp/auto_ci/28725/aicss-genai_sycl-graph-record-replay/tools/llama-bench /home/jianyuzh/ws/llama.cpp/auto_ci/28725/aicss-genai_sycl-graph-record-replay/build /home/jianyuzh/ws/llama.cpp/auto_ci/28725/aicss-genai_sycl-graph-record-replay/build/tools/llama-bench /home/jianyuzh/ws/llama.cpp/auto_ci/28725/aicss-genai_sycl-graph-record-replay/build/tools/llama-bench/CMakeFiles/llama-bench.dir/DependInfo.cmake "--color=" llama-bench
gmake[2]: Leaving directory '/home/jianyuzh/ws/llama.cpp/auto_ci/28725/aicss-genai_sycl-graph-record-replay/build'
/usr/bin/gmake  -f tools/llama-bench/CMakeFiles/llama-bench.dir/build.make tools/llama-bench/CMakeFiles/llama-bench.dir/build
gmake[2]: Entering directory '/home/jianyuzh/ws/llama.cpp/auto_ci/28725/aicss-genai_sycl-graph-record-replay/build'
[ 93%] Building CXX object tools/llama-bench/CMakeFiles/llama-bench.dir/main.cpp.o
cd /home/jianyuzh/ws/llama.cpp/auto_ci/28725/aicss-genai_sycl-graph-record-replay/build/tools/llama-bench && /opt/intel/oneapi/compiler/2026.1/bin/icpx -DGGML_BACKEND_SHARED -DGGML_SHARED -DGGML_USE_CPU -DGGML_USE_SYCL -DLLAMA_SHARED -DLLAMA_SUBPROCESS -I/home/jianyuzh/ws/llama.cpp/auto_ci/28725/aicss-genai_sycl-graph-record-replay/tools/llama-bench -I/home/jianyuzh/ws/llama.cpp/auto_ci/28725/aicss-genai_sycl-graph-record-replay/common/. -I/home/jianyuzh/ws/llama.cpp/auto_ci/28725/aicss-genai_sycl-graph-record-replay/vendor/nlohmann/.. -I/home/jianyuzh/ws/llama.cpp/auto_ci/28725/aicss-genai_sycl-graph-record-replay/vendor/sheredom/.. -I/home/jianyuzh/ws/llama.cpp/auto_ci/28725/aicss-genai_sycl-graph-record-replay/src/../include -I/home/jianyuzh/ws/llama.cpp/auto_ci/28725/aicss-genai_sycl-graph-record-replay/ggml/src/../include -O3 -DNDEBUG -Xclang -fno-pch-timestamp -Wmissing-declarations -Wmissing-noreturn -Wall -Wextra -Wpedantic -Wcast-qual -Wno-unused-function -MD -MT tools/llama-bench/CMakeFiles/llama-bench.dir/main.cpp.o -MF CMakeFiles/llama-bench.dir/main.cpp.o.d -o CMakeFiles/llama-bench.dir/main.cpp.o -c /home/jianyuzh/ws/llama.cpp/auto_ci/28725/aicss-genai_sycl-graph-record-replay/tools/llama-bench/main.cpp
[ 93%] Linking CXX executable ../../bin/llama-bench
cd /home/jianyuzh/ws/llama.cpp/auto_ci/28725/aicss-genai_sycl-graph-record-replay/build/tools/llama-bench && /usr/bin/cmake -E cmake_link_script CMakeFiles/llama-bench.dir/link.txt --verbose=1
[ 93%] Linking CXX executable ../bin/test-chat-peg-parser
cd /home/jianyuzh/ws/llama.cpp/auto_ci/28725/aicss-genai_sycl-graph-record-replay/build/tests && /usr/bin/cmake -E cmake_link_script CMakeFiles/test-chat-peg-parser.dir/link.txt --verbose=1
/opt/intel/oneapi/compiler/2026.1/bin/icpx -O3 -DNDEBUG -Wl,--dependency-file=CMakeFiles/llama-bench.dir/link.d "CMakeFiles/llama-bench.dir/main.cpp.o" -o ../../bin/llama-bench  -Wl,-rpath,/home/jianyuzh/ws/llama.cpp/auto_ci/28725/aicss-genai_sycl-graph-record-replay/build/bin: ../../bin/libllama-bench-impl.so ../../bin/libllama-common.so.0.4.1 ../../common/libllama-common-base.a ../../bin/libllama.so.0.4.1 ../../bin/libggml.so.0.24.0 ../../bin/libggml-cpu.so.0.24.0 ../../bin/libggml-sycl.so.0.24.0 ../../bin/libggml-base.so.0.24.0
gmake[2]: Leaving directory '/home/jianyuzh/ws/llama.cpp/auto_ci/28725/aicss-genai_sycl-graph-record-replay/build'
[ 93%] Built target llama-bench
/opt/intel/oneapi/compiler/2026.1/bin/icpx -O3 -DNDEBUG -Wl,--dependency-file=CMakeFiles/test-chat-peg-parser.dir/link.d "CMakeFiles/test-chat-peg-parser.dir/test-chat-peg-parser.cpp.o" "CMakeFiles/test-chat-peg-parser.dir/peg-parser/simple-tokenize.cpp.o" -o ../bin/test-chat-peg-parser  -Wl,-rpath,/home/jianyuzh/ws/llama.cpp/auto_ci/28725/aicss-genai_sycl-graph-record-replay/build/bin: ../bin/libllama-common.so.0.4.1 ../common/libllama-common-base.a ../bin/libllama.so.0.4.1 ../bin/libggml.so.0.24.0 ../bin/libggml-cpu.so.0.24.0 ../bin/libggml-sycl.so.0.24.0 ../bin/libggml-base.so.0.24.0
gmake[2]: Leaving directory '/home/jianyuzh/ws/llama.cpp/auto_ci/28725/aicss-genai_sycl-graph-record-replay/build'
[ 93%] Built target test-chat-peg-parser
[ 94%] Linking CXX executable ../bin/test-chat-auto-parser
cd /home/jianyuzh/ws/llama.cpp/auto_ci/28725/aicss-genai_sycl-graph-record-replay/build/tests && /usr/bin/cmake -E cmake_link_script CMakeFiles/test-chat-auto-parser.dir/link.txt --verbose=1
/opt/intel/oneapi/compiler/2026.1/bin/icpx -O3 -DNDEBUG -Wl,--dependency-file=CMakeFiles/test-chat-auto-parser.dir/link.d "CMakeFiles/test-chat-auto-parser.dir/test-chat-auto-parser.cpp.o" -o ../bin/test-chat-auto-parser  -Wl,-rpath,/home/jianyuzh/ws/llama.cpp/auto_ci/28725/aicss-genai_sycl-graph-record-replay/build/bin: ../bin/libllama-common.so.0.4.1 ../common/libllama-common-base.a ../bin/libllama.so.0.4.1 ../bin/libggml.so.0.24.0 ../bin/libggml-cpu.so.0.24.0 ../bin/libggml-sycl.so.0.24.0 ../bin/libggml-base.so.0.24.0
gmake[2]: Leaving directory '/home/jianyuzh/ws/llama.cpp/auto_ci/28725/aicss-genai_sycl-graph-record-replay/build'
[ 94%] Built target test-chat-auto-parser
[ 94%] Linking CXX static library libserver-context.a
cd /home/jianyuzh/ws/llama.cpp/auto_ci/28725/aicss-genai_sycl-graph-record-replay/build/tools/server && /usr/bin/cmake -P CMakeFiles/server-context.dir/cmake_clean_target.cmake
cd /home/jianyuzh/ws/llama.cpp/auto_ci/28725/aicss-genai_sycl-graph-record-replay/build/tools/server && /usr/bin/cmake -E cmake_link_script CMakeFiles/server-context.dir/link.txt --verbose=1
/usr/bin/ar qc libserver-context.a "CMakeFiles/server-context.dir/server-chat.cpp.o" "CMakeFiles/server-context.dir/server-task.cpp.o" "CMakeFiles/server-context.dir/server-queue.cpp.o" "CMakeFiles/server-context.dir/server-common.cpp.o" "CMakeFiles/server-context.dir/server-context.cpp.o" "CMakeFiles/server-context.dir/server-stream.cpp.o" "CMakeFiles/server-context.dir/server-tools.cpp.o" "CMakeFiles/server-context.dir/server-mcp.cpp.o" "CMakeFiles/server-context.dir/server-schema.cpp.o"
/usr/bin/ranlib libserver-context.a
gmake[2]: Leaving directory '/home/jianyuzh/ws/llama.cpp/auto_ci/28725/aicss-genai_sycl-graph-record-replay/build'
[ 94%] Built target server-context
/usr/bin/gmake  -f tests/CMakeFiles/test-chat.dir/build.make tests/CMakeFiles/test-chat.dir/depend
/usr/bin/gmake  -f tools/server/CMakeFiles/llama-server-impl.dir/build.make tools/server/CMakeFiles/llama-server-impl.dir/depend
gmake[2]: Entering directory '/home/jianyuzh/ws/llama.cpp/auto_ci/28725/aicss-genai_sycl-graph-record-replay/build'
cd /home/jianyuzh/ws/llama.cpp/auto_ci/28725/aicss-genai_sycl-graph-record-replay/build && /usr/bin/cmake -E cmake_depends "Unix Makefiles" /home/jianyuzh/ws/llama.cpp/auto_ci/28725/aicss-genai_sycl-graph-record-replay /home/jianyuzh/ws/llama.cpp/auto_ci/28725/aicss-genai_sycl-graph-record-replay/tests /home/jianyuzh/ws/llama.cpp/auto_ci/28725/aicss-genai_sycl-graph-record-replay/build /home/jianyuzh/ws/llama.cpp/auto_ci/28725/aicss-genai_sycl-graph-record-replay/build/tests /home/jianyuzh/ws/llama.cpp/auto_ci/28725/aicss-genai_sycl-graph-record-replay/build/tests/CMakeFiles/test-chat.dir/DependInfo.cmake "--color=" test-chat
gmake[2]: Entering directory '/home/jianyuzh/ws/llama.cpp/auto_ci/28725/aicss-genai_sycl-graph-record-replay/build'
cd /home/jianyuzh/ws/llama.cpp/auto_ci/28725/aicss-genai_sycl-graph-record-replay/build && /usr/bin/cmake -E cmake_depends "Unix Makefiles" /home/jianyuzh/ws/llama.cpp/auto_ci/28725/aicss-genai_sycl-graph-record-replay /home/jianyuzh/ws/llama.cpp/auto_ci/28725/aicss-genai_sycl-graph-record-replay/tools/server /home/jianyuzh/ws/llama.cpp/auto_ci/28725/aicss-genai_sycl-graph-record-replay/build /home/jianyuzh/ws/llama.cpp/auto_ci/28725/aicss-genai_sycl-graph-record-replay/build/tools/server /home/jianyuzh/ws/llama.cpp/auto_ci/28725/aicss-genai_sycl-graph-record-replay/build/tools/server/CMakeFiles/llama-server-impl.dir/DependInfo.cmake "--color=" llama-server-impl
gmake[2]: Leaving directory '/home/jianyuzh/ws/llama.cpp/auto_ci/28725/aicss-genai_sycl-graph-record-replay/build'
/usr/bin/gmake  -f tests/CMakeFiles/test-chat.dir/build.make tests/CMakeFiles/test-chat.dir/build
gmake[2]: Entering directory '/home/jianyuzh/ws/llama.cpp/auto_ci/28725/aicss-genai_sycl-graph-record-replay/build'
gmake[2]: Leaving directory '/home/jianyuzh/ws/llama.cpp/auto_ci/28725/aicss-genai_sycl-graph-record-replay/build'
/usr/bin/gmake  -f tools/server/CMakeFiles/llama-server-impl.dir/build.make tools/server/CMakeFiles/llama-server-impl.dir/build
gmake[2]: Entering directory '/home/jianyuzh/ws/llama.cpp/auto_ci/28725/aicss-genai_sycl-graph-record-replay/build'
[ 95%] Building CXX object tests/CMakeFiles/test-chat.dir/test-chat.cpp.o
cd /home/jianyuzh/ws/llama.cpp/auto_ci/28725/aicss-genai_sycl-graph-record-replay/build/tests && /opt/intel/oneapi/compiler/2026.1/bin/icpx -DGGML_BACKEND_SHARED -DGGML_SHARED -DGGML_USE_CPU -DGGML_USE_SYCL -DLLAMA_SHARED -DLLAMA_SUBPROCESS -I/home/jianyuzh/ws/llama.cpp/auto_ci/28725/aicss-genai_sycl-graph-record-replay/tools/server -I/home/jianyuzh/ws/llama.cpp/auto_ci/28725/aicss-genai_sycl-graph-record-replay/common/. -I/home/jianyuzh/ws/llama.cpp/auto_ci/28725/aicss-genai_sycl-graph-record-replay/vendor/nlohmann/.. -I/home/jianyuzh/ws/llama.cpp/auto_ci/28725/aicss-genai_sycl-graph-record-replay/vendor/sheredom/.. -I/home/jianyuzh/ws/llama.cpp/auto_ci/28725/aicss-genai_sycl-graph-record-replay/src/../include -I/home/jianyuzh/ws/llama.cpp/auto_ci/28725/aicss-genai_sycl-graph-record-replay/ggml/src/../include -I/home/jianyuzh/ws/llama.cpp/auto_ci/28725/aicss-genai_sycl-graph-record-replay/tools/mtmd/. -O3 -DNDEBUG -Xclang -fno-pch-timestamp -Wmissing-declarations -Wmissing-noreturn -Wall -Wextra -Wpedantic -Wcast-qual -Wno-unused-function -MD -MT tests/CMakeFiles/test-chat.dir/test-chat.cpp.o -MF CMakeFiles/test-chat.dir/test-chat.cpp.o.d -o CMakeFiles/test-chat.dir/test-chat.cpp.o -c /home/jianyuzh/ws/llama.cpp/auto_ci/28725/aicss-genai_sycl-graph-record-replay/tests/test-chat.cpp
[ 95%] Building CXX object tools/server/CMakeFiles/llama-server-impl.dir/server-http.cpp.o
[ 95%] Building CXX object tools/server/CMakeFiles/llama-server-impl.dir/server-models.cpp.o
[ 95%] Building CXX object tools/server/CMakeFiles/llama-server-impl.dir/server.cpp.o
cd /home/jianyuzh/ws/llama.cpp/auto_ci/28725/aicss-genai_sycl-graph-record-replay/build/tools/server && /opt/intel/oneapi/compiler/2026.1/bin/icpx -DGGML_BACKEND_SHARED -DGGML_SHARED -DGGML_USE_CPU -DGGML_USE_SYCL -DLLAMA_SHARED -DLLAMA_SUBPROCESS -Dllama_server_impl_EXPORTS -I/home/jianyuzh/ws/llama.cpp/auto_ci/28725/aicss-genai_sycl-graph-record-replay/tools/server -I/home/jianyuzh/ws/llama.cpp/auto_ci/28725/aicss-genai_sycl-graph-record-replay/build/tools/server -I/home/jianyuzh/ws/llama.cpp/auto_ci/28725/aicss-genai_sycl-graph-record-replay/tools/server/../mtmd -I/home/jianyuzh/ws/llama.cpp/auto_ci/28725/aicss-genai_sycl-graph-record-replay -I/home/jianyuzh/ws/llama.cpp/auto_ci/28725/aicss-genai_sycl-graph-record-replay/common/. -I/home/jianyuzh/ws/llama.cpp/auto_ci/28725/aicss-genai_sycl-graph-record-replay/vendor/nlohmann/.. -I/home/jianyuzh/ws/llama.cpp/auto_ci/28725/aicss-genai_sycl-graph-record-replay/vendor/sheredom/.. -I/home/jianyuzh/ws/llama.cpp/auto_ci/28725/aicss-genai_sycl-graph-record-replay/src/../include -I/home/jianyuzh/ws/llama.cpp/auto_ci/28725/aicss-genai_sycl-graph-record-replay/ggml/src/../include -I/home/jianyuzh/ws/llama.cpp/auto_ci/28725/aicss-genai_sycl-graph-record-replay/tools/mtmd/. -I/home/jianyuzh/ws/llama.cpp/auto_ci/28725/aicss-genai_sycl-graph-record-replay/build/tools/ui -O3 -DNDEBUG -fPIC -Xclang -fno-pch-timestamp -Wmissing-declarations -Wmissing-noreturn -Wall -Wextra -Wpedantic -Wcast-qual -Wno-unused-function -MD -MT tools/server/CMakeFiles/llama-server-impl.dir/server-http.cpp.o -MF CMakeFiles/llama-server-impl.dir/server-http.cpp.o.d -o CMakeFiles/llama-server-impl.dir/server-http.cpp.o -c /home/jianyuzh/ws/llama.cpp/auto_ci/28725/aicss-genai_sycl-graph-record-replay/tools/server/server-http.cpp
cd /home/jianyuzh/ws/llama.cpp/auto_ci/28725/aicss-genai_sycl-graph-record-replay/build/tools/server && /opt/intel/oneapi/compiler/2026.1/bin/icpx -DGGML_BACKEND_SHARED -DGGML_SHARED -DGGML_USE_CPU -DGGML_USE_SYCL -DLLAMA_SHARED -DLLAMA_SUBPROCESS -Dllama_server_impl_EXPORTS -I/home/jianyuzh/ws/llama.cpp/auto_ci/28725/aicss-genai_sycl-graph-record-replay/tools/server -I/home/jianyuzh/ws/llama.cpp/auto_ci/28725/aicss-genai_sycl-graph-record-replay/build/tools/server -I/home/jianyuzh/ws/llama.cpp/auto_ci/28725/aicss-genai_sycl-graph-record-replay/tools/server/../mtmd -I/home/jianyuzh/ws/llama.cpp/auto_ci/28725/aicss-genai_sycl-graph-record-replay -I/home/jianyuzh/ws/llama.cpp/auto_ci/28725/aicss-genai_sycl-graph-record-replay/common/. -I/home/jianyuzh/ws/llama.cpp/auto_ci/28725/aicss-genai_sycl-graph-record-replay/vendor/nlohmann/.. -I/home/jianyuzh/ws/llama.cpp/auto_ci/28725/aicss-genai_sycl-graph-record-replay/vendor/sheredom/.. -I/home/jianyuzh/ws/llama.cpp/auto_ci/28725/aicss-genai_sycl-graph-record-replay/src/../include -I/home/jianyuzh/ws/llama.cpp/auto_ci/28725/aicss-genai_sycl-graph-record-replay/ggml/src/../include -I/home/jianyuzh/ws/llama.cpp/auto_ci/28725/aicss-genai_sycl-graph-record-replay/tools/mtmd/. -I/home/jianyuzh/ws/llama.cpp/auto_ci/28725/aicss-genai_sycl-graph-record-replay/build/tools/ui -O3 -DNDEBUG -fPIC -Xclang -fno-pch-timestamp -Wmissing-declarations -Wmissing-noreturn -Wall -Wextra -Wpedantic -Wcast-qual -Wno-unused-function -MD -MT tools/server/CMakeFiles/llama-server-impl.dir/server-models.cpp.o -MF CMakeFiles/llama-server-impl.dir/server-models.cpp.o.d -o CMakeFiles/llama-server-impl.dir/server-models.cpp.o -c /home/jianyuzh/ws/llama.cpp/auto_ci/28725/aicss-genai_sycl-graph-record-replay/tools/server/server-models.cpp
cd /home/jianyuzh/ws/llama.cpp/auto_ci/28725/aicss-genai_sycl-graph-record-replay/build/tools/server && /opt/intel/oneapi/compiler/2026.1/bin/icpx -DGGML_BACKEND_SHARED -DGGML_SHARED -DGGML_USE_CPU -DGGML_USE_SYCL -DLLAMA_SHARED -DLLAMA_SUBPROCESS -Dllama_server_impl_EXPORTS -I/home/jianyuzh/ws/llama.cpp/auto_ci/28725/aicss-genai_sycl-graph-record-replay/tools/server -I/home/jianyuzh/ws/llama.cpp/auto_ci/28725/aicss-genai_sycl-graph-record-replay/build/tools/server -I/home/jianyuzh/ws/llama.cpp/auto_ci/28725/aicss-genai_sycl-graph-record-replay/tools/server/../mtmd -I/home/jianyuzh/ws/llama.cpp/auto_ci/28725/aicss-genai_sycl-graph-record-replay -I/home/jianyuzh/ws/llama.cpp/auto_ci/28725/aicss-genai_sycl-graph-record-replay/common/. -I/home/jianyuzh/ws/llama.cpp/auto_ci/28725/aicss-genai_sycl-graph-record-replay/vendor/nlohmann/.. -I/home/jianyuzh/ws/llama.cpp/auto_ci/28725/aicss-genai_sycl-graph-record-replay/vendor/sheredom/.. -I/home/jianyuzh/ws/llama.cpp/auto_ci/28725/aicss-genai_sycl-graph-record-replay/src/../include -I/home/jianyuzh/ws/llama.cpp/auto_ci/28725/aicss-genai_sycl-graph-record-replay/ggml/src/../include -I/home/jianyuzh/ws/llama.cpp/auto_ci/28725/aicss-genai_sycl-graph-record-replay/tools/mtmd/. -I/home/jianyuzh/ws/llama.cpp/auto_ci/28725/aicss-genai_sycl-graph-record-replay/build/tools/ui -O3 -DNDEBUG -fPIC -Xclang -fno-pch-timestamp -Wmissing-declarations -Wmissing-noreturn -Wall -Wextra -Wpedantic -Wcast-qual -Wno-unused-function -MD -MT tools/server/CMakeFiles/llama-server-impl.dir/server.cpp.o -MF CMakeFiles/llama-server-impl.dir/server.cpp.o.d -o CMakeFiles/llama-server-impl.dir/server.cpp.o -c /home/jianyuzh/ws/llama.cpp/auto_ci/28725/aicss-genai_sycl-graph-record-replay/tools/server/server.cpp
[ 96%] Linking CXX executable ../bin/test-jinja
cd /home/jianyuzh/ws/llama.cpp/auto_ci/28725/aicss-genai_sycl-graph-record-replay/build/tests && /usr/bin/cmake -E cmake_link_script CMakeFiles/test-jinja.dir/link.txt --verbose=1
/opt/intel/oneapi/compiler/2026.1/bin/icpx -O3 -DNDEBUG -Wl,--dependency-file=CMakeFiles/test-jinja.dir/link.d "CMakeFiles/test-jinja.dir/test-jinja.cpp.o" -o ../bin/test-jinja  -Wl,-rpath,/home/jianyuzh/ws/llama.cpp/auto_ci/28725/aicss-genai_sycl-graph-record-replay/build/bin: ../bin/libllama-common.so.0.4.1 ../common/libllama-common-base.a ../bin/libllama.so.0.4.1 ../bin/libggml.so.0.24.0 ../bin/libggml-cpu.so.0.24.0 ../bin/libggml-sycl.so.0.24.0 ../bin/libggml-base.so.0.24.0
gmake[2]: Leaving directory '/home/jianyuzh/ws/llama.cpp/auto_ci/28725/aicss-genai_sycl-graph-record-replay/build'
[ 96%] Built target test-jinja
[ 97%] Linking CXX shared library ../../bin/libllama-server-impl.so
cd /home/jianyuzh/ws/llama.cpp/auto_ci/28725/aicss-genai_sycl-graph-record-replay/build/tools/server && /usr/bin/cmake -E cmake_link_script CMakeFiles/llama-server-impl.dir/link.txt --verbose=1
/opt/intel/oneapi/compiler/2026.1/bin/icpx -fPIC -O3 -DNDEBUG -shared -Wl,--dependency-file=CMakeFiles/llama-server-impl.dir/link.d -Wl,-soname,libllama-server-impl.so -o ../../bin/libllama-server-impl.so "CMakeFiles/llama-server-impl.dir/server.cpp.o" "CMakeFiles/llama-server-impl.dir/server-http.cpp.o" "CMakeFiles/llama-server-impl.dir/server-models.cpp.o"  -Wl,-rpath,/home/jianyuzh/ws/llama.cpp/auto_ci/28725/aicss-genai_sycl-graph-record-replay/build/bin: libserver-context.a ../ui/libllama-ui.a ../../vendor/cpp-httplib/libcpp-httplib.a ../../bin/libllama-common.so.0.4.1 ../../common/libllama-common-base.a ../../bin/libmtmd.so.0.4.1 ../../bin/libllama.so.0.4.1 ../../bin/libggml.so.0.24.0 ../../bin/libggml-cpu.so.0.24.0 ../../bin/libggml-sycl.so.0.24.0 ../../bin/libggml-base.so.0.24.0
gmake[2]: Leaving directory '/home/jianyuzh/ws/llama.cpp/auto_ci/28725/aicss-genai_sycl-graph-record-replay/build'
[ 97%] Built target llama-server-impl
/usr/bin/gmake  -f tools/cli/CMakeFiles/llama-cli-impl.dir/build.make tools/cli/CMakeFiles/llama-cli-impl.dir/depend
/usr/bin/gmake  -f tools/server/CMakeFiles/llama-server.dir/build.make tools/server/CMakeFiles/llama-server.dir/depend
gmake[2]: Entering directory '/home/jianyuzh/ws/llama.cpp/auto_ci/28725/aicss-genai_sycl-graph-record-replay/build'
cd /home/jianyuzh/ws/llama.cpp/auto_ci/28725/aicss-genai_sycl-graph-record-replay/build && /usr/bin/cmake -E cmake_depends "Unix Makefiles" /home/jianyuzh/ws/llama.cpp/auto_ci/28725/aicss-genai_sycl-graph-record-replay /home/jianyuzh/ws/llama.cpp/auto_ci/28725/aicss-genai_sycl-graph-record-replay/tools/server /home/jianyuzh/ws/llama.cpp/auto_ci/28725/aicss-genai_sycl-graph-record-replay/build /home/jianyuzh/ws/llama.cpp/auto_ci/28725/aicss-genai_sycl-graph-record-replay/build/tools/server /home/jianyuzh/ws/llama.cpp/auto_ci/28725/aicss-genai_sycl-graph-record-replay/build/tools/server/CMakeFiles/llama-server.dir/DependInfo.cmake "--color=" llama-server
gmake[2]: Entering directory '/home/jianyuzh/ws/llama.cpp/auto_ci/28725/aicss-genai_sycl-graph-record-replay/build'
cd /home/jianyuzh/ws/llama.cpp/auto_ci/28725/aicss-genai_sycl-graph-record-replay/build && /usr/bin/cmake -E cmake_depends "Unix Makefiles" /home/jianyuzh/ws/llama.cpp/auto_ci/28725/aicss-genai_sycl-graph-record-replay /home/jianyuzh/ws/llama.cpp/auto_ci/28725/aicss-genai_sycl-graph-record-replay/tools/cli /home/jianyuzh/ws/llama.cpp/auto_ci/28725/aicss-genai_sycl-graph-record-replay/build /home/jianyuzh/ws/llama.cpp/auto_ci/28725/aicss-genai_sycl-graph-record-replay/build/tools/cli /home/jianyuzh/ws/llama.cpp/auto_ci/28725/aicss-genai_sycl-graph-record-replay/build/tools/cli/CMakeFiles/llama-cli-impl.dir/DependInfo.cmake "--color=" llama-cli-impl
gmake[2]: Leaving directory '/home/jianyuzh/ws/llama.cpp/auto_ci/28725/aicss-genai_sycl-graph-record-replay/build'
/usr/bin/gmake  -f tools/server/CMakeFiles/llama-server.dir/build.make tools/server/CMakeFiles/llama-server.dir/build
gmake[2]: Leaving directory '/home/jianyuzh/ws/llama.cpp/auto_ci/28725/aicss-genai_sycl-graph-record-replay/build'
/usr/bin/gmake  -f tools/cli/CMakeFiles/llama-cli-impl.dir/build.make tools/cli/CMakeFiles/llama-cli-impl.dir/build
gmake[2]: Entering directory '/home/jianyuzh/ws/llama.cpp/auto_ci/28725/aicss-genai_sycl-graph-record-replay/build'
gmake[2]: Entering directory '/home/jianyuzh/ws/llama.cpp/auto_ci/28725/aicss-genai_sycl-graph-record-replay/build'
[ 97%] Building CXX object tools/cli/CMakeFiles/llama-cli-impl.dir/cli.cpp.o
[ 98%] Building CXX object tools/server/CMakeFiles/llama-server.dir/main.cpp.o
cd /home/jianyuzh/ws/llama.cpp/auto_ci/28725/aicss-genai_sycl-graph-record-replay/build/tools/cli && /opt/intel/oneapi/compiler/2026.1/bin/icpx -DGGML_BACKEND_SHARED -DGGML_SHARED -DGGML_USE_CPU -DGGML_USE_SYCL -DLLAMA_SHARED -DLLAMA_SUBPROCESS -Dllama_cli_impl_EXPORTS -I/home/jianyuzh/ws/llama.cpp/auto_ci/28725/aicss-genai_sycl-graph-record-replay/tools/cli -I/home/jianyuzh/ws/llama.cpp/auto_ci/28725/aicss-genai_sycl-graph-record-replay/tools/cli/../server -I/home/jianyuzh/ws/llama.cpp/auto_ci/28725/aicss-genai_sycl-graph-record-replay/tools/server -I/home/jianyuzh/ws/llama.cpp/auto_ci/28725/aicss-genai_sycl-graph-record-replay/common/. -I/home/jianyuzh/ws/llama.cpp/auto_ci/28725/aicss-genai_sycl-graph-record-replay/vendor/nlohmann/.. -I/home/jianyuzh/ws/llama.cpp/auto_ci/28725/aicss-genai_sycl-graph-record-replay/vendor/sheredom/.. -I/home/jianyuzh/ws/llama.cpp/auto_ci/28725/aicss-genai_sycl-graph-record-replay/src/../include -I/home/jianyuzh/ws/llama.cpp/auto_ci/28725/aicss-genai_sycl-graph-record-replay/ggml/src/../include -I/home/jianyuzh/ws/llama.cpp/auto_ci/28725/aicss-genai_sycl-graph-record-replay/tools/mtmd/. -I/home/jianyuzh/ws/llama.cpp/auto_ci/28725/aicss-genai_sycl-graph-record-replay/build/tools/ui -O3 -DNDEBUG -fPIC -Xclang -fno-pch-timestamp -Wmissing-declarations -Wmissing-noreturn -Wall -Wextra -Wpedantic -Wcast-qual -Wno-unused-function -MD -MT tools/cli/CMakeFiles/llama-cli-impl.dir/cli.cpp.o -MF CMakeFiles/llama-cli-impl.dir/cli.cpp.o.d -o CMakeFiles/llama-cli-impl.dir/cli.cpp.o -c /home/jianyuzh/ws/llama.cpp/auto_ci/28725/aicss-genai_sycl-graph-record-replay/tools/cli/cli.cpp
cd /home/jianyuzh/ws/llama.cpp/auto_ci/28725/aicss-genai_sycl-graph-record-replay/build/tools/server && /opt/intel/oneapi/compiler/2026.1/bin/icpx -DGGML_BACKEND_SHARED -DGGML_SHARED -DGGML_USE_CPU -DGGML_USE_SYCL -DLLAMA_SHARED -DLLAMA_SUBPROCESS -I/home/jianyuzh/ws/llama.cpp/auto_ci/28725/aicss-genai_sycl-graph-record-replay/tools/server -I/home/jianyuzh/ws/llama.cpp/auto_ci/28725/aicss-genai_sycl-graph-record-replay/build/tools/server -I/home/jianyuzh/ws/llama.cpp/auto_ci/28725/aicss-genai_sycl-graph-record-replay/common/. -I/home/jianyuzh/ws/llama.cpp/auto_ci/28725/aicss-genai_sycl-graph-record-replay/vendor/nlohmann/.. -I/home/jianyuzh/ws/llama.cpp/auto_ci/28725/aicss-genai_sycl-graph-record-replay/vendor/sheredom/.. -I/home/jianyuzh/ws/llama.cpp/auto_ci/28725/aicss-genai_sycl-graph-record-replay/src/../include -I/home/jianyuzh/ws/llama.cpp/auto_ci/28725/aicss-genai_sycl-graph-record-replay/ggml/src/../include -I/home/jianyuzh/ws/llama.cpp/auto_ci/28725/aicss-genai_sycl-graph-record-replay/tools/mtmd/. -I/home/jianyuzh/ws/llama.cpp/auto_ci/28725/aicss-genai_sycl-graph-record-replay/build/tools/ui -O3 -DNDEBUG -Xclang -fno-pch-timestamp -Wmissing-declarations -Wmissing-noreturn -Wall -Wextra -Wpedantic -Wcast-qual -Wno-unused-function -MD -MT tools/server/CMakeFiles/llama-server.dir/main.cpp.o -MF CMakeFiles/llama-server.dir/main.cpp.o.d -o CMakeFiles/llama-server.dir/main.cpp.o -c /home/jianyuzh/ws/llama.cpp/auto_ci/28725/aicss-genai_sycl-graph-record-replay/tools/server/main.cpp
[ 99%] Building CXX object tools/cli/CMakeFiles/llama-cli-impl.dir/cli-context.cpp.o
cd /home/jianyuzh/ws/llama.cpp/auto_ci/28725/aicss-genai_sycl-graph-record-replay/build/tools/cli && /opt/intel/oneapi/compiler/2026.1/bin/icpx -DGGML_BACKEND_SHARED -DGGML_SHARED -DGGML_USE_CPU -DGGML_USE_SYCL -DLLAMA_SHARED -DLLAMA_SUBPROCESS -Dllama_cli_impl_EXPORTS -I/home/jianyuzh/ws/llama.cpp/auto_ci/28725/aicss-genai_sycl-graph-record-replay/tools/cli -I/home/jianyuzh/ws/llama.cpp/auto_ci/28725/aicss-genai_sycl-graph-record-replay/tools/cli/../server -I/home/jianyuzh/ws/llama.cpp/auto_ci/28725/aicss-genai_sycl-graph-record-replay/tools/server -I/home/jianyuzh/ws/llama.cpp/auto_ci/28725/aicss-genai_sycl-graph-record-replay/common/. -I/home/jianyuzh/ws/llama.cpp/auto_ci/28725/aicss-genai_sycl-graph-record-replay/vendor/nlohmann/.. -I/home/jianyuzh/ws/llama.cpp/auto_ci/28725/aicss-genai_sycl-graph-record-replay/vendor/sheredom/.. -I/home/jianyuzh/ws/llama.cpp/auto_ci/28725/aicss-genai_sycl-graph-record-replay/src/../include -I/home/jianyuzh/ws/llama.cpp/auto_ci/28725/aicss-genai_sycl-graph-record-replay/ggml/src/../include -I/home/jianyuzh/ws/llama.cpp/auto_ci/28725/aicss-genai_sycl-graph-record-replay/tools/mtmd/. -I/home/jianyuzh/ws/llama.cpp/auto_ci/28725/aicss-genai_sycl-graph-record-replay/build/tools/ui -O3 -DNDEBUG -fPIC -Xclang -fno-pch-timestamp -Wmissing-declarations -Wmissing-noreturn -Wall -Wextra -Wpedantic -Wcast-qual -Wno-unused-function -MD -MT tools/cli/CMakeFiles/llama-cli-impl.dir/cli-context.cpp.o -MF CMakeFiles/llama-cli-impl.dir/cli-context.cpp.o.d -o CMakeFiles/llama-cli-impl.dir/cli-context.cpp.o -c /home/jianyuzh/ws/llama.cpp/auto_ci/28725/aicss-genai_sycl-graph-record-replay/tools/cli/cli-context.cpp
[ 99%] Building CXX object tools/cli/CMakeFiles/llama-cli-impl.dir/cli-client.cpp.o
cd /home/jianyuzh/ws/llama.cpp/auto_ci/28725/aicss-genai_sycl-graph-record-replay/build/tools/cli && /opt/intel/oneapi/compiler/2026.1/bin/icpx -DGGML_BACKEND_SHARED -DGGML_SHARED -DGGML_USE_CPU -DGGML_USE_SYCL -DLLAMA_SHARED -DLLAMA_SUBPROCESS -Dllama_cli_impl_EXPORTS -I/home/jianyuzh/ws/llama.cpp/auto_ci/28725/aicss-genai_sycl-graph-record-replay/tools/cli -I/home/jianyuzh/ws/llama.cpp/auto_ci/28725/aicss-genai_sycl-graph-record-replay/tools/cli/../server -I/home/jianyuzh/ws/llama.cpp/auto_ci/28725/aicss-genai_sycl-graph-record-replay/tools/server -I/home/jianyuzh/ws/llama.cpp/auto_ci/28725/aicss-genai_sycl-graph-record-replay/common/. -I/home/jianyuzh/ws/llama.cpp/auto_ci/28725/aicss-genai_sycl-graph-record-replay/vendor/nlohmann/.. -I/home/jianyuzh/ws/llama.cpp/auto_ci/28725/aicss-genai_sycl-graph-record-replay/vendor/sheredom/.. -I/home/jianyuzh/ws/llama.cpp/auto_ci/28725/aicss-genai_sycl-graph-record-replay/src/../include -I/home/jianyuzh/ws/llama.cpp/auto_ci/28725/aicss-genai_sycl-graph-record-replay/ggml/src/../include -I/home/jianyuzh/ws/llama.cpp/auto_ci/28725/aicss-genai_sycl-graph-record-replay/tools/mtmd/. -I/home/jianyuzh/ws/llama.cpp/auto_ci/28725/aicss-genai_sycl-graph-record-replay/build/tools/ui -O3 -DNDEBUG -fPIC -Xclang -fno-pch-timestamp -Wmissing-declarations -Wmissing-noreturn -Wall -Wextra -Wpedantic -Wcast-qual -Wno-unused-function -MD -MT tools/cli/CMakeFiles/llama-cli-impl.dir/cli-client.cpp.o -MF CMakeFiles/llama-cli-impl.dir/cli-client.cpp.o.d -o CMakeFiles/llama-cli-impl.dir/cli-client.cpp.o -c /home/jianyuzh/ws/llama.cpp/auto_ci/28725/aicss-genai_sycl-graph-record-replay/tools/cli/cli-client.cpp
[ 99%] Linking CXX executable ../../bin/llama-server
cd /home/jianyuzh/ws/llama.cpp/auto_ci/28725/aicss-genai_sycl-graph-record-replay/build/tools/server && /usr/bin/cmake -E cmake_link_script CMakeFiles/llama-server.dir/link.txt --verbose=1
/opt/intel/oneapi/compiler/2026.1/bin/icpx -O3 -DNDEBUG -Wl,--dependency-file=CMakeFiles/llama-server.dir/link.d "CMakeFiles/llama-server.dir/main.cpp.o" -o ../../bin/llama-server  -Wl,-rpath,/home/jianyuzh/ws/llama.cpp/auto_ci/28725/aicss-genai_sycl-graph-record-replay/build/bin: ../../bin/libllama-server-impl.so libserver-context.a ../../bin/libllama-common.so.0.4.1 ../../common/libllama-common-base.a ../../bin/libmtmd.so.0.4.1 ../../bin/libllama.so.0.4.1 ../../bin/libggml.so.0.24.0 ../../bin/libggml-cpu.so.0.24.0 ../../bin/libggml-sycl.so.0.24.0 ../../bin/libggml-base.so.0.24.0 ../ui/libllama-ui.a ../../vendor/cpp-httplib/libcpp-httplib.a
gmake[2]: Leaving directory '/home/jianyuzh/ws/llama.cpp/auto_ci/28725/aicss-genai_sycl-graph-record-replay/build'
[ 99%] Built target llama-server
[ 99%] Linking CXX shared library ../../bin/libllama-cli-impl.so
cd /home/jianyuzh/ws/llama.cpp/auto_ci/28725/aicss-genai_sycl-graph-record-replay/build/tools/cli && /usr/bin/cmake -E cmake_link_script CMakeFiles/llama-cli-impl.dir/link.txt --verbose=1
/opt/intel/oneapi/compiler/2026.1/bin/icpx -fPIC -O3 -DNDEBUG -shared -Wl,--dependency-file=CMakeFiles/llama-cli-impl.dir/link.d -Wl,-soname,libllama-cli-impl.so -o ../../bin/libllama-cli-impl.so "CMakeFiles/llama-cli-impl.dir/cli.cpp.o" "CMakeFiles/llama-cli-impl.dir/cli-client.cpp.o" "CMakeFiles/llama-cli-impl.dir/cli-context.cpp.o"  -Wl,-rpath,/home/jianyuzh/ws/llama.cpp/auto_ci/28725/aicss-genai_sycl-graph-record-replay/build/bin: ../../bin/libllama-server-impl.so ../server/libserver-context.a ../../bin/libllama-common.so.0.4.1 ../../common/libllama-common-base.a ../../bin/libmtmd.so.0.4.1 ../../bin/libllama.so.0.4.1 ../../bin/libggml.so.0.24.0 ../../bin/libggml-cpu.so.0.24.0 ../../bin/libggml-sycl.so.0.24.0 ../../bin/libggml-base.so.0.24.0 ../ui/libllama-ui.a ../../vendor/cpp-httplib/libcpp-httplib.a
gmake[2]: Leaving directory '/home/jianyuzh/ws/llama.cpp/auto_ci/28725/aicss-genai_sycl-graph-record-replay/build'
[ 99%] Built target llama-cli-impl
/usr/bin/gmake  -f tools/cli/CMakeFiles/llama-cli.dir/build.make tools/cli/CMakeFiles/llama-cli.dir/depend
/usr/bin/gmake  -f app/CMakeFiles/llama-app.dir/build.make app/CMakeFiles/llama-app.dir/depend
gmake[2]: Entering directory '/home/jianyuzh/ws/llama.cpp/auto_ci/28725/aicss-genai_sycl-graph-record-replay/build'
cd /home/jianyuzh/ws/llama.cpp/auto_ci/28725/aicss-genai_sycl-graph-record-replay/build && /usr/bin/cmake -E cmake_depends "Unix Makefiles" /home/jianyuzh/ws/llama.cpp/auto_ci/28725/aicss-genai_sycl-graph-record-replay /home/jianyuzh/ws/llama.cpp/auto_ci/28725/aicss-genai_sycl-graph-record-replay/tools/cli /home/jianyuzh/ws/llama.cpp/auto_ci/28725/aicss-genai_sycl-graph-record-replay/build /home/jianyuzh/ws/llama.cpp/auto_ci/28725/aicss-genai_sycl-graph-record-replay/build/tools/cli /home/jianyuzh/ws/llama.cpp/auto_ci/28725/aicss-genai_sycl-graph-record-replay/build/tools/cli/CMakeFiles/llama-cli.dir/DependInfo.cmake "--color=" llama-cli
gmake[2]: Entering directory '/home/jianyuzh/ws/llama.cpp/auto_ci/28725/aicss-genai_sycl-graph-record-replay/build'
cd /home/jianyuzh/ws/llama.cpp/auto_ci/28725/aicss-genai_sycl-graph-record-replay/build && /usr/bin/cmake -E cmake_depends "Unix Makefiles" /home/jianyuzh/ws/llama.cpp/auto_ci/28725/aicss-genai_sycl-graph-record-replay /home/jianyuzh/ws/llama.cpp/auto_ci/28725/aicss-genai_sycl-graph-record-replay/app /home/jianyuzh/ws/llama.cpp/auto_ci/28725/aicss-genai_sycl-graph-record-replay/build /home/jianyuzh/ws/llama.cpp/auto_ci/28725/aicss-genai_sycl-graph-record-replay/build/app /home/jianyuzh/ws/llama.cpp/auto_ci/28725/aicss-genai_sycl-graph-record-replay/build/app/CMakeFiles/llama-app.dir/DependInfo.cmake "--color=" llama-app
gmake[2]: Leaving directory '/home/jianyuzh/ws/llama.cpp/auto_ci/28725/aicss-genai_sycl-graph-record-replay/build'
/usr/bin/gmake  -f tools/cli/CMakeFiles/llama-cli.dir/build.make tools/cli/CMakeFiles/llama-cli.dir/build
gmake[2]: Entering directory '/home/jianyuzh/ws/llama.cpp/auto_ci/28725/aicss-genai_sycl-graph-record-replay/build'
gmake[2]: Leaving directory '/home/jianyuzh/ws/llama.cpp/auto_ci/28725/aicss-genai_sycl-graph-record-replay/build'
/usr/bin/gmake  -f app/CMakeFiles/llama-app.dir/build.make app/CMakeFiles/llama-app.dir/build
gmake[2]: Entering directory '/home/jianyuzh/ws/llama.cpp/auto_ci/28725/aicss-genai_sycl-graph-record-replay/build'
[ 99%] Building CXX object tools/cli/CMakeFiles/llama-cli.dir/main.cpp.o
cd /home/jianyuzh/ws/llama.cpp/auto_ci/28725/aicss-genai_sycl-graph-record-replay/build/tools/cli && /opt/intel/oneapi/compiler/2026.1/bin/icpx -DGGML_BACKEND_SHARED -DGGML_SHARED -DGGML_USE_CPU -DGGML_USE_SYCL -DLLAMA_SHARED -DLLAMA_SUBPROCESS -I/home/jianyuzh/ws/llama.cpp/auto_ci/28725/aicss-genai_sycl-graph-record-replay/tools/cli -I/home/jianyuzh/ws/llama.cpp/auto_ci/28725/aicss-genai_sycl-graph-record-replay/tools/cli/../server -I/home/jianyuzh/ws/llama.cpp/auto_ci/28725/aicss-genai_sycl-graph-record-replay/tools/server -I/home/jianyuzh/ws/llama.cpp/auto_ci/28725/aicss-genai_sycl-graph-record-replay/common/. -I/home/jianyuzh/ws/llama.cpp/auto_ci/28725/aicss-genai_sycl-graph-record-replay/vendor/nlohmann/.. -I/home/jianyuzh/ws/llama.cpp/auto_ci/28725/aicss-genai_sycl-graph-record-replay/vendor/sheredom/.. -I/home/jianyuzh/ws/llama.cpp/auto_ci/28725/aicss-genai_sycl-graph-record-replay/src/../include -I/home/jianyuzh/ws/llama.cpp/auto_ci/28725/aicss-genai_sycl-graph-record-replay/ggml/src/../include -I/home/jianyuzh/ws/llama.cpp/auto_ci/28725/aicss-genai_sycl-graph-record-replay/tools/mtmd/. -I/home/jianyuzh/ws/llama.cpp/auto_ci/28725/aicss-genai_sycl-graph-record-replay/build/tools/ui -O3 -DNDEBUG -Xclang -fno-pch-timestamp -Wmissing-declarations -Wmissing-noreturn -Wall -Wextra -Wpedantic -Wcast-qual -Wno-unused-function -MD -MT tools/cli/CMakeFiles/llama-cli.dir/main.cpp.o -MF CMakeFiles/llama-cli.dir/main.cpp.o.d -o CMakeFiles/llama-cli.dir/main.cpp.o -c /home/jianyuzh/ws/llama.cpp/auto_ci/28725/aicss-genai_sycl-graph-record-replay/tools/cli/main.cpp
[ 99%] Building CXX object app/CMakeFiles/llama-app.dir/__/license.cpp.o
[ 99%] Building CXX object app/CMakeFiles/llama-app.dir/llama.cpp.o
[ 99%] Building CXX object app/CMakeFiles/llama-app.dir/download.cpp.o
cd /home/jianyuzh/ws/llama.cpp/auto_ci/28725/aicss-genai_sycl-graph-record-replay/build/app && /opt/intel/oneapi/compiler/2026.1/bin/icpx -DGGML_BACKEND_SHARED -DGGML_SHARED -DGGML_USE_CPU -DGGML_USE_SYCL -DLLAMA_SHARED -DLLAMA_SUBPROCESS -I/home/jianyuzh/ws/llama.cpp/auto_ci/28725/aicss-genai_sycl-graph-record-replay/tools/server -I/home/jianyuzh/ws/llama.cpp/auto_ci/28725/aicss-genai_sycl-graph-record-replay/common/. -I/home/jianyuzh/ws/llama.cpp/auto_ci/28725/aicss-genai_sycl-graph-record-replay/vendor/nlohmann/.. -I/home/jianyuzh/ws/llama.cpp/auto_ci/28725/aicss-genai_sycl-graph-record-replay/vendor/sheredom/.. -I/home/jianyuzh/ws/llama.cpp/auto_ci/28725/aicss-genai_sycl-graph-record-replay/src/../include -I/home/jianyuzh/ws/llama.cpp/auto_ci/28725/aicss-genai_sycl-graph-record-replay/ggml/src/../include -I/home/jianyuzh/ws/llama.cpp/auto_ci/28725/aicss-genai_sycl-graph-record-replay/tools/mtmd/. -I/home/jianyuzh/ws/llama.cpp/auto_ci/28725/aicss-genai_sycl-graph-record-replay/build/tools/ui -I/home/jianyuzh/ws/llama.cpp/auto_ci/28725/aicss-genai_sycl-graph-record-replay/tools/cli -I/home/jianyuzh/ws/llama.cpp/auto_ci/28725/aicss-genai_sycl-graph-record-replay/tools/cli/../server -I/home/jianyuzh/ws/llama.cpp/auto_ci/28725/aicss-genai_sycl-graph-record-replay/tools/completion -I/home/jianyuzh/ws/llama.cpp/auto_ci/28725/aicss-genai_sycl-graph-record-replay/tools/llama-bench -I/home/jianyuzh/ws/llama.cpp/auto_ci/28725/aicss-genai_sycl-graph-record-replay/tools/batched-bench -I/home/jianyuzh/ws/llama.cpp/auto_ci/28725/aicss-genai_sycl-graph-record-replay/tools/fit-params -I/home/jianyuzh/ws/llama.cpp/auto_ci/28725/aicss-genai_sycl-graph-record-replay/tools/quantize -I/home/jianyuzh/ws/llama.cpp/auto_ci/28725/aicss-genai_sycl-graph-record-replay/tools/perplexity -O3 -DNDEBUG -Xclang -fno-pch-timestamp -MD -MT app/CMakeFiles/llama-app.dir/__/license.cpp.o -MF CMakeFiles/llama-app.dir/__/license.cpp.o.d -o CMakeFiles/llama-app.dir/__/license.cpp.o -c /home/jianyuzh/ws/llama.cpp/auto_ci/28725/aicss-genai_sycl-graph-record-replay/build/license.cpp
cd /home/jianyuzh/ws/llama.cpp/auto_ci/28725/aicss-genai_sycl-graph-record-replay/build/app && /opt/intel/oneapi/compiler/2026.1/bin/icpx -DGGML_BACKEND_SHARED -DGGML_SHARED -DGGML_USE_CPU -DGGML_USE_SYCL -DLLAMA_SHARED -DLLAMA_SUBPROCESS -I/home/jianyuzh/ws/llama.cpp/auto_ci/28725/aicss-genai_sycl-graph-record-replay/tools/server -I/home/jianyuzh/ws/llama.cpp/auto_ci/28725/aicss-genai_sycl-graph-record-replay/common/. -I/home/jianyuzh/ws/llama.cpp/auto_ci/28725/aicss-genai_sycl-graph-record-replay/vendor/nlohmann/.. -I/home/jianyuzh/ws/llama.cpp/auto_ci/28725/aicss-genai_sycl-graph-record-replay/vendor/sheredom/.. -I/home/jianyuzh/ws/llama.cpp/auto_ci/28725/aicss-genai_sycl-graph-record-replay/src/../include -I/home/jianyuzh/ws/llama.cpp/auto_ci/28725/aicss-genai_sycl-graph-record-replay/ggml/src/../include -I/home/jianyuzh/ws/llama.cpp/auto_ci/28725/aicss-genai_sycl-graph-record-replay/tools/mtmd/. -I/home/jianyuzh/ws/llama.cpp/auto_ci/28725/aicss-genai_sycl-graph-record-replay/build/tools/ui -I/home/jianyuzh/ws/llama.cpp/auto_ci/28725/aicss-genai_sycl-graph-record-replay/tools/cli -I/home/jianyuzh/ws/llama.cpp/auto_ci/28725/aicss-genai_sycl-graph-record-replay/tools/cli/../server -I/home/jianyuzh/ws/llama.cpp/auto_ci/28725/aicss-genai_sycl-graph-record-replay/tools/completion -I/home/jianyuzh/ws/llama.cpp/auto_ci/28725/aicss-genai_sycl-graph-record-replay/tools/llama-bench -I/home/jianyuzh/ws/llama.cpp/auto_ci/28725/aicss-genai_sycl-graph-record-replay/tools/batched-bench -I/home/jianyuzh/ws/llama.cpp/auto_ci/28725/aicss-genai_sycl-graph-record-replay/tools/fit-params -I/home/jianyuzh/ws/llama.cpp/auto_ci/28725/aicss-genai_sycl-graph-record-replay/tools/quantize -I/home/jianyuzh/ws/llama.cpp/auto_ci/28725/aicss-genai_sycl-graph-record-replay/tools/perplexity -O3 -DNDEBUG -Xclang -fno-pch-timestamp -MD -MT app/CMakeFiles/llama-app.dir/llama.cpp.o -MF CMakeFiles/llama-app.dir/llama.cpp.o.d -o CMakeFiles/llama-app.dir/llama.cpp.o -c /home/jianyuzh/ws/llama.cpp/auto_ci/28725/aicss-genai_sycl-graph-record-replay/app/llama.cpp
cd /home/jianyuzh/ws/llama.cpp/auto_ci/28725/aicss-genai_sycl-graph-record-replay/build/app && /opt/intel/oneapi/compiler/2026.1/bin/icpx -DGGML_BACKEND_SHARED -DGGML_SHARED -DGGML_USE_CPU -DGGML_USE_SYCL -DLLAMA_SHARED -DLLAMA_SUBPROCESS -I/home/jianyuzh/ws/llama.cpp/auto_ci/28725/aicss-genai_sycl-graph-record-replay/tools/server -I/home/jianyuzh/ws/llama.cpp/auto_ci/28725/aicss-genai_sycl-graph-record-replay/common/. -I/home/jianyuzh/ws/llama.cpp/auto_ci/28725/aicss-genai_sycl-graph-record-replay/vendor/nlohmann/.. -I/home/jianyuzh/ws/llama.cpp/auto_ci/28725/aicss-genai_sycl-graph-record-replay/vendor/sheredom/.. -I/home/jianyuzh/ws/llama.cpp/auto_ci/28725/aicss-genai_sycl-graph-record-replay/src/../include -I/home/jianyuzh/ws/llama.cpp/auto_ci/28725/aicss-genai_sycl-graph-record-replay/ggml/src/../include -I/home/jianyuzh/ws/llama.cpp/auto_ci/28725/aicss-genai_sycl-graph-record-replay/tools/mtmd/. -I/home/jianyuzh/ws/llama.cpp/auto_ci/28725/aicss-genai_sycl-graph-record-replay/build/tools/ui -I/home/jianyuzh/ws/llama.cpp/auto_ci/28725/aicss-genai_sycl-graph-record-replay/tools/cli -I/home/jianyuzh/ws/llama.cpp/auto_ci/28725/aicss-genai_sycl-graph-record-replay/tools/cli/../server -I/home/jianyuzh/ws/llama.cpp/auto_ci/28725/aicss-genai_sycl-graph-record-replay/tools/completion -I/home/jianyuzh/ws/llama.cpp/auto_ci/28725/aicss-genai_sycl-graph-record-replay/tools/llama-bench -I/home/jianyuzh/ws/llama.cpp/auto_ci/28725/aicss-genai_sycl-graph-record-replay/tools/batched-bench -I/home/jianyuzh/ws/llama.cpp/auto_ci/28725/aicss-genai_sycl-graph-record-replay/tools/fit-params -I/home/jianyuzh/ws/llama.cpp/auto_ci/28725/aicss-genai_sycl-graph-record-replay/tools/quantize -I/home/jianyuzh/ws/llama.cpp/auto_ci/28725/aicss-genai_sycl-graph-record-replay/tools/perplexity -O3 -DNDEBUG -Xclang -fno-pch-timestamp -MD -MT app/CMakeFiles/llama-app.dir/download.cpp.o -MF CMakeFiles/llama-app.dir/download.cpp.o.d -o CMakeFiles/llama-app.dir/download.cpp.o -c /home/jianyuzh/ws/llama.cpp/auto_ci/28725/aicss-genai_sycl-graph-record-replay/app/download.cpp
[ 99%] Linking CXX executable ../../bin/llama-cli
cd /home/jianyuzh/ws/llama.cpp/auto_ci/28725/aicss-genai_sycl-graph-record-replay/build/tools/cli && /usr/bin/cmake -E cmake_link_script CMakeFiles/llama-cli.dir/link.txt --verbose=1
/opt/intel/oneapi/compiler/2026.1/bin/icpx -O3 -DNDEBUG -Wl,--dependency-file=CMakeFiles/llama-cli.dir/link.d "CMakeFiles/llama-cli.dir/main.cpp.o" -o ../../bin/llama-cli  -Wl,-rpath,/home/jianyuzh/ws/llama.cpp/auto_ci/28725/aicss-genai_sycl-graph-record-replay/build/bin: ../../bin/libllama-cli-impl.so ../../bin/libllama-server-impl.so ../server/libserver-context.a ../../bin/libmtmd.so.0.4.1 ../ui/libllama-ui.a ../../vendor/cpp-httplib/libcpp-httplib.a ../../bin/libllama-common.so.0.4.1 ../../common/libllama-common-base.a ../../bin/libllama.so.0.4.1 ../../bin/libggml.so.0.24.0 ../../bin/libggml-cpu.so.0.24.0 ../../bin/libggml-sycl.so.0.24.0 ../../bin/libggml-base.so.0.24.0
gmake[2]: Leaving directory '/home/jianyuzh/ws/llama.cpp/auto_ci/28725/aicss-genai_sycl-graph-record-replay/build'
[ 99%] Built target llama-cli
[100%] Linking CXX executable ../bin/llama
cd /home/jianyuzh/ws/llama.cpp/auto_ci/28725/aicss-genai_sycl-graph-record-replay/build/app && /usr/bin/cmake -E cmake_link_script CMakeFiles/llama-app.dir/link.txt --verbose=1
[100%] Linking CXX executable ../bin/test-backend-ops
cd /home/jianyuzh/ws/llama.cpp/auto_ci/28725/aicss-genai_sycl-graph-record-replay/build/tests && /usr/bin/cmake -E cmake_link_script CMakeFiles/test-backend-ops.dir/link.txt --verbose=1
/opt/intel/oneapi/compiler/2026.1/bin/icpx -O3 -DNDEBUG -Wl,--dependency-file=CMakeFiles/llama-app.dir/link.d "CMakeFiles/llama-app.dir/llama.cpp.o" "CMakeFiles/llama-app.dir/download.cpp.o" "CMakeFiles/llama-app.dir/__/license.cpp.o" -o ../bin/llama  -Wl,-rpath,/home/jianyuzh/ws/llama.cpp/auto_ci/28725/aicss-genai_sycl-graph-record-replay/build/bin: ../bin/libllama-cli-impl.so ../bin/libllama-completion-impl.so ../bin/libllama-bench-impl.so ../bin/libllama-batched-bench-impl.so ../bin/libllama-fit-params-impl.so ../bin/libllama-quantize-impl.so ../bin/libllama-perplexity-impl.so ../bin/libllama-server-impl.so ../tools/server/libserver-context.a ../bin/libmtmd.so.0.4.1 ../tools/ui/libllama-ui.a ../vendor/cpp-httplib/libcpp-httplib.a ../bin/libllama-common.so.0.4.1 ../common/libllama-common-base.a ../bin/libllama.so.0.4.1 ../bin/libggml.so.0.24.0 ../bin/libggml-cpu.so.0.24.0 ../bin/libggml-sycl.so.0.24.0 ../bin/libggml-base.so.0.24.0
gmake[2]: Leaving directory '/home/jianyuzh/ws/llama.cpp/auto_ci/28725/aicss-genai_sycl-graph-record-replay/build'
[100%] Built target llama-app
/opt/intel/oneapi/compiler/2026.1/bin/icpx -O3 -DNDEBUG -Wl,--dependency-file=CMakeFiles/test-backend-ops.dir/link.d "CMakeFiles/test-backend-ops.dir/test-backend-ops.cpp.o" -o ../bin/test-backend-ops  -Wl,-rpath,/home/jianyuzh/ws/llama.cpp/auto_ci/28725/aicss-genai_sycl-graph-record-replay/build/bin: ../bin/libllama-common.so.0.4.1 ../bin/libllama.so.0.4.1 ../bin/libggml.so.0.24.0 ../bin/libggml-cpu.so.0.24.0 ../bin/libggml-sycl.so.0.24.0 ../bin/libggml-base.so.0.24.0 ../common/libllama-common-base.a
gmake[2]: Leaving directory '/home/jianyuzh/ws/llama.cpp/auto_ci/28725/aicss-genai_sycl-graph-record-replay/build'
[100%] Built target test-backend-ops
[100%] Linking CXX executable ../bin/test-chat
cd /home/jianyuzh/ws/llama.cpp/auto_ci/28725/aicss-genai_sycl-graph-record-replay/build/tests && /usr/bin/cmake -E cmake_link_script CMakeFiles/test-chat.dir/link.txt --verbose=1
/opt/intel/oneapi/compiler/2026.1/bin/icpx -O3 -DNDEBUG -Wl,--dependency-file=CMakeFiles/test-chat.dir/link.d "CMakeFiles/test-chat.dir/test-chat.cpp.o" -o ../bin/test-chat  -Wl,-rpath,/home/jianyuzh/ws/llama.cpp/auto_ci/28725/aicss-genai_sycl-graph-record-replay/build/bin: ../tools/server/libserver-context.a ../bin/libllama-common.so.0.4.1 ../common/libllama-common-base.a ../bin/libmtmd.so.0.4.1 ../bin/libllama.so.0.4.1 ../bin/libggml.so.0.24.0 ../bin/libggml-cpu.so.0.24.0 ../bin/libggml-sycl.so.0.24.0 ../bin/libggml-base.so.0.24.0
gmake[2]: Leaving directory '/home/jianyuzh/ws/llama.cpp/auto_ci/28725/aicss-genai_sycl-graph-record-replay/build'
[100%] Built target test-chat
gmake[1]: Leaving directory '/home/jianyuzh/ws/llama.cpp/auto_ci/28725/aicss-genai_sycl-graph-record-replay/build'
/usr/bin/cmake -E cmake_progress_start /home/jianyuzh/ws/llama.cpp/auto_ci/28725/aicss-genai_sycl-graph-record-replay/build/CMakeFiles 0

